-- phpMyAdmin SQL Dump
-- version 5.2.2
-- https://www.phpmyadmin.net/
--
-- Host: localhost:3306
-- Generation Time: Sep 07, 2025 at 04:38 AM
-- Server version: 10.11.6-MariaDB-cll-lve
-- PHP Version: 8.4.10

SET SQL_MODE = "NO_AUTO_VALUE_ON_ZERO";
START TRANSACTION;
SET time_zone = "+00:00";


/*!40101 SET @OLD_CHARACTER_SET_CLIENT=@@CHARACTER_SET_CLIENT */;
/*!40101 SET @OLD_CHARACTER_SET_RESULTS=@@CHARACTER_SET_RESULTS */;
/*!40101 SET @OLD_COLLATION_CONNECTION=@@COLLATION_CONNECTION */;
/*!40101 SET NAMES utf8mb4 */;

--
-- Database: `edfamgc1_drsoedono`
--

-- --------------------------------------------------------

--
-- Table structure for table `activity_log`
--

CREATE TABLE `activity_log` (
  `log_id` int(11) NOT NULL,
  `user_id` int(11) DEFAULT NULL COMMENT 'ID pengguna yang melakukan aksi, NULL jika oleh sistem.',
  `action_type` varchar(50) NOT NULL COMMENT 'Tipe aksi, e.g., LOGIN, CREATE_USER, UPDATE_INSTRUMENT.',
  `target_type` varchar(50) DEFAULT NULL COMMENT 'Tipe item yang terpengaruh, e.g., user, instrument, label.',
  `target_id` int(11) DEFAULT NULL COMMENT 'ID dari item yang terpengaruh.',
  `details` text DEFAULT NULL COMMENT 'Detail tambahan tentang aksi dalam format teks atau JSON.',
  `ip_address` varchar(45) DEFAULT NULL,
  `log_timestamp` timestamp NOT NULL DEFAULT current_timestamp()
) ENGINE=InnoDB DEFAULT CHARSET=utf8mb4 COLLATE=utf8mb4_general_ci COMMENT='Mencatat semua aktivitas penting dalam sistem.';

--
-- Dumping data for table `activity_log`
--

INSERT INTO `activity_log` (`log_id`, `user_id`, `action_type`, `target_type`, `target_id`, `details`, `ip_address`, `log_timestamp`) VALUES
(433, 1, 'CREATE_DEPARTMENT', NULL, NULL, 'Master data Departemen baru ditambahkan: CSSD', '36.67.108.193', '2025-08-11 02:31:23'),
(434, 1, 'CREATE_MACHINE', NULL, NULL, 'Master data Mesin baru ditambahkan: Autoclave Steam (Kode: AA)', '36.67.108.193', '2025-08-11 02:31:57'),
(435, 1, 'CREATE_MACHINE', NULL, NULL, 'Master data Mesin baru ditambahkan: Plasma (Kode: BB)', '36.67.108.193', '2025-08-11 02:32:15'),
(436, 1, 'CREATE_INSTRUMENT_TYPE', NULL, NULL, 'Master data Tipe Instrumen baru ditambahkan: Tromol Instrument', '36.67.108.193', '2025-08-11 02:34:53'),
(437, 1, 'CREATE_INSTRUMENT_TYPE', NULL, NULL, 'Master data Tipe Instrumen baru ditambahkan: Tromol Instrument Linen', '36.67.108.193', '2025-08-11 02:36:12'),
(438, 1, 'CREATE_INSTRUMENT_TYPE', NULL, NULL, 'Master data Tipe Instrumen baru ditambahkan: Instrument Bungkus', '36.67.108.193', '2025-08-11 02:36:25'),
(439, 1, 'CREATE_INSTRUMENT_TYPE', NULL, NULL, 'Master data Tipe Instrumen baru ditambahkan: Instrument Pouches', '36.67.108.193', '2025-08-11 02:36:58'),
(440, 1, 'CREATE_INSTRUMENT', 'instrument', 102, 'Instrumen baru ditambahkan: \'Pinset\'.', '36.67.108.193', '2025-08-11 02:38:58'),
(441, 1, 'CREATE_INSTRUMENT', 'instrument', 103, 'Instrumen baru ditambahkan: \'ELEPATORIUM\'.', '36.67.108.193', '2025-08-11 02:46:07'),
(442, 1, 'CREATE_INSTRUMENT', 'instrument', 104, 'Instrumen baru ditambahkan: \'BONE CURETTE\'.', '36.67.108.193', '2025-08-11 02:46:26'),
(443, 1, 'CREATE_INSTRUMENT', 'instrument', 105, 'Instrumen baru ditambahkan: \'BONE TANG\'.', '36.67.108.193', '2025-08-11 02:47:14'),
(444, 1, 'CREATE_INSTRUMENT', 'instrument', 106, 'Instrumen baru ditambahkan: \'CANULE SUCTION\'.', '36.67.108.193', '2025-08-11 02:47:36'),
(445, 1, 'CREATE_INSTRUMENT', 'instrument', 107, 'Instrumen baru ditambahkan: \'COBRA\'.', '36.67.108.193', '2025-08-11 02:47:47'),
(446, 1, 'CREATE_INSTRUMENT', 'instrument', 108, 'Instrumen baru ditambahkan: \'CUCING\'.', '36.67.108.193', '2025-08-11 02:47:59'),
(447, 1, 'CREATE_INSTRUMENT', 'instrument', 109, 'Instrumen baru ditambahkan: \'DUK KLEM\'.', '36.67.108.193', '2025-08-11 02:48:16'),
(448, 1, 'CREATE_INSTRUMENT', 'instrument', 110, 'Instrumen baru ditambahkan: \'GUNTING METZEMBUM\'.', '36.67.108.193', '2025-08-11 02:48:39'),
(449, 1, 'CREATE_INSTRUMENT', 'instrument', 111, 'Instrumen baru ditambahkan: \'GUNTING STANDART\'.', '36.67.108.193', '2025-08-11 02:48:59'),
(450, 1, 'CREATE_INSTRUMENT', 'instrument', 112, 'Instrumen baru ditambahkan: \'HAK FEMUR / CLOW HACK\'.', '36.67.108.193', '2025-08-11 02:49:14'),
(451, 1, 'CREATE_INSTRUMENT', 'instrument', 113, 'Instrumen baru ditambahkan: \'HAK LANGENBACK\'.', '36.67.108.193', '2025-08-11 02:49:31'),
(452, 1, 'CREATE_INSTRUMENT', 'instrument', 114, 'Instrumen baru ditambahkan: \'HAK RUNCING – TUMPUL\'.', '36.67.108.193', '2025-08-11 02:49:41'),
(453, 1, 'CREATE_INSTRUMENT', 'instrument', 115, 'Instrumen baru ditambahkan: \'HAK RUNCING GIGI\'.', '36.67.108.193', '2025-08-11 02:49:53'),
(454, 1, 'CREATE_INSTRUMENT', 'instrument', 116, 'Instrumen baru ditambahkan: \'HANDLE MESS NO. 3\'.', '36.67.108.193', '2025-08-11 02:50:06'),
(455, 1, 'CREATE_INSTRUMENT', 'instrument', 117, 'Instrumen baru ditambahkan: \'HANDLE MESS NO. 3 DAN 4\'.', '36.67.108.193', '2025-08-11 02:50:17'),
(456, 1, 'CREATE_INSTRUMENT', 'instrument', 118, 'Instrumen baru ditambahkan: \'INTANDE HAAK\'.', '36.67.108.193', '2025-08-11 02:50:40'),
(457, 1, 'CREATE_INSTRUMENT', 'instrument', 119, 'Instrumen baru ditambahkan: \'KNABLE\'.', '36.67.108.193', '2025-08-11 02:50:54'),
(458, 1, 'CREATE_INSTRUMENT', 'instrument', 120, 'Instrumen baru ditambahkan: \'KOCHER  PANJANG\'.', '36.67.108.193', '2025-08-11 02:51:06'),
(459, 1, 'CREATE_INSTRUMENT', 'instrument', 121, 'Instrumen baru ditambahkan: \'KOCHER PENDEK\'.', '36.67.108.193', '2025-08-11 02:51:18'),
(460, 1, 'CREATE_INSTRUMENT', 'instrument', 122, 'Instrumen baru ditambahkan: \'KROM PANJANG\'.', '36.67.108.193', '2025-08-11 02:51:31'),
(461, 1, 'CREATE_INSTRUMENT', 'instrument', 123, 'Instrumen baru ditambahkan: \'KROM PENDEK\'.', '36.67.108.193', '2025-08-11 02:51:44'),
(462, 1, 'CREATE_INSTRUMENT', 'instrument', 124, 'Instrumen baru ditambahkan: \'MULER\'.', '36.67.108.193', '2025-08-11 02:51:56'),
(463, 1, 'CREATE_INSTRUMENT', 'instrument', 125, 'Instrumen baru ditambahkan: \'NALD VOELDER\'.', '36.67.108.193', '2025-08-11 02:52:07'),
(464, 1, 'CREATE_INSTRUMENT', 'instrument', 126, 'Instrumen baru ditambahkan: \'NAMPAN / BENGKOK\'.', '36.67.108.193', '2025-08-11 02:52:18'),
(465, 1, 'CREATE_INSTRUMENT', 'instrument', 127, 'Instrumen baru ditambahkan: \'PEAN ARTERI KLEM\'.', '36.67.108.193', '2025-08-11 02:52:29'),
(466, 1, 'CREATE_INSTRUMENT', 'instrument', 128, 'Instrumen baru ditambahkan: \'PINZET ANATOMI\'.', '36.67.108.193', '2025-08-11 02:52:39'),
(467, 1, 'CREATE_INSTRUMENT', 'instrument', 129, 'Instrumen baru ditambahkan: \'PINZET CIRURGIE\'.', '36.67.108.193', '2025-08-11 02:52:51'),
(468, 1, 'CREATE_INSTRUMENT', 'instrument', 130, 'Instrumen baru ditambahkan: \'RASPATARIUM\'.', '36.67.108.193', '2025-08-11 02:53:04'),
(469, 1, 'CREATE_INSTRUMENT', 'instrument', 131, 'Instrumen baru ditambahkan: \'REDUCTION  (KREK)\'.', '36.67.108.193', '2025-08-11 02:53:15'),
(470, 1, 'CREATE_INSTRUMENT', 'instrument', 132, 'Instrumen baru ditambahkan: \'REDUCTION  (ULIR)\'.', '36.67.108.193', '2025-08-11 02:53:27'),
(471, 1, 'CREATE_INSTRUMENT', 'instrument', 133, 'Instrumen baru ditambahkan: \'RING TANG/PEAN PANJANG\'.', '36.67.108.193', '2025-08-11 02:53:39'),
(472, 1, 'CREATE_INSTRUMENT', 'instrument', 134, 'Instrumen baru ditambahkan: \'SPEERRER HAAK\'.', '36.67.108.193', '2025-08-11 02:53:52'),
(473, 1, 'CREATE_INSTRUMENT', 'instrument', 135, 'Instrumen baru ditambahkan: \'TREEFORT\'.', '36.67.108.193', '2025-08-11 02:54:03'),
(474, 1, 'CREATE_INSTRUMENT', 'instrument', 136, 'Instrumen baru ditambahkan: \'VERBRUGGE\'.', '36.67.108.193', '2025-08-11 02:54:24'),
(475, 1, 'CREATE_INSTRUMENT', 'instrument', 137, 'Instrumen baru ditambahkan: \'VERBRUGGE KECIL-SDG\'.', '36.67.108.193', '2025-08-11 02:54:35'),
(476, 1, 'CREATE_SET', 'set', 81, 'Set instrumen baru dibuat (langkah 1): \'SET ORTHO BESAR 1 RIGID\' (Kode: SET-80920492).', '36.67.108.193', '2025-08-11 02:57:00'),
(477, 1, 'UPDATE_SET', 'set', 81, 'Data set diperbarui untuk: \'SET ORTHO BESAR 1 RIGID\' (ID: 81).', '36.67.108.193', '2025-08-11 03:03:08'),
(478, 1, 'CREATE_SET', 'set', 82, 'Set instrumen baru dibuat (langkah 1): \'SET ORTHO BESAR 2 LINEN\' (Kode: SET-81556602).', '36.67.108.193', '2025-08-11 03:06:45'),
(479, 1, 'UPDATE_SET', 'set', 82, 'Data set diperbarui untuk: \'SET ORTHO BESAR 2 LINEN\' (ID: 82).', '36.67.108.193', '2025-08-11 03:12:00'),
(480, 1, 'UPDATE_SET', 'set', 82, 'Data set diperbarui untuk: \'SET ORTHO BESAR 2 LINEN\' (ID: 82).', '36.67.108.193', '2025-08-11 03:13:25'),
(481, 1, 'CREATE_INSTRUMENT_TYPE', NULL, NULL, 'Master data Tipe Instrumen baru ditambahkan: Linen', '36.67.108.193', '2025-08-11 03:16:00'),
(482, 1, 'CREATE_INSTRUMENT', 'instrument', 138, 'Instrumen baru ditambahkan: \'Jas Operasi\'.', '36.67.108.193', '2025-08-11 03:16:21'),
(483, 1, 'CREATE_INSTRUMENT', 'instrument', 139, 'Instrumen baru ditambahkan: \'Waslap\'.', '36.67.108.193', '2025-08-11 03:17:50'),
(484, 1, 'CREATE_SET', 'set', 83, 'Set instrumen baru dibuat (langkah 1): \'Set Jas Operasi\' (Kode: SET-82693300).', '36.67.108.193', '2025-08-11 03:25:07'),
(485, 1, 'UPDATE_SET', 'set', 83, 'Data set diperbarui untuk: \'Set Jas Operasi\' (ID: 83).', '36.67.108.193', '2025-08-11 03:25:16'),
(486, 1, 'CREATE_LOAD', 'load', 73, 'Muatan baru dibuat: MUATAN-110825-01', '36.67.108.193', '2025-08-11 03:30:48'),
(487, 1, 'CREATE_CYCLE_FROM_LOAD', NULL, NULL, 'Siklus baru (ID: 53, No: SIKLUS-AA-110825-01) dibuat dan langsung diselesaikan untuk Muatan ID: 73.', '36.67.108.193', '2025-08-11 03:31:28'),
(488, 1, 'GENERATE_LABELS', NULL, NULL, 'Membuat 1 label baru untuk Muatan ID: 73.', '36.67.108.193', '2025-08-11 03:31:32'),
(489, 1, 'EXPORT_LABELS', NULL, NULL, 'Mengekspor data riwayat label ke CSV.', '36.67.108.193', '2025-08-11 03:48:02'),
(490, 1, 'EXPORT_LABELS', NULL, NULL, 'Mengekspor data riwayat label ke CSV.', '36.67.108.193', '2025-08-11 04:28:05'),
(491, 1, 'EXPORT_LABELS', NULL, NULL, 'Mengekspor data riwayat label ke CSV.', '36.67.108.193', '2025-08-11 04:28:23'),
(492, 1, 'EXPORT_LABELS', NULL, NULL, 'Mengekspor data riwayat label ke CSV.', '36.67.108.193', '2025-08-11 04:39:50'),
(493, 1, 'EXPORT_LABELS', NULL, NULL, 'Mengekspor data riwayat label ke CSV.', '36.67.108.193', '2025-08-11 04:42:56'),
(494, 1, 'EXPORT_LABELS', NULL, NULL, 'Mengekspor data riwayat label ke CSV.', '36.67.108.193', '2025-08-11 04:57:28'),
(495, NULL, 'PUBLIC_MARK_USED', 'label', 292, 'Label (UID: 37DFCC5F) ditandai \'Digunakan\' via aksi publik. Catatan: Ratna', '114.125.102.202', '2025-08-11 05:09:45'),
(496, 1, 'EXPORT_LABELS', NULL, NULL, 'Mengekspor data riwayat label ke CSV.', '36.67.108.193', '2025-08-11 05:10:04'),
(497, 1, 'CREATE_LOAD', 'load', 74, 'Muatan baru dibuat: MUATAN-120825-01', '36.67.108.193', '2025-08-12 03:30:57'),
(498, 1, 'DELETE_LOAD', NULL, NULL, 'Muatan dihapus: MUATAN-120825-01 (ID: 74).', '36.67.108.193', '2025-08-12 03:31:16'),
(499, 1, 'CREATE_SET', 'set', 84, 'Set instrumen baru dibuat (langkah 1): \'Set Ortho Besar 1 Rigid\' (Kode: SET-69544338).', '36.67.108.193', '2025-08-12 03:32:38'),
(500, 1, 'CREATE_INSTRUMENT', 'instrument', 140, 'Instrumen baru ditambahkan: \'Set Ortho Besar 1 Rigid\'.', '36.67.108.193', '2025-08-12 03:33:45'),
(501, 1, 'DELETE_INSTRUMENT', 'instrument', 140, 'Instrumen dihapus: \'Set Ortho Besar 1 Rigid\' (ID: 140).', '36.67.108.193', '2025-08-12 03:34:17'),
(502, 1, 'DELETE_SET', 'set', 84, 'Set instrumen dihapus: \'Set Ortho Besar 1 Rigid\' (ID: 84).', '36.67.108.193', '2025-08-12 03:34:31'),
(503, 1, 'CREATE_LOAD', 'load', 75, 'Muatan baru dibuat: MUATAN-120825-01', '36.67.108.193', '2025-08-12 03:36:06'),
(504, 1, 'CREATE_CYCLE_FROM_LOAD', NULL, NULL, 'Siklus baru (ID: 54, No: SIKLUS-AA-120825-01) dibuat dan langsung diselesaikan untuk Muatan ID: 75.', '36.67.108.193', '2025-08-12 03:36:44'),
(505, 1, 'GENERATE_LABELS', NULL, NULL, 'Membuat 1 label baru untuk Muatan ID: 75.', '36.67.108.193', '2025-08-12 03:36:49'),
(506, NULL, 'PUBLIC_MARK_USED', 'label', 293, 'Label (UID: 07DC57E9) ditandai \'Digunakan\' via aksi publik. Catatan: Ilfa , tn sarbani , Roi hunerus', '36.73.208.139', '2025-08-12 03:52:56'),
(507, 1, 'CREATE_SET', 'set', 85, 'Set instrumen baru dibuat (langkah 1): \'Set Bedah Mayor\' (Kode: SET-04005072).', '160.25.242.19', '2025-08-19 11:46:42'),
(508, 1, 'DELETE_SET', 'set', 85, 'Set instrumen dihapus: \'Set Bedah Mayor\' (ID: 85).', '160.25.242.19', '2025-08-19 11:49:42'),
(509, 1, 'EXPORT_LOADS', NULL, NULL, 'Mengekspor data riwayat muatan ke CSV.', '160.25.242.19', '2025-08-19 12:09:22'),
(510, 1, 'CREATE_SET', 'set', 86, 'Set instrumen baru dibuat (langkah 1): \'Set Bedah Mayor\' (Kode: SET-56996753).', '36.67.108.193', '2025-08-20 02:30:08'),
(511, 1, 'UPDATE_SET', 'set', 86, 'Data set diperbarui untuk: \'Set Bedah Mayor\' (ID: 86).', '36.67.108.193', '2025-08-20 02:30:17'),
(512, 1, 'DELETE_SET', 'set', 86, 'Set instrumen dihapus: \'Set Bedah Mayor\' (ID: 86).', '36.67.108.193', '2025-08-20 02:31:27'),
(513, 1, 'CREATE_LOAD', 'load', 76, 'Muatan baru dibuat: MUATAN-200825-01', '36.67.108.193', '2025-08-20 02:36:09'),
(514, 1, 'CREATE_CYCLE_FROM_LOAD', NULL, NULL, 'Siklus baru (ID: 55, No: SIKLUS-AA-200825-01) dibuat dan langsung diselesaikan untuk Muatan ID: 76.', '36.67.108.193', '2025-08-20 02:36:32'),
(515, 1, 'GENERATE_LABELS', NULL, NULL, 'Membuat 1 label baru untuk Muatan ID: 76.', '36.67.108.193', '2025-08-20 02:36:58'),
(516, 1, 'CREATE_LOAD', 'load', 77, 'Muatan baru dibuat: MUATAN-200825-02', '36.67.108.193', '2025-08-20 07:13:11'),
(517, 1, 'CREATE_LOAD', 'load', 78, 'Muatan baru dibuat: MUATAN-200825-03', '36.67.108.193', '2025-08-20 07:14:32'),
(518, 1, 'DELETE_LOAD', NULL, NULL, 'Muatan dihapus: MUATAN-200825-02 (ID: 77).', '36.67.108.193', '2025-08-20 07:15:04'),
(519, 1, 'DELETE_LOAD', NULL, NULL, 'Muatan dihapus: MUATAN-200825-03 (ID: 78).', '36.67.108.193', '2025-08-20 07:15:07'),
(520, 1, 'CREATE_INSTRUMENT_TYPE', NULL, NULL, 'Master data Tipe Instrumen baru ditambahkan: Instrument', '154.18.184.101', '2025-08-21 08:34:23'),
(521, 1, 'CREATE_SET', 'set', 87, 'Set instrumen baru dibuat (langkah 1): \'Set Bedah Anak 1 IBS LT 2\' (Kode: SET-45235430).', '36.67.108.193', '2025-08-22 06:47:53'),
(522, 1, 'UPDATE_SET', 'set', 87, 'Data set diperbarui untuk: \'Set Bedah Anak 1 IBS LT 2\' (ID: 87).', '36.67.108.193', '2025-08-22 06:55:23'),
(523, 1, 'CREATE_SET', 'set', 88, 'Set instrumen baru dibuat (langkah 1): \'Set Bedah Anak 2 IBS LT 2\' (Kode: SET-45859709).', '36.67.108.193', '2025-08-22 06:58:03'),
(524, 1, 'UPDATE_SET', 'set', 88, 'Data set diperbarui untuk: \'Set Bedah Anak 2 IBS LT 2\' (ID: 88).', '36.67.108.193', '2025-08-22 07:06:07'),
(525, 1, 'CREATE_SET', 'set', 89, 'Set instrumen baru dibuat (langkah 1): \'Set Bedah Anak 3\' (Kode: SET-46487387).', '36.67.108.193', '2025-08-22 07:08:54'),
(526, 1, 'UPDATE_SET', 'set', 89, 'Data set diperbarui untuk: \'Set Bedah Anak 3\' (ID: 89).', '36.67.108.193', '2025-08-22 07:15:51'),
(527, 1, 'EXPORT_LABELS', NULL, NULL, 'Mengekspor data riwayat label ke CSV.', '101.128.90.62', '2025-08-23 08:53:48'),
(528, 1, 'EXPORT_LABELS', NULL, NULL, 'Mengekspor data riwayat label ke CSV.', '114.10.4.131', '2025-08-23 08:55:28'),
(529, 1, 'CREATE_DEPARTMENT', NULL, NULL, 'Master data Departemen baru ditambahkan: IBS LANTAI 2', '36.67.108.193', '2025-08-25 01:42:43'),
(530, 1, 'CREATE_LOAD', 'load', 79, 'Muatan baru dibuat: MUATAN-250825-01', '36.67.108.193', '2025-08-25 01:43:25'),
(531, 1, 'CREATE_CYCLE_FROM_LOAD', NULL, NULL, 'Siklus baru (ID: 56, No: SIKLUS-AA-250825-01) dibuat dan langsung diselesaikan untuk Muatan ID: 79.', '36.67.108.193', '2025-08-25 01:43:39'),
(532, 1, 'GENERATE_LABELS', NULL, NULL, 'Membuat 1 label baru untuk Muatan ID: 79.', '36.67.108.193', '2025-08-25 01:44:10'),
(533, 1, 'EXPORT_LABELS', NULL, NULL, 'Mengekspor data riwayat label ke CSV.', '36.67.108.193', '2025-08-25 01:45:51'),
(534, 1, 'EXPORT_LABELS', NULL, NULL, 'Mengekspor data riwayat label ke CSV.', '36.67.108.193', '2025-08-25 01:46:13'),
(535, 1, 'EXPORT_LABELS', NULL, NULL, 'Mengekspor data riwayat label ke CSV.', '114.10.150.227', '2025-08-25 01:50:48'),
(536, 1, 'EXPORT_LABELS', NULL, NULL, 'Mengekspor data riwayat label ke CSV.', '114.10.150.227', '2025-08-25 02:02:39'),
(537, 1, 'EXPORT_LABELS', NULL, NULL, 'Mengekspor data riwayat label ke CSV.', '36.67.108.193', '2025-08-25 02:23:45'),
(538, 1, 'CREATE_LOAD', 'load', 80, 'Muatan baru dibuat: MUATAN-250825-02', '36.67.108.193', '2025-08-25 02:36:06'),
(539, 1, 'EXPORT_LABELS', NULL, NULL, 'Mengekspor data riwayat label ke CSV.', '36.67.108.193', '2025-08-25 02:36:52'),
(540, 1, 'CREATE_LOAD', 'load', 81, 'Muatan baru dibuat: MUATAN-250825-03', '36.67.108.193', '2025-08-25 02:44:51'),
(541, 1, 'CREATE_CYCLE_FROM_LOAD', NULL, NULL, 'Siklus baru (ID: 57, No: SIKLUS-AA-250825-02) dibuat dan langsung diselesaikan untuk Muatan ID: 81.', '36.67.108.193', '2025-08-25 02:45:22'),
(542, 1, 'GENERATE_LABELS', NULL, NULL, 'Membuat 1 label baru untuk Muatan ID: 81.', '36.67.108.193', '2025-08-25 02:45:25'),
(543, 1, 'EXPORT_LABELS', NULL, NULL, 'Mengekspor data riwayat label ke CSV.', '36.67.108.193', '2025-08-25 02:47:47'),
(544, NULL, 'PUBLIC_RECALL_LABEL', 'label', 296, 'Label (UID: 52B48ECA) ditandai \'Recalled\' via aksi publik. Alasan: Retur, kadaluarsa', '182.6.82.44', '2025-08-25 03:03:36'),
(545, 1, 'EXPORT_LABELS', NULL, NULL, 'Mengekspor data riwayat label ke CSV.', '36.67.108.193', '2025-08-25 03:04:04'),
(546, 1, 'CREATE_LOAD', 'load', 82, 'Muatan baru dibuat: MUATAN-250825-04', '36.67.108.193', '2025-08-25 03:06:43'),
(547, 1, 'CREATE_LOAD', 'load', 83, 'Muatan baru dibuat: MUATAN-250825-05', '36.67.108.193', '2025-08-25 03:41:40'),
(548, 1, 'CREATE_SET', 'set', 90, 'Set instrumen baru dibuat (langkah 1): \'Set Bedah Anak 3 IBS LT 2\' (Kode: SET-07196757).', '36.67.108.193', '2025-08-25 07:33:38'),
(549, 1, 'UPDATE_SET', 'set', 90, 'Data set diperbarui untuk: \'Set Bedah Anak 3 IBS LT 2\' (ID: 90).', '36.67.108.193', '2025-08-25 07:39:16'),
(550, 1, 'DELETE_SET', 'set', 90, 'Set instrumen dihapus: \'Set Bedah Anak 3 IBS LT 2\' (ID: 90).', '36.67.108.193', '2025-08-25 07:41:05'),
(551, 1, 'UPDATE_SET', 'set', 89, 'Data set diperbarui untuk: \'Set Bedah Anak 3 IBS LT 2\' (ID: 89).', '36.67.108.193', '2025-08-25 07:41:22'),
(552, 1, 'CREATE_SET', 'set', 91, 'Set instrumen baru dibuat (langkah 1): \'Set Obgyn 5 IBS LT 2\' (Kode: SET-07967903).', '36.67.108.193', '2025-08-25 07:47:28'),
(553, 1, 'CREATE_INSTRUMENT', 'instrument', 2541, 'Instrumen baru ditambahkan: \'BEB COCK\'.', '36.67.108.193', '2025-08-25 07:50:58'),
(554, 1, 'UPDATE_SET', 'set', 91, 'Data set diperbarui untuk: \'Set Obgyn 5 IBS LT 2\' (ID: 91).', '36.67.108.193', '2025-08-25 07:56:39'),
(555, 1, 'UPDATE_SET', 'set', 91, 'Data set diperbarui untuk: \'Set Obgyn 5 IBS LT 2\' (ID: 91).', '36.67.108.193', '2025-08-25 07:58:03'),
(556, 1, 'CREATE_SET', 'set', 92, 'Set instrumen baru dibuat (langkah 1): \'Set Obgyn 8 IBS LT 2\' (Kode: SET-08755435).', '36.67.108.193', '2025-08-25 07:59:29'),
(557, 1, 'UPDATE_SET', 'set', 92, 'Data set diperbarui untuk: \'Set Obgyn 8 IBS LT 2\' (ID: 92).', '36.67.108.193', '2025-08-25 08:05:16'),
(558, 1, 'UPDATE_SET', 'set', 92, 'Data set diperbarui untuk: \'Set Obgyn 8 IBS LT 2\' (ID: 92).', '36.67.108.193', '2025-08-25 08:06:23'),
(559, 1, 'CREATE_SET', 'set', 93, 'Set instrumen baru dibuat (langkah 1): \'Set Obgyn 2 IBS LT 2\' (Kode: SET-09195353).', '36.67.108.193', '2025-08-25 08:18:39'),
(560, 1, 'UPDATE_SET', 'set', 93, 'Data set diperbarui untuk: \'Set Obgyn 2 IBS LT 2\' (ID: 93).', '36.67.108.193', '2025-08-25 08:34:36'),
(561, 1, 'CREATE_LOAD', 'load', 84, 'Muatan baru dibuat: MUATAN-250825-06', '103.148.200.241', '2025-08-25 11:22:20'),
(562, 1, 'CREATE_SET', 'set', 94, 'Set instrumen baru dibuat (langkah 1): \'Set Obgyn 1/SC 1 IBS LT2\' (Kode: SET-74676871).', '36.67.108.193', '2025-08-26 02:18:24'),
(563, 1, 'UPDATE_SET', 'set', 94, 'Data set diperbarui untuk: \'Set Obgyn 1/SC 1 IBS LT2\' (ID: 94).', '36.67.108.193', '2025-08-26 02:24:10'),
(564, 1, 'CREATE_SET', 'set', 95, 'Set instrumen baru dibuat (langkah 1): \'Set Ortho Besar 1 IBS LT 2\' (Kode: SET-75500191).', '36.67.108.193', '2025-08-26 02:32:14'),
(565, 1, 'UPDATE_SET', 'set', 95, 'Data set diperbarui untuk: \'Set Ortho Besar 1 IBS LT 2\' (ID: 95).', '36.67.108.193', '2025-08-26 02:38:11'),
(566, 1, 'CREATE_SET', 'set', 96, 'Set instrumen baru dibuat (langkah 1): \'Set Ortho Besar 2 IBS LT 2\' (Kode: SET-75994563).', '36.67.108.193', '2025-08-26 02:50:13'),
(567, 1, 'UPDATE_SET', 'set', 96, 'Data set diperbarui untuk: \'Set Ortho Besar 2 IBS LT 2\' (ID: 96).', '36.67.108.193', '2025-08-26 02:55:25'),
(568, 1, 'UPDATE_SET', 'set', 96, 'Data set diperbarui untuk: \'Set Ortho Besar 2 IBS LT 2\' (ID: 96).', '36.67.108.193', '2025-08-26 03:20:54'),
(569, 1, 'UPDATE_SET', 'set', 96, 'Data set diperbarui untuk: \'Set Ortho Besar 2 IBS LT 2\' (ID: 96).', '36.67.108.193', '2025-08-26 03:22:28'),
(570, 1, 'UPDATE_SET', 'set', 96, 'Data set diperbarui untuk: \'Set Ortho Besar 2 IBS LT 2\' (ID: 96).', '36.67.108.193', '2025-08-26 03:23:32'),
(571, 1, 'CREATE_SET', 'set', 97, 'Set instrumen baru dibuat (langkah 1): \'Set Ortho Kecil 3 IBS LT 2\' (Kode: SET-78703278).', '36.67.108.193', '2025-08-26 03:25:44'),
(572, 1, 'UPDATE_SET', 'set', 97, 'Data set diperbarui untuk: \'Set Ortho Kecil 3 IBS LT 2\' (ID: 97).', '36.67.108.193', '2025-08-26 03:30:55'),
(573, 1, 'CREATE_SET', 'set', 98, 'Set instrumen baru dibuat (langkah 1): \'Set Ortho Kecil 1 IBS LT 2\' (Kode: SET-79178623).', '36.67.108.193', '2025-08-26 03:33:29'),
(574, 1, 'UPDATE_SET', 'set', 98, 'Data set diperbarui untuk: \'Set Ortho Kecil 1 IBS LT 2\' (ID: 98).', '36.67.108.193', '2025-08-26 03:41:18'),
(575, 1, 'UPDATE_SET', 'set', 98, 'Data set diperbarui untuk: \'Set Ortho Kecil 1 IBS LT 2\' (ID: 98).', '36.67.108.193', '2025-08-26 03:51:07'),
(576, 1, 'CREATE_SET', 'set', 99, 'Set instrumen baru dibuat (langkah 1): \'Set Ortho Kecil 2 IBS LT 2\' (Kode: SET-80420068).', '36.67.108.193', '2025-08-26 03:54:07'),
(577, 1, 'UPDATE_SET', 'set', 99, 'Data set diperbarui untuk: \'Set Ortho Kecil 2 IBS LT 2\' (ID: 99).', '36.67.108.193', '2025-08-26 04:03:55'),
(578, 1, 'CREATE_SET', 'set', 100, 'Set instrumen baru dibuat (langkah 1): \'Trepanasi 1 IBS LT 2\' (Kode: SET-81120664).', '36.67.108.193', '2025-08-26 04:05:36'),
(579, 1, 'UPDATE_SET', 'set', 100, 'Data set diperbarui untuk: \'Trepanasi 1 IBS LT 2\' (ID: 100).', '36.67.108.193', '2025-08-26 04:29:09'),
(580, 1, 'CREATE_INSTRUMENT', 'instrument', 2542, 'Instrumen baru ditambahkan: \'HANDLE MESS NO.4\'.', '36.67.108.193', '2025-08-26 04:33:04'),
(581, 1, 'CREATE_INSTRUMENT', 'instrument', 2543, 'Instrumen baru ditambahkan: \'ELEPATOR\'.', '36.67.108.193', '2025-08-26 04:33:26'),
(582, 1, 'CREATE_INSTRUMENT', 'instrument', 2544, 'Instrumen baru ditambahkan: \'HANDLE GIGLI\'.', '36.67.108.193', '2025-08-26 04:34:50'),
(583, 1, 'UPDATE_SET', 'set', 100, 'Data set diperbarui untuk: \'Trepanasi 1 IBS LT 2\' (ID: 100).', '36.67.108.193', '2025-08-26 04:36:17'),
(584, 1, 'CREATE_INSTRUMENT', 'instrument', 2545, 'Instrumen baru ditambahkan: \'SPIRER HAK\'.', '36.67.108.193', '2025-08-26 04:36:54'),
(585, 1, 'UPDATE_SET', 'set', 100, 'Data set diperbarui untuk: \'Trepanasi 1 IBS LT 2\' (ID: 100).', '36.67.108.193', '2025-08-26 04:37:20'),
(586, 1, 'UPDATE_SET', 'set', 100, 'Data set diperbarui untuk: \'Trepanasi 1 IBS LT 2\' (ID: 100).', '36.67.108.193', '2025-08-26 05:58:27'),
(587, 1, 'CREATE_SET', 'set', 101, 'Set instrumen baru dibuat (langkah 1): \'Trepanasi 2 IBS LT 2\' (Kode: SET-89862637).', '36.67.108.193', '2025-08-26 06:31:18'),
(588, 1, 'UPDATE_SET', 'set', 101, 'Data set diperbarui untuk: \'Trepanasi 2 IBS LT 2\' (ID: 101).', '36.67.108.193', '2025-08-26 06:54:37'),
(589, 1, 'CREATE_INSTRUMENT', 'instrument', 2546, 'Instrumen baru ditambahkan: \'JARUM DANDY\'.', '36.67.108.193', '2025-08-26 06:55:03'),
(590, 1, 'UPDATE_SET', 'set', 101, 'Data set diperbarui untuk: \'Trepanasi 2 IBS LT 2\' (ID: 101).', '36.67.108.193', '2025-08-26 06:55:25'),
(591, 1, 'CREATE_SET', 'set', 102, 'Set instrumen baru dibuat (langkah 1): \'Trepanasi\' (Kode: SET-91452072).', '36.67.108.193', '2025-08-26 06:57:36'),
(592, 1, 'CREATE_SET', 'set', 103, 'Set instrumen baru dibuat (langkah 1): \'Trepanasi 3 IBS LT 2\' (Kode: SET-91482343).', '36.67.108.193', '2025-08-26 06:58:24'),
(593, 1, 'UPDATE_SET', 'set', 103, 'Data set diperbarui untuk: \'Trepanasi 3 IBS LT 2\' (ID: 103).', '36.67.108.193', '2025-08-26 07:14:27'),
(594, 1, 'DELETE_SET', 'set', 102, 'Set instrumen dihapus: \'Trepanasi\' (ID: 102).', '36.67.108.193', '2025-08-26 07:18:53'),
(595, 1, 'UPDATE_SET', 'set', 103, 'Data set diperbarui untuk: \'Trepanasi 3 IBS LT 2\' (ID: 103).', '36.67.108.193', '2025-08-26 07:27:05'),
(596, 1, 'CREATE_SET', 'set', 104, 'Set instrumen baru dibuat (langkah 1): \'Treapanasi Anak IBS LT 2\' (Kode: SET-93304675).', '36.67.108.193', '2025-08-26 07:28:40'),
(597, 1, 'UPDATE_SET', 'set', 104, 'Data set diperbarui untuk: \'Treapanasi Anak IBS LT 2\' (ID: 104).', '36.67.108.193', '2025-08-26 07:42:32'),
(598, 1, 'CREATE_INSTRUMENT', 'instrument', 2547, 'Instrumen baru ditambahkan: \'HAAK TUMPUL - TAJAM\'.', '36.67.108.193', '2025-08-26 07:44:08'),
(599, 1, 'UPDATE_SET', 'set', 104, 'Data set diperbarui untuk: \'Treapanasi Anak IBS LT 2\' (ID: 104).', '36.67.108.193', '2025-08-26 07:44:41'),
(600, 1, 'UPDATE_INSTRUMENT', 'instrument', 104, 'Data instrumen diperbarui untuk: \'BONE CURETTE\' (ID: 104).', '101.128.90.62', '2025-08-26 07:55:54'),
(601, 1, 'UPDATE_INSTRUMENT', 'instrument', 104, 'Data instrumen diperbarui untuk: \'BONE CURETTE\' (ID: 104).', '36.67.108.193', '2025-08-27 00:40:54'),
(602, 1, 'UPDATE_INSTRUMENT', 'instrument', 105, 'Data instrumen diperbarui untuk: \'BONE TANG\' (ID: 105).', '36.67.108.193', '2025-08-27 00:43:24'),
(603, 1, 'UPDATE_INSTRUMENT', 'instrument', 106, 'Data instrumen diperbarui untuk: \'CANULE SUCTION\' (ID: 106).', '36.67.108.193', '2025-08-27 00:44:12'),
(604, 1, 'UPDATE_INSTRUMENT', 'instrument', 102, 'Data instrumen diperbarui untuk: \'Pinset\' (ID: 102).', '36.67.108.193', '2025-08-27 00:50:03'),
(605, 1, 'UPDATE_INSTRUMENT', 'instrument', 102, 'Data instrumen diperbarui untuk: \'Pinset\' (ID: 102).', '36.67.108.193', '2025-08-27 00:50:09'),
(606, 1, 'UPDATE_INSTRUMENT', 'instrument', 107, 'Data instrumen diperbarui untuk: \'COBRA\' (ID: 107).', '36.67.108.193', '2025-08-27 00:55:12'),
(607, 1, 'UPDATE_INSTRUMENT', 'instrument', 108, 'Data instrumen diperbarui untuk: \'CUCING\' (ID: 108).', '36.67.108.193', '2025-08-27 00:55:33'),
(608, 1, 'UPDATE_INSTRUMENT', 'instrument', 109, 'Data instrumen diperbarui untuk: \'DUK KLEM\' (ID: 109).', '36.67.108.193', '2025-08-27 00:55:49'),
(609, 1, 'UPDATE_INSTRUMENT', 'instrument', 103, 'Data instrumen diperbarui untuk: \'ELEPATORIUM\' (ID: 103).', '36.67.108.193', '2025-08-27 00:56:07'),
(610, 1, 'UPDATE_INSTRUMENT', 'instrument', 110, 'Data instrumen diperbarui untuk: \'GUNTING METZEMBUM\' (ID: 110).', '36.67.108.193', '2025-08-27 00:56:23'),
(611, 1, 'UPDATE_INSTRUMENT', 'instrument', 111, 'Data instrumen diperbarui untuk: \'GUNTING STANDART\' (ID: 111).', '36.67.108.193', '2025-08-27 00:57:19'),
(612, 1, 'UPDATE_INSTRUMENT', 'instrument', 112, 'Data instrumen diperbarui untuk: \'HAK FEMUR / CLOW HACK\' (ID: 112).', '36.67.108.193', '2025-08-27 00:58:16'),
(613, 1, 'UPDATE_INSTRUMENT', 'instrument', 113, 'Data instrumen diperbarui untuk: \'HAK LANGENBACK\' (ID: 113).', '36.67.108.193', '2025-08-27 01:10:41'),
(614, 1, 'UPDATE_INSTRUMENT', 'instrument', 115, 'Data instrumen diperbarui untuk: \'HAK RUNCING GIGI\' (ID: 115).', '36.67.108.193', '2025-08-27 01:12:06'),
(615, 1, 'UPDATE_INSTRUMENT', 'instrument', 114, 'Data instrumen diperbarui untuk: \'HAK RUNCING – TUMPUL\' (ID: 114).', '36.67.108.193', '2025-08-27 01:17:32'),
(616, 1, 'UPDATE_INSTRUMENT', 'instrument', 116, 'Data instrumen diperbarui untuk: \'HANDLE MESS NO. 3\' (ID: 116).', '36.67.108.193', '2025-08-27 01:17:54'),
(617, 1, 'UPDATE_INSTRUMENT', 'instrument', 117, 'Data instrumen diperbarui untuk: \'HANDLE MESS NO. 3 DAN 4\' (ID: 117).', '36.67.108.193', '2025-08-27 01:18:16'),
(618, 1, 'UPDATE_INSTRUMENT', 'instrument', 118, 'Data instrumen diperbarui untuk: \'INTANDE HAAK\' (ID: 118).', '36.67.108.193', '2025-08-27 01:20:26'),
(619, 1, 'UPDATE_INSTRUMENT', 'instrument', 119, 'Data instrumen diperbarui untuk: \'KNABLE\' (ID: 119).', '36.67.108.193', '2025-08-27 01:27:34'),
(620, 1, 'UPDATE_INSTRUMENT', 'instrument', 120, 'Data instrumen diperbarui untuk: \'KOCHER  PANJANG\' (ID: 120).', '36.67.108.193', '2025-08-27 01:28:01'),
(621, 1, 'UPDATE_INSTRUMENT', 'instrument', 121, 'Data instrumen diperbarui untuk: \'KOCHER PENDEK\' (ID: 121).', '36.67.108.193', '2025-08-27 01:28:23'),
(622, 1, 'UPDATE_INSTRUMENT', 'instrument', 122, 'Data instrumen diperbarui untuk: \'KROM PANJANG\' (ID: 122).', '36.67.108.193', '2025-08-27 01:28:49'),
(623, 1, 'UPDATE_INSTRUMENT', 'instrument', 123, 'Data instrumen diperbarui untuk: \'KROM PENDEK\' (ID: 123).', '36.67.108.193', '2025-08-27 01:37:21'),
(624, 1, 'UPDATE_INSTRUMENT', 'instrument', 124, 'Data instrumen diperbarui untuk: \'MULER\' (ID: 124).', '36.67.108.193', '2025-08-27 01:37:32'),
(625, 1, 'UPDATE_INSTRUMENT', 'instrument', 125, 'Data instrumen diperbarui untuk: \'NALD VOELDER\' (ID: 125).', '36.67.108.193', '2025-08-27 01:37:49'),
(626, 1, 'UPDATE_INSTRUMENT', 'instrument', 126, 'Data instrumen diperbarui untuk: \'NAMPAN / BENGKOK\' (ID: 126).', '36.67.108.193', '2025-08-27 01:41:13'),
(627, 1, 'UPDATE_INSTRUMENT', 'instrument', 127, 'Data instrumen diperbarui untuk: \'PEAN ARTERI KLEM\' (ID: 127).', '36.67.108.193', '2025-08-27 01:41:29'),
(628, 1, 'UPDATE_INSTRUMENT', 'instrument', 128, 'Data instrumen diperbarui untuk: \'PINZET ANATOMI\' (ID: 128).', '36.67.108.193', '2025-08-27 01:41:44'),
(629, 1, 'UPDATE_INSTRUMENT', 'instrument', 129, 'Data instrumen diperbarui untuk: \'PINZET CIRURGIE\' (ID: 129).', '36.67.108.193', '2025-08-27 01:43:35'),
(630, 1, 'UPDATE_INSTRUMENT', 'instrument', 130, 'Data instrumen diperbarui untuk: \'RASPATARIUM\' (ID: 130).', '36.67.108.193', '2025-08-27 01:43:45'),
(631, 1, 'UPDATE_INSTRUMENT', 'instrument', 131, 'Data instrumen diperbarui untuk: \'REDUCTION  (KREK)\' (ID: 131).', '36.67.108.193', '2025-08-27 01:43:58'),
(632, 1, 'UPDATE_INSTRUMENT', 'instrument', 132, 'Data instrumen diperbarui untuk: \'REDUCTION  (ULIR)\' (ID: 132).', '36.67.108.193', '2025-08-27 01:45:43'),
(633, 1, 'UPDATE_INSTRUMENT', 'instrument', 133, 'Data instrumen diperbarui untuk: \'RING TANG/PEAN PANJANG\' (ID: 133).', '36.67.108.193', '2025-08-27 01:46:14'),
(634, 1, 'UPDATE_INSTRUMENT', 'instrument', 134, 'Data instrumen diperbarui untuk: \'SPEERRER HAAK\' (ID: 134).', '36.67.108.193', '2025-08-27 01:46:54'),
(635, 1, 'UPDATE_INSTRUMENT', 'instrument', 135, 'Data instrumen diperbarui untuk: \'TREEFORT\' (ID: 135).', '36.67.108.193', '2025-08-27 01:47:13'),
(636, 1, 'UPDATE_INSTRUMENT', 'instrument', 136, 'Data instrumen diperbarui untuk: \'VERBRUGGE\' (ID: 136).', '36.67.108.193', '2025-08-27 01:47:25'),
(637, 1, 'UPDATE_INSTRUMENT', 'instrument', 137, 'Data instrumen diperbarui untuk: \'VERBRUGGE KECIL-SDG\' (ID: 137).', '36.67.108.193', '2025-08-27 01:47:39'),
(638, 1, 'CREATE_SET', 'set', 105, 'Set instrumen baru dibuat (langkah 1): \'Bedah Kandungan (BK) 4 IBS LT 2\' (Kode: SET-59788780).', '36.67.108.193', '2025-08-27 01:57:08'),
(639, 1, 'UPDATE_SET', 'set', 105, 'Data set diperbarui untuk: \'Bedah Kandungan (BK) 4 IBS LT 2\' (ID: 105).', '36.67.108.193', '2025-08-27 01:57:38'),
(640, 1, 'UPDATE_SET', 'set', 105, 'Data set diperbarui untuk: \'Bedah Kandungan (BK) 4 IBS LT 2\' (ID: 105).', '36.67.108.193', '2025-08-27 02:06:45'),
(641, 1, 'UPDATE_INSTRUMENT', 'instrument', 2503, 'Data instrumen diperbarui untuk: \'TROICART\' (ID: 2503).', '36.67.108.193', '2025-08-27 02:07:02'),
(642, 1, 'UPDATE_SET', 'set', 105, 'Data set diperbarui untuk: \'Bedah Kandungan (BK) 4 IBS LT 2\' (ID: 105).', '36.67.108.193', '2025-08-27 02:07:19'),
(643, 1, 'CREATE_SET', 'set', 106, 'Set instrumen baru dibuat (langkah 1): \'Bedah Anak IBS LT 2\' (Kode: SET-60551552).', '36.67.108.193', '2025-08-27 02:09:30'),
(644, 1, 'UPDATE_SET', 'set', 106, 'Data set diperbarui untuk: \'Bedah Anak IBS LT 2\' (ID: 106).', '36.67.108.193', '2025-08-27 02:56:05'),
(645, 1, 'UPDATE_SET', 'set', 106, 'Data set diperbarui untuk: \'Bedah Anak IBS LT 2\' (ID: 106).', '36.67.108.193', '2025-08-27 02:57:07'),
(646, 1, 'UPDATE_SET', 'set', 106, 'Data set diperbarui untuk: \'Bedah Anak IBS LT 2\' (ID: 106).', '36.67.108.193', '2025-08-27 02:58:25'),
(647, 1, 'CREATE_SET', 'set', 107, 'Set instrumen baru dibuat (langkah 1): \'Set Tracheostomy IBS LT 2\' (Kode: SET-63867205).', '36.67.108.193', '2025-08-27 03:04:50'),
(648, 1, 'UPDATE_SET', 'set', 107, 'Data set diperbarui untuk: \'Set Tracheostomy IBS LT 2\' (ID: 107).', '36.67.108.193', '2025-08-27 03:11:56'),
(649, 1, 'CREATE_SET', 'set', 108, 'Set instrumen baru dibuat (langkah 1): \'Set Bedum 1 IBS LT 2\' (Kode: SET-64361425).', '36.67.108.193', '2025-08-27 03:12:56'),
(650, 1, 'UPDATE_SET', 'set', 108, 'Data set diperbarui untuk: \'Set Bedum 1 IBS LT 2\' (ID: 108).', '36.67.108.193', '2025-08-27 03:17:44'),
(651, 1, 'CREATE_INSTRUMENT', 'instrument', 2548, 'Instrumen baru ditambahkan: \'PEAN\'.', '36.67.108.193', '2025-08-27 03:18:35'),
(652, 1, 'UPDATE_SET', 'set', 108, 'Data set diperbarui untuk: \'Set Bedum 1 IBS LT 2\' (ID: 108).', '36.67.108.193', '2025-08-27 03:18:56'),
(653, 1, 'CREATE_SET', 'set', 109, 'Set instrumen baru dibuat (langkah 1): \'Set Bedah Anak 2 IBS LT 2\' (Kode: SET-64768812).', '36.67.108.193', '2025-08-27 03:19:50'),
(654, 1, 'UPDATE_SET', 'set', 109, 'Data set diperbarui untuk: \'Set Bedah Anak 2 IBS LT 2\' (ID: 109).', '36.67.108.193', '2025-08-27 03:28:22'),
(655, 1, 'UPDATE_INSTRUMENT', 'instrument', 2491, 'Data instrumen diperbarui untuk: \'TONG SPATEL\' (ID: 2491).', '36.67.108.193', '2025-08-27 03:29:06'),
(656, 1, 'UPDATE_SET', 'set', 109, 'Data set diperbarui untuk: \'Set Bedah Anak 2 IBS LT 2\' (ID: 109).', '36.67.108.193', '2025-08-27 03:29:31'),
(657, 1, 'DELETE_SET', 'set', 82, 'Set instrumen dihapus: \'SET ORTHO BESAR 2 LINEN\' (ID: 82).', '36.67.108.193', '2025-08-27 03:31:04'),
(658, 1, 'UPDATE_SET', 'set', 81, 'Data set diperbarui untuk: \'SET ORTHO BESAR 1 RIGID (TRIAL)\' (ID: 81).', '36.67.108.193', '2025-08-27 03:32:18'),
(659, 1, 'CREATE_SET', 'set', 110, 'Set instrumen baru dibuat (langkah 1): \'Obgyn 1 IBS LT 2\' (Kode: SET-65655852).', '36.67.108.193', '2025-08-27 03:35:28'),
(660, 1, 'UPDATE_SET', 'set', 110, 'Data set diperbarui untuk: \'Obgyn 1 IBS LT 2\' (ID: 110).', '36.67.108.193', '2025-08-27 03:49:16'),
(661, 1, 'CREATE_INSTRUMENT', 'instrument', 2549, 'Instrumen baru ditambahkan: \'KOKER KLEM KECIL\'.', '36.67.108.193', '2025-08-27 04:29:54'),
(662, 1, 'CREATE_INSTRUMENT', 'instrument', 2550, 'Instrumen baru ditambahkan: \'KOGELTANG\'.', '36.67.108.193', '2025-08-27 04:30:33'),
(663, 1, 'UPDATE_SET', 'set', 110, 'Data set diperbarui untuk: \'Obgyn 1 IBS LT 2\' (ID: 110).', '36.67.108.193', '2025-08-27 04:32:22'),
(664, 1, 'CREATE_SET', 'set', 111, 'Set instrumen baru dibuat (langkah 1): \'Obgyn 2 IBS LT 2\' (Kode: SET-69164732).', '36.67.108.193', '2025-08-27 04:33:30'),
(665, 1, 'UPDATE_SET', 'set', 111, 'Data set diperbarui untuk: \'Obgyn 2 IBS LT 2\' (ID: 111).', '36.67.108.193', '2025-08-27 04:42:08'),
(666, 1, 'UPDATE_SET', 'set', 111, 'Data set diperbarui untuk: \'Obgyn 2 IBS LT 2\' (ID: 111).', '36.67.108.193', '2025-08-27 04:44:17'),
(667, 1, 'CREATE_SET', 'set', 112, 'Set instrumen baru dibuat (langkah 1): \'Obgyn\' (Kode: SET-73950973).', '36.67.108.193', '2025-08-27 05:52:39'),
(668, 1, 'UPDATE_SET', 'set', 112, 'Data set diperbarui untuk: \'Obgyn 3 IBS LT 2\' (ID: 112).', '36.67.108.193', '2025-08-28 02:04:55'),
(669, 1, 'UPDATE_SET', 'set', 112, 'Data set diperbarui untuk: \'Obgyn 3 IBS LT 2\' (ID: 112).', '36.67.108.193', '2025-08-28 02:09:11'),
(670, 1, 'CREATE_SET', 'set', 113, 'Set instrumen baru dibuat (langkah 1): \'Set BK 2 (STY) IBS LT 2\' (Kode: SET-47088528).', '36.67.108.193', '2025-08-28 02:14:08'),
(671, 1, 'UPDATE_SET', 'set', 113, 'Data set diperbarui untuk: \'Set BK 2 (STY) IBS LT 2\' (ID: 113).', '36.67.108.193', '2025-08-28 02:24:14'),
(672, 1, 'CREATE_SET', 'set', 114, 'Set instrumen baru dibuat (langkah 1): \'Set SC Covid 1 IBS LT 2\' (Kode: SET-48220450).', '36.67.108.193', '2025-08-28 02:30:54'),
(673, 1, 'UPDATE_SET', 'set', 114, 'Data set diperbarui untuk: \'Set SC Covid 1 IBS LT 2\' (ID: 114).', '36.67.108.193', '2025-08-28 02:45:20'),
(674, 1, 'CREATE_SET', 'set', 115, 'Set instrumen baru dibuat (langkah 1): \'Set SC Covid 2 IBS LT 2\' (Kode: SET-49152904).', '36.67.108.193', '2025-08-28 03:12:21'),
(675, 1, 'UPDATE_SET', 'set', 115, 'Data set diperbarui untuk: \'Set SC Covid 2 IBS LT 2\' (ID: 115).', '36.67.108.193', '2025-08-28 03:22:26'),
(676, 1, 'UPDATE_SET', 'set', 91, 'Data set diperbarui untuk: \'Set Obgyn 5 (EMG) IBS LT 2\' (ID: 91).', '36.67.108.193', '2025-08-28 03:25:20'),
(677, 1, 'UPDATE_SET', 'set', 92, 'Data set diperbarui untuk: \'Set Obgyn 8 (EMG) IBS LT 2\' (ID: 92).', '36.67.108.193', '2025-08-28 03:25:46'),
(678, 1, 'UPDATE_SET', 'set', 93, 'Data set diperbarui untuk: \'Set Obgyn 2 (EMG) IBS LT 2\' (ID: 93).', '36.67.108.193', '2025-08-28 03:27:04'),
(679, 1, 'UPDATE_SET', 'set', 94, 'Data set diperbarui untuk: \'Set Obgyn 1 (EMG)/SC 1 IBS LT2\' (ID: 94).', '36.67.108.193', '2025-08-28 03:27:27'),
(680, 1, 'UPDATE_SET', 'set', 110, 'Data set diperbarui untuk: \'Obgyn 1 (EMG) IBS LT 2\' (ID: 110).', '36.67.108.193', '2025-08-28 03:28:12'),
(681, 1, 'UPDATE_SET', 'set', 111, 'Data set diperbarui untuk: \'Obgyn 2 (EMG) IBS LT 2\' (ID: 111).', '36.67.108.193', '2025-08-28 03:28:28'),
(682, 1, 'UPDATE_SET', 'set', 110, 'Data set diperbarui untuk: \'Obsgyn 1 (EMG) IBS LT 2\' (ID: 110).', '36.67.108.193', '2025-08-28 03:29:07'),
(683, 1, 'UPDATE_SET', 'set', 111, 'Data set diperbarui untuk: \'Obsgyn 2 (EMG) IBS LT 2\' (ID: 111).', '36.67.108.193', '2025-08-28 03:29:18'),
(684, 1, 'UPDATE_SET', 'set', 112, 'Data set diperbarui untuk: \'Obsgyn 3 (EMG) IBS LT 2\' (ID: 112).', '36.67.108.193', '2025-08-28 03:29:39'),
(685, 1, 'CREATE_SET', 'set', 116, 'Set instrumen baru dibuat (langkah 1): \'Obsgyn IBS 1 (IBS LT 2)\' (Kode: SET-52910100).', '36.67.108.193', '2025-08-28 03:54:16'),
(686, 1, 'UPDATE_SET', 'set', 116, 'Data set diperbarui untuk: \'Obsgyn IBS 1 (IBS LT 2)\' (ID: 116).', '36.67.108.193', '2025-08-28 04:04:54'),
(687, 1, 'CREATE_INSTRUMENT', 'instrument', 2551, 'Instrumen baru ditambahkan: \'PERITONEUM KLEM (VAN MEKULICZ)\'.', '36.67.108.193', '2025-08-28 04:06:08'),
(688, 1, 'CREATE_INSTRUMENT', 'instrument', 2552, 'Instrumen baru ditambahkan: \'CUCING BESAR/KECIL\'.', '36.67.108.193', '2025-08-28 04:06:34'),
(689, 1, 'UPDATE_INSTRUMENT', 'instrument', 2491, 'Data instrumen diperbarui untuk: \'TONGUE SPATEL\' (ID: 2491).', '36.67.108.193', '2025-08-28 04:07:05'),
(690, 1, 'UPDATE_SET', 'set', 116, 'Data set diperbarui untuk: \'Obsgyn IBS 1 (IBS LT 2)\' (ID: 116).', '36.67.108.193', '2025-08-28 04:07:47'),
(691, 1, 'CREATE_SET', 'set', 117, 'Set instrumen baru dibuat (langkah 1): \'Obsgyn IBS 2 (IBS LT 2)\' (Kode: SET-54547564).', '36.67.108.193', '2025-08-28 04:17:10'),
(692, 1, 'UPDATE_SET', 'set', 117, 'Data set diperbarui untuk: \'Obsgyn IBS 2 (IBS LT 2)\' (ID: 117).', '36.67.108.193', '2025-08-28 04:25:07'),
(693, 1, 'UPDATE_SET', 'set', 117, 'Data set diperbarui untuk: \'Obsgyn IBS 2 (IBS LT 2)\' (ID: 117).', '36.67.108.193', '2025-08-28 04:30:51'),
(694, 1, 'CREATE_SET', 'set', 118, 'Set instrumen baru dibuat (langkah 1): \'Obsgyn IBS 3 (IBS LT 2)\' (Kode: SET-55689258).', '36.67.108.193', '2025-08-28 04:35:12'),
(695, 1, 'UPDATE_SET', 'set', 118, 'Data set diperbarui untuk: \'Obsgyn IBS 3 (IBS LT 2)\' (ID: 118).', '36.67.108.193', '2025-08-28 04:41:51'),
(696, 1, 'UPDATE_SET', 'set', 118, 'Data set diperbarui untuk: \'Obsgyn IBS 3 (IBS LT 2)\' (ID: 118).', '36.67.108.193', '2025-08-28 04:43:42'),
(697, 1, 'CREATE_SET', 'set', 119, 'Set instrumen baru dibuat (langkah 1): \'Obsgyn 4 (EMG) IBS LT 2\' (Kode: SET-58097258).', '36.67.108.193', '2025-08-28 05:15:19'),
(698, 1, 'UPDATE_SET', 'set', 119, 'Data set diperbarui untuk: \'Obsgyn 4 (EMG) IBS LT 2\' (ID: 119).', '36.67.108.193', '2025-08-28 05:26:48'),
(699, 1, 'UPDATE_SET', 'set', 119, 'Data set diperbarui untuk: \'Obsgyn 4 (EMG) IBS LT 2\' (ID: 119).', '36.67.108.193', '2025-08-28 05:33:19'),
(700, 1, 'CREATE_SET', 'set', 120, 'Set instrumen baru dibuat (langkah 1): \'Ortho Besar 1 IBS LT 2\' (Kode: SET-60537751).', '36.67.108.193', '2025-08-28 05:56:03'),
(701, 1, 'UPDATE_SET', 'set', 120, 'Data set diperbarui untuk: \'Ortho Besar 1 IBS LT 2\' (ID: 120).', '36.67.108.193', '2025-08-28 06:02:46'),
(702, 1, 'UPDATE_INSTRUMENT', 'instrument', 2053, 'Data instrumen diperbarui untuk: \'CURETAGE\' (ID: 2053).', '36.67.108.193', '2025-08-28 06:03:28'),
(703, 1, 'CREATE_INSTRUMENT', 'instrument', 2553, 'Instrumen baru ditambahkan: \'HAK FEMUR\'.', '36.67.108.193', '2025-08-28 06:03:53'),
(704, 1, 'UPDATE_SET', 'set', 120, 'Data set diperbarui untuk: \'Ortho Besar 1 IBS LT 2\' (ID: 120).', '36.67.108.193', '2025-08-28 06:04:48'),
(705, 1, 'CREATE_SET', 'set', 121, 'Set instrumen baru dibuat (langkah 1): \'Ortho Besar 2 IBS LT 2\' (Kode: SET-65199897).', '36.67.108.193', '2025-08-28 07:14:14'),
(706, 1, 'UPDATE_SET', 'set', 121, 'Data set diperbarui untuk: \'Ortho Besar 2 IBS LT 2\' (ID: 121).', '36.67.108.193', '2025-08-28 07:19:31'),
(707, 1, 'UPDATE_SET', 'set', 121, 'Data set diperbarui untuk: \'Ortho Besar 2 IBS LT 2\' (ID: 121).', '36.67.108.193', '2025-08-28 07:20:41'),
(708, 1, 'CREATE_SET', 'set', 122, 'Set instrumen baru dibuat (langkah 1): \'Set Ortho Kecil 1 IBS LT 2\' (Kode: SET-65652384).', '36.67.108.193', '2025-08-28 07:21:13'),
(709, 1, 'CREATE_INSTRUMENT', 'instrument', 2554, 'Instrumen baru ditambahkan: \'KROM ARTERI KLEM (KECIL)\'.', '36.67.108.193', '2025-08-29 01:07:24'),
(710, 1, 'CREATE_INSTRUMENT', 'instrument', 2555, 'Instrumen baru ditambahkan: \'RASPATARIUM - ELLEVATORIUM\'.', '36.67.108.193', '2025-08-29 01:07:52'),
(711, 1, 'CREATE_INSTRUMENT', 'instrument', 2556, 'Instrumen baru ditambahkan: \'VERBRUGGE (TANGGUNG)\'.', '36.67.108.193', '2025-08-29 01:09:46'),
(712, 1, 'CREATE_INSTRUMENT', 'instrument', 2557, 'Instrumen baru ditambahkan: \'BONE CURETTES / SCARFLE LAFEL\'.', '36.67.108.193', '2025-08-29 01:10:47'),
(713, 1, 'UPDATE_SET', 'set', 122, 'Data set diperbarui untuk: \'Set Ortho Kecil 1 IBS LT 2\' (ID: 122).', '36.67.108.193', '2025-08-29 01:20:40'),
(714, 1, 'CREATE_SET', 'set', 123, 'Set instrumen baru dibuat (langkah 1): \'Set Ortho Kecil 2 IBS LT 2\' (Kode: SET-30648413).', '36.67.108.193', '2025-08-29 01:24:42'),
(715, 1, 'UPDATE_SET', 'set', 123, 'Data set diperbarui untuk: \'Set Ortho Kecil 2 IBS LT 2\' (ID: 123).', '36.67.108.193', '2025-08-29 01:29:11'),
(716, 1, 'UPDATE_SET', 'set', 123, 'Data set diperbarui untuk: \'Set Ortho Kecil 2 IBS LT 2\' (ID: 123).', '36.67.108.193', '2025-08-29 01:30:52'),
(717, 1, 'CREATE_SET', 'set', 124, 'Set instrumen baru dibuat (langkah 1): \'Spine Set 1 IBS LT 7\' (Kode: SET-32121075).', '36.67.108.193', '2025-08-29 01:49:53'),
(718, 1, 'UPDATE_SET', 'set', 124, 'Data set diperbarui untuk: \'Spine Set 1 IBS LT 7\' (ID: 124).', '36.67.108.193', '2025-08-29 01:50:24'),
(719, 1, 'UPDATE_SET', 'set', 124, 'Data set diperbarui untuk: \'Spine Set 1 IBS LT 7\' (ID: 124).', '36.67.108.193', '2025-08-29 02:12:14'),
(720, 1, 'UPDATE_SET', 'set', 124, 'Data set diperbarui untuk: \'Spine Set 1 IBS LT 7\' (ID: 124).', '36.67.108.193', '2025-08-29 02:15:45'),
(721, 1, 'CREATE_SET', 'set', 125, 'Set instrumen baru dibuat (langkah 1): \'Ortho Kecil Set 1 IBS LT 2\' (Kode: SET-33772414).', '36.67.108.193', '2025-08-29 02:18:05'),
(722, 1, 'UPDATE_SET', 'set', 125, 'Data set diperbarui untuk: \'Ortho Kecil Set 1 IBS LT 2\' (ID: 125).', '36.67.108.193', '2025-08-29 02:21:40'),
(723, 1, 'UPDATE_SET', 'set', 125, 'Data set diperbarui untuk: \'Ortho Kecil Set 1 IBS LT 2\' (ID: 125).', '36.67.108.193', '2025-08-29 02:28:03'),
(724, 1, 'UPDATE_SET', 'set', 125, 'Data set diperbarui untuk: \'Ortho Kecil Set 1 IBS LT 7\' (ID: 125).', '36.67.108.193', '2025-08-29 02:28:35'),
(725, 1, 'CREATE_INSTRUMENT', 'instrument', 2558, 'Instrumen baru ditambahkan: \'SLOOP SONDE\'.', '36.67.108.193', '2025-08-29 02:31:12'),
(726, 1, 'UPDATE_SET', 'set', 125, 'Data set diperbarui untuk: \'Ortho Kecil Set 1 IBS LT 7\' (ID: 125).', '36.67.108.193', '2025-08-29 02:31:40'),
(727, 1, 'CREATE_SET', 'set', 126, 'Set instrumen baru dibuat (langkah 1): \'Ortho Kecil Set 2 IBS LT 7\' (Kode: SET-34747691).', '36.67.108.193', '2025-08-29 02:32:58'),
(728, 1, 'UPDATE_SET', 'set', 126, 'Data set diperbarui untuk: \'Ortho Kecil Set 2 IBS LT 7\' (ID: 126).', '36.67.108.193', '2025-08-29 02:36:49'),
(729, 1, 'CREATE_SET', 'set', 127, 'Set instrumen baru dibuat (langkah 1): \'Ortho Kecil Set 3\' (Kode: SET-35058538).', '36.67.108.193', '2025-08-29 02:37:55'),
(730, 1, 'UPDATE_SET', 'set', 127, 'Data set diperbarui untuk: \'Ortho Kecil Set 3\' (ID: 127).', '36.67.108.193', '2025-08-29 02:42:51'),
(731, 1, 'UPDATE_SET', 'set', 127, 'Data set diperbarui untuk: \'Ortho Kecil Set 3 IBS LT 7\' (ID: 127).', '36.67.108.193', '2025-08-29 02:43:17'),
(732, 1, 'CREATE_SET', 'set', 128, 'Set instrumen baru dibuat (langkah 1): \'Ortho Kecil Set 4 IBS LT 7\' (Kode: SET-35428955).', '36.67.108.193', '2025-08-29 02:44:12'),
(733, 1, 'UPDATE_SET', 'set', 128, 'Data set diperbarui untuk: \'Ortho Kecil Set 4 IBS LT 7\' (ID: 128).', '36.67.108.193', '2025-08-29 02:50:35'),
(734, 1, 'CREATE_SET', 'set', 129, 'Set instrumen baru dibuat (langkah 1): \'Ortho Kecil Set 5 IBS LT 7\' (Kode: SET-35880817).', '36.67.108.193', '2025-08-29 02:52:36'),
(735, 1, 'UPDATE_SET', 'set', 129, 'Data set diperbarui untuk: \'Ortho Kecil Set 5 IBS LT 7\' (ID: 129).', '36.67.108.193', '2025-08-29 02:58:16'),
(736, 1, 'CREATE_INSTRUMENT', 'instrument', 2559, 'Instrumen baru ditambahkan: \'ITANDE HAK\'.', '36.67.108.193', '2025-08-29 02:59:48'),
(737, 1, 'UPDATE_SET', 'set', 129, 'Data set diperbarui untuk: \'Ortho Kecil Set 5 IBS LT 7\' (ID: 129).', '36.67.108.193', '2025-08-29 03:00:07'),
(738, 1, 'CREATE_SET', 'set', 130, 'Set instrumen baru dibuat (langkah 1): \'Ortho Besar Set 1-PHR IBS LT 7\' (Kode: SET-36438770).', '36.67.108.193', '2025-08-29 03:05:57'),
(739, 1, 'UPDATE_SET', 'set', 130, 'Data set diperbarui untuk: \'Ortho Besar Set 1-PHR IBS LT 7\' (ID: 130).', '36.67.108.193', '2025-08-29 03:12:03'),
(740, 1, 'CREATE_SET', 'set', 131, 'Set instrumen baru dibuat (langkah 1): \'Ortho Besar Set 2 IBS LT 7\' (Kode: SET-37168818).', '36.67.108.193', '2025-08-29 03:13:09'),
(741, 1, 'UPDATE_SET', 'set', 131, 'Data set diperbarui untuk: \'Ortho Besar Set 2 IBS LT 7\' (ID: 131).', '36.67.108.193', '2025-08-29 03:19:09'),
(742, 1, 'UPDATE_SET', 'set', 131, 'Data set diperbarui untuk: \'Ortho Besar Set 2 IBS LT 7\' (ID: 131).', '36.67.108.193', '2025-08-29 03:23:57'),
(743, 1, 'CREATE_SET', 'set', 132, 'Set instrumen baru dibuat (langkah 1): \'Ortho Besar Set 3 IBS LT 7\' (Kode: SET-37920825).', '36.67.108.193', '2025-08-29 03:25:44'),
(744, 1, 'UPDATE_SET', 'set', 132, 'Data set diperbarui untuk: \'Ortho Besar Set 3 IBS LT 7\' (ID: 132).', '36.67.108.193', '2025-08-29 03:31:18'),
(745, 1, 'CREATE_SET', 'set', 133, 'Set instrumen baru dibuat (langkah 1): \'Ortho Besar Set 4 IBS LT 7\' (Kode: SET-38369348).', '36.67.108.193', '2025-08-29 03:33:40'),
(746, 1, 'UPDATE_SET', 'set', 133, 'Data set diperbarui untuk: \'Ortho Besar Set 4 IBS LT 7\' (ID: 133).', '36.67.108.193', '2025-08-29 03:39:01'),
(747, 1, 'CREATE_SET', 'set', 134, 'Set instrumen baru dibuat (langkah 1): \'Ortho Besar Set 5 IBS LT 7\' (Kode: SET-38781256).', '36.67.108.193', '2025-08-29 03:40:27'),
(748, 1, 'UPDATE_SET', 'set', 134, 'Data set diperbarui untuk: \'Ortho Besar Set 5 IBS LT 7\' (ID: 134).', '36.67.108.193', '2025-08-29 04:03:29'),
(749, 1, 'UPDATE_SET', 'set', 134, 'Data set diperbarui untuk: \'Ortho Besar Set 5 IBS LT 7\' (ID: 134).', '36.67.108.193', '2025-08-29 04:21:33'),
(750, 1, 'CREATE_LOAD', 'load', 85, 'Muatan baru dibuat: MUATAN-290825-01', '36.67.108.193', '2025-08-29 05:59:03'),
(751, 1, 'CREATE_LOAD', 'load', 86, 'Muatan baru dibuat: MUATAN-290825-02', '36.67.108.193', '2025-08-29 05:59:39'),
(752, 1, 'CREATE_LOAD', 'load', 87, 'Muatan baru dibuat: MUATAN-290825-03', '36.67.108.193', '2025-08-29 06:00:08'),
(753, 1, 'UPDATE_LOAD_ITEM_SNAPSHOT', 'load_item', 245, 'Snapshot untuk load_item_id: 245 diperbarui.', '36.67.108.193', '2025-08-29 06:00:49'),
(754, 1, 'UPDATE_LOAD', 'load', 87, 'Detail muatan (ID: 87) telah diperbarui via modal.', '36.67.108.193', '2025-08-29 06:00:57'),
(755, 1, 'CREATE_CYCLE_FROM_LOAD', NULL, NULL, 'Siklus baru (ID: 58, No: SIKLUS-AA-290825-01) dibuat dan langsung diselesaikan untuk Muatan ID: 87.', '36.67.108.193', '2025-08-29 06:01:00'),
(756, 1, 'GENERATE_LABELS', NULL, NULL, 'Membuat 1 label baru untuk Muatan ID: 87.', '36.67.108.193', '2025-08-29 06:01:10'),
(757, NULL, 'PUBLIC_RECALL_LABEL', 'label', 295, 'Label (UID: E01556BA) ditandai \'Recalled\' via aksi publik. Alasan: Anatomi pinset tidak ada', '114.10.152.234', '2025-08-29 06:04:10'),
(758, 1, 'EXPORT_LABELS', NULL, NULL, 'Mengekspor data riwayat label ke CSV.', '36.67.108.193', '2025-08-29 06:04:42'),
(759, 1, 'CREATE_SET', 'set', 135, 'Set instrumen baru dibuat (langkah 1): \'Ortho Besar Set 6 IBS LT 7\' (Kode: SET-48215531).', '36.67.108.193', '2025-08-29 06:17:23'),
(760, 1, 'UPDATE_SET', 'set', 135, 'Data set diperbarui untuk: \'Ortho Besar Set 6 IBS LT 7\' (ID: 135).', '36.67.108.193', '2025-08-29 07:54:07'),
(761, 1, 'CREATE_SET', 'set', 136, 'Set instrumen baru dibuat (langkah 1): \'Arthoscopy Basic Set 1 IBS LT 7\' (Kode: SET-54095682).', '36.67.108.193', '2025-08-29 07:59:47'),
(762, 1, 'UPDATE_SET', 'set', 136, 'Data set diperbarui untuk: \'Arthoscopy Basic Set 1 IBS LT 7\' (ID: 136).', '36.67.108.193', '2025-08-29 08:05:23'),
(763, 1, 'CREATE_SET', 'set', 137, 'Set instrumen baru dibuat (langkah 1): \'Arthoscopy Basic Set 2 IBS LT 7\' (Kode: SET-54729381).', '36.67.108.193', '2025-08-29 08:05:44'),
(764, 1, 'UPDATE_SET', 'set', 137, 'Data set diperbarui untuk: \'Arthoscopy Basic Set 2 IBS LT 7\' (ID: 137).', '36.67.108.193', '2025-08-29 08:07:53'),
(765, 1, 'CREATE_SET', 'set', 138, 'Set instrumen baru dibuat (langkah 1): \'Plastik Ortho Set IBS LT 7\' (Kode: SET-54880606).', '36.67.108.193', '2025-08-29 08:08:30'),
(766, 1, 'UPDATE_SET', 'set', 138, 'Data set diperbarui untuk: \'Plastik Ortho Set IBS LT 7\' (ID: 138).', '36.67.108.193', '2025-08-29 08:13:37'),
(767, 1, 'CREATE_SET', 'set', 139, 'Set instrumen baru dibuat (langkah 1): \'Plastik Ortho Set 1 IBS LT 7\' (Kode: SET-55256543).', '36.67.108.193', '2025-08-29 08:15:33'),
(768, 1, 'UPDATE_SET', 'set', 139, 'Data set diperbarui untuk: \'Plastik Ortho Set 1 IBS LT 7\' (ID: 139).', '36.67.108.193', '2025-08-29 08:34:53'),
(769, 1, 'CREATE_SET', 'set', 140, 'Set instrumen baru dibuat (langkah 1): \'Microneuro Set IBS LT 7\' (Kode: SET-56529975).', '36.67.108.193', '2025-08-29 08:36:05'),
(770, 1, 'UPDATE_SET', 'set', 140, 'Data set diperbarui untuk: \'Microneuro Set IBS LT 7\' (ID: 140).', '36.67.108.193', '2025-08-29 08:38:45'),
(771, 1, 'CREATE_LOAD', 'load', 88, 'Muatan baru dibuat: MUATAN-010925-01', '36.67.108.193', '2025-09-01 01:43:35'),
(772, 1, 'CREATE_CYCLE_FROM_LOAD', NULL, NULL, 'Siklus baru (ID: 59, No: SIKLUS-AA-010925-01) dibuat dan langsung diselesaikan untuk Muatan ID: 88.', '36.67.108.193', '2025-09-01 01:49:26'),
(773, 1, 'GENERATE_LABELS', NULL, NULL, 'Membuat 1 label baru untuk Muatan ID: 88.', '36.67.108.193', '2025-09-01 01:49:29'),
(774, 1, 'CREATE_LOAD', 'load', 89, 'Muatan baru dibuat: MUATAN-010925-02', '36.67.108.193', '2025-09-01 01:52:24'),
(775, 1, 'CREATE_LOAD', 'load', 90, 'Muatan baru dibuat: MUATAN-010925-03', '182.2.76.7', '2025-09-01 02:18:18');
INSERT INTO `activity_log` (`log_id`, `user_id`, `action_type`, `target_type`, `target_id`, `details`, `ip_address`, `log_timestamp`) VALUES
(776, 1, 'CREATE_DEPARTMENT', NULL, NULL, 'Master data Departemen baru ditambahkan: IBS LANTAI 7', '36.67.108.193', '2025-09-01 03:44:23'),
(777, 1, 'CREATE_DEPARTMENT', NULL, NULL, 'Master data Departemen baru ditambahkan: IBS LANTAI 8', '36.67.108.193', '2025-09-01 03:44:34'),
(778, 1, 'CREATE_DEPARTMENT', NULL, NULL, 'Master data Departemen baru ditambahkan: WK A', '36.67.108.193', '2025-09-01 03:49:14'),
(779, 1, 'CREATE_DEPARTMENT', NULL, NULL, 'Master data Departemen baru ditambahkan: WK B', '36.67.108.193', '2025-09-01 03:49:20'),
(780, 1, 'CREATE_DEPARTMENT', NULL, NULL, 'Master data Departemen baru ditambahkan: WK C', '36.67.108.193', '2025-09-01 03:49:27'),
(781, 1, 'CREATE_DEPARTMENT', NULL, NULL, 'Master data Departemen baru ditambahkan: WK D', '36.67.108.193', '2025-09-01 03:49:40'),
(782, 1, 'CREATE_DEPARTMENT', NULL, NULL, 'Master data Departemen baru ditambahkan: IRD', '36.67.108.193', '2025-09-01 03:50:02'),
(783, 1, 'CREATE_DEPARTMENT', NULL, NULL, 'Master data Departemen baru ditambahkan: POLI SPESIALIS', '36.67.108.193', '2025-09-01 03:50:42'),
(784, 1, 'CREATE_DEPARTMENT', NULL, NULL, 'Master data Departemen baru ditambahkan: MERPATI A', '36.67.108.193', '2025-09-01 03:52:46'),
(785, 1, 'CREATE_DEPARTMENT', NULL, NULL, 'Master data Departemen baru ditambahkan: MERPATI B', '36.67.108.193', '2025-09-01 03:52:58'),
(786, 1, 'CREATE_DEPARTMENT', NULL, NULL, 'Master data Departemen baru ditambahkan: MERPATI C', '36.67.108.193', '2025-09-01 03:53:08'),
(787, 1, 'CREATE_DEPARTMENT', NULL, NULL, 'Master data Departemen baru ditambahkan: MERPATI D', '36.67.108.193', '2025-09-01 03:53:22'),
(788, 1, 'CREATE_DEPARTMENT', NULL, NULL, 'Master data Departemen baru ditambahkan: MERPATI F', '36.67.108.193', '2025-09-01 03:53:34'),
(789, 1, 'CREATE_DEPARTMENT', NULL, NULL, 'Master data Departemen baru ditambahkan: MAWAR', '36.67.108.193', '2025-09-01 03:54:19'),
(790, 1, 'CREATE_DEPARTMENT', NULL, NULL, 'Master data Departemen baru ditambahkan: UNIT STROKE', '36.67.108.193', '2025-09-01 03:54:32'),
(791, 1, 'CREATE_DEPARTMENT', NULL, NULL, 'Master data Departemen baru ditambahkan: MELATI', '36.67.108.193', '2025-09-01 03:54:44'),
(792, 1, 'CREATE_DEPARTMENT', NULL, NULL, 'Master data Departemen baru ditambahkan: NICU', '36.67.108.193', '2025-09-01 03:54:54'),
(793, 1, 'CREATE_DEPARTMENT', NULL, NULL, 'Master data Departemen baru ditambahkan: HD', '36.67.108.193', '2025-09-01 03:55:00'),
(794, 1, 'CREATE_DEPARTMENT', NULL, NULL, 'Master data Departemen baru ditambahkan: ENDOSCOPY', '36.67.108.193', '2025-09-01 03:55:06'),
(795, 1, 'CREATE_DEPARTMENT', NULL, NULL, 'Master data Departemen baru ditambahkan: POLI MATA', '36.67.108.193', '2025-09-01 03:55:14'),
(796, 1, 'CREATE_DEPARTMENT', NULL, NULL, 'Master data Departemen baru ditambahkan: POLI THT', '36.67.108.193', '2025-09-01 03:55:25'),
(797, 1, 'CREATE_DEPARTMENT', NULL, NULL, 'Master data Departemen baru ditambahkan: FARMASI', '36.67.108.193', '2025-09-01 03:55:37'),
(798, 1, 'CREATE_DEPARTMENT', NULL, NULL, 'Master data Departemen baru ditambahkan: CATHLAB', '36.67.108.193', '2025-09-01 03:55:45'),
(799, 1, 'CREATE_DEPARTMENT', NULL, NULL, 'Master data Departemen baru ditambahkan: PONEK', '36.67.108.193', '2025-09-01 03:58:17'),
(800, 1, 'CREATE_DEPARTMENT', NULL, NULL, 'Master data Departemen baru ditambahkan: WK F', '36.67.108.193', '2025-09-01 03:58:39'),
(801, 1, 'CREATE_DEPARTMENT', NULL, NULL, 'Master data Departemen baru ditambahkan: POLI JIWA', '36.67.108.193', '2025-09-01 03:58:46'),
(802, 1, 'CREATE_DEPARTMENT', NULL, NULL, 'Master data Departemen baru ditambahkan: POLI UROLOGI', '36.67.108.193', '2025-09-01 03:59:06'),
(803, 1, 'CREATE_DEPARTMENT', NULL, NULL, 'Master data Departemen baru ditambahkan: POLI ASIH', '36.67.108.193', '2025-09-01 03:59:25'),
(804, 1, 'CREATE_DEPARTMENT', NULL, NULL, 'Master data Departemen baru ditambahkan: POLI KANDUNGAN', '36.67.108.193', '2025-09-01 03:59:42'),
(805, 1, 'CREATE_DEPARTMENT', NULL, NULL, 'Master data Departemen baru ditambahkan: POLI NYERI', '36.67.108.193', '2025-09-01 03:59:53'),
(806, 1, 'CREATE_DEPARTMENT', NULL, NULL, 'Master data Departemen baru ditambahkan: POLI GIGI', '36.67.108.193', '2025-09-01 04:00:05'),
(807, 1, 'CREATE_DEPARTMENT', NULL, NULL, 'Master data Departemen baru ditambahkan: POLI ORTHOPEDHI', '36.67.108.193', '2025-09-01 04:00:33'),
(808, 1, 'CREATE_DEPARTMENT', NULL, NULL, 'Master data Departemen baru ditambahkan: POLI ESTETIKA', '36.67.108.193', '2025-09-01 04:00:55'),
(809, 1, 'CREATE_DEPARTMENT', NULL, NULL, 'Master data Departemen baru ditambahkan: POLI KULIT DAN KELAMIN', '36.67.108.193', '2025-09-01 04:01:12'),
(810, 1, 'CREATE_DEPARTMENT', NULL, NULL, 'Master data Departemen baru ditambahkan: BEDAH VASKULER', '36.67.108.193', '2025-09-01 04:01:29'),
(811, 1, 'CREATE_DEPARTMENT', NULL, NULL, 'Master data Departemen baru ditambahkan: BEDAH UMUM', '36.67.108.193', '2025-09-01 04:01:36'),
(812, 1, 'CREATE_MACHINE', NULL, NULL, 'Master data Mesin baru ditambahkan: Ethylene Oxide (EO) (Kode: CC)', '36.67.108.193', '2025-09-01 04:03:48'),
(813, 1, 'CREATE_SET', 'set', 141, 'Set instrumen baru dibuat (langkah 1): \'Plastik Uro Set IBS LT 7\' (Kode: SET-00367804).', '36.67.108.193', '2025-09-01 04:20:38'),
(814, 1, 'UPDATE_SET', 'set', 141, 'Data set diperbarui untuk: \'Plastik Uro Set IBS LT 7\' (ID: 141).', '36.67.108.193', '2025-09-01 04:25:01'),
(815, 1, 'CREATE_INSTRUMENT', 'instrument', 2560, 'Instrumen baru ditambahkan: \'HAK HAK TAJAM TUMPUL\'.', '36.67.108.193', '2025-09-01 04:26:01'),
(816, 1, 'UPDATE_SET', 'set', 141, 'Data set diperbarui untuk: \'Plastik Uro Set IBS LT 7\' (ID: 141).', '36.67.108.193', '2025-09-01 04:26:26'),
(817, 1, 'CREATE_SET', 'set', 142, 'Set instrumen baru dibuat (langkah 1): \'Bedah Set 1 IBS LT 7\' (Kode: SET-00808505).', '36.67.108.193', '2025-09-01 04:27:37'),
(818, 1, 'UPDATE_SET', 'set', 142, 'Data set diperbarui untuk: \'Bedah Set 1 IBS LT 7\' (ID: 142).', '36.67.108.193', '2025-09-01 04:35:16'),
(819, 1, 'CREATE_SET', 'set', 143, 'Set instrumen baru dibuat (langkah 1): \'Bedah Set 2 IBS LT 7\' (Kode: SET-05573277).', '36.67.108.193', '2025-09-01 05:46:42'),
(820, 1, 'CREATE_CYCLE_FROM_LOAD', NULL, NULL, 'Siklus baru (ID: 60, No: SIKLUS-AA-010925-02) dibuat dan langsung diselesaikan untuk Muatan ID: 90.', '36.67.108.193', '2025-09-01 07:12:13'),
(821, 1, 'GENERATE_LABELS', NULL, NULL, 'Membuat 1 label baru untuk Muatan ID: 90.', '36.67.108.193', '2025-09-01 07:12:15'),
(822, 1, 'UPDATE_SET', 'set', 143, 'Data set diperbarui untuk: \'Bedah Set 2 IBS LT 7\' (ID: 143).', '36.67.108.193', '2025-09-01 07:50:07'),
(823, 1, 'UPDATE_SET', 'set', 143, 'Data set diperbarui untuk: \'Bedah Set 2 IBS LT 7\' (ID: 143).', '36.67.108.193', '2025-09-01 08:08:07'),
(824, 1, 'UPDATE_SET', 'set', 143, 'Data set diperbarui untuk: \'Bedah Set 2 IBS LT 7\' (ID: 143).', '36.67.108.193', '2025-09-01 08:12:43'),
(825, 1, 'CREATE_SET', 'set', 144, 'Set instrumen baru dibuat (langkah 1): \'Bedah Set 3 IBS LT 7\' (Kode: SET-14377632).', '36.67.108.193', '2025-09-01 08:13:23'),
(826, 1, 'UPDATE_SET', 'set', 144, 'Data set diperbarui untuk: \'Bedah Set 3 IBS LT 7\' (ID: 144).', '36.67.108.193', '2025-09-01 08:24:41'),
(827, 1, 'CREATE_SET', 'set', 145, 'Set instrumen baru dibuat (langkah 1): \'Bedah Set 4 IBS LT 7\' (Kode: SET-15090751).', '36.67.108.193', '2025-09-01 08:39:35'),
(828, 1, 'UPDATE_SET', 'set', 145, 'Data set diperbarui untuk: \'Bedah Set 4 IBS LT 7\' (ID: 145).', '36.67.108.193', '2025-09-01 08:40:04'),
(829, 1, 'CREATE_LOAD', 'load', 91, 'Muatan baru dibuat: MUATAN-020925-01', '114.10.152.192', '2025-09-01 23:24:13'),
(830, 1, 'UPDATE_SET', 'set', 145, 'Data set diperbarui untuk: \'Bedah Set 4 IBS LT 7\' (ID: 145).', '36.67.108.193', '2025-09-02 07:17:14'),
(831, 1, 'CREATE_SET', 'set', 146, 'Set instrumen baru dibuat (langkah 1): \'Bedah Set 5 IBS LT 7\' (Kode: SET-97535826).', '36.67.108.193', '2025-09-02 07:19:29'),
(832, 1, 'UPDATE_SET', 'set', 146, 'Data set diperbarui untuk: \'Bedah Set 5 IBS LT 7\' (ID: 146).', '36.67.108.193', '2025-09-02 07:28:18'),
(833, 1, 'CREATE_SET', 'set', 147, 'Set instrumen baru dibuat (langkah 1): \'ATE SET 1 IBS LT 7\' (Kode: SET-98169217).', '36.67.108.193', '2025-09-02 07:29:44'),
(834, 1, 'UPDATE_SET', 'set', 147, 'Data set diperbarui untuk: \'ATE SET 1 IBS LT 7\' (ID: 147).', '36.67.108.193', '2025-09-02 07:36:34'),
(835, 1, 'CREATE_INSTRUMENT', 'instrument', 2561, 'Instrumen baru ditambahkan: \'HAK BULAT\'.', '36.67.108.193', '2025-09-02 07:37:53'),
(836, 1, 'UPDATE_SET', 'set', 147, 'Data set diperbarui untuk: \'ATE SET 1 IBS LT 7\' (ID: 147).', '36.67.108.193', '2025-09-02 07:38:19'),
(837, 1, 'UPDATE_SET', 'set', 147, 'Data set diperbarui untuk: \'ATE SET 1 IBS LT 7\' (ID: 147).', '36.67.108.193', '2025-09-02 07:40:47'),
(838, 1, 'CREATE_SET', 'set', 148, 'Set instrumen baru dibuat (langkah 1): \'ATE SET 2 IBS LT 2\' (Kode: SET-98859733).', '36.67.108.193', '2025-09-02 07:41:19'),
(839, 1, 'UPDATE_SET', 'set', 148, 'Data set diperbarui untuk: \'ATE SET 2 IBS LT 7\' (ID: 148).', '36.67.108.193', '2025-09-02 07:41:29'),
(840, 1, 'UPDATE_SET', 'set', 148, 'Data set diperbarui untuk: \'ATE SET 2 IBS LT 7\' (ID: 148).', '36.67.108.193', '2025-09-02 07:50:34'),
(841, 1, 'CREATE_SET', 'set', 149, 'Set instrumen baru dibuat (langkah 1): \'Bedah THT Set IBS LT 7\' (Kode: SET-99962825).', '36.67.108.193', '2025-09-02 08:03:10'),
(842, 1, 'UPDATE_SET', 'set', 149, 'Data set diperbarui untuk: \'Bedah THT Set IBS LT 7\' (ID: 149).', '36.67.108.193', '2025-09-02 08:11:06'),
(843, 1, 'CREATE_SET', 'set', 150, 'Set instrumen baru dibuat (langkah 1): \'Endoscopy THT Set IBS LT 7\' (Kode: SET-00741309).', '36.67.108.193', '2025-09-02 08:12:51'),
(844, 1, 'UPDATE_SET', 'set', 150, 'Data set diperbarui untuk: \'Endoscopy THT Set IBS LT 7\' (ID: 150).', '36.67.108.193', '2025-09-02 08:23:09'),
(845, 1, 'CREATE_SET', 'set', 151, 'Set instrumen baru dibuat (langkah 1): \'CWL Set IBS LT 7\' (Kode: SET-02216649).', '36.67.108.193', '2025-09-02 08:37:21'),
(846, 1, 'UPDATE_SET', 'set', 151, 'Data set diperbarui untuk: \'CWL Set IBS LT 7\' (ID: 151).', '36.67.108.193', '2025-09-02 09:03:46'),
(847, 1, 'CREATE_SET', 'set', 152, 'Set instrumen baru dibuat (langkah 1): \'POLYP SET IBS LT 7\' (Kode: SET-03857971).', '36.67.108.193', '2025-09-02 09:04:33'),
(848, 1, 'UPDATE_SET', 'set', 152, 'Data set diperbarui untuk: \'POLYP SET IBS LT 7\' (ID: 152).', '36.67.108.193', '2025-09-02 09:06:03'),
(849, 1, 'CREATE_SET', 'set', 153, 'Set instrumen baru dibuat (langkah 1): \'Turbinektomy Set IBS LT 7\' (Kode: SET-03977972).', '36.67.108.193', '2025-09-02 09:06:40'),
(850, 1, 'UPDATE_SET', 'set', 153, 'Data set diperbarui untuk: \'Turbinektomy Set IBS LT 7\' (ID: 153).', '36.67.108.193', '2025-09-02 09:08:13'),
(851, 1, 'CREATE_SET', 'set', 154, 'Set instrumen baru dibuat (langkah 1): \'Telinga THT IBS LT 7\' (Kode: SET-04114171).', '36.67.108.193', '2025-09-02 09:08:48'),
(852, 1, 'UPDATE_SET', 'set', 154, 'Data set diperbarui untuk: \'Telinga THT IBS LT 7\' (ID: 154).', '36.67.108.193', '2025-09-02 09:12:24'),
(853, 1, 'CREATE_SET', 'set', 155, 'Set instrumen baru dibuat (langkah 1): \'Tracheostomy Set IBS LT 7\' (Kode: SET-04354659).', '36.67.108.193', '2025-09-02 09:13:08'),
(854, 1, 'UPDATE_SET', 'set', 155, 'Data set diperbarui untuk: \'Tracheostomy Set IBS LT 7\' (ID: 155).', '36.67.108.193', '2025-09-02 09:17:06'),
(855, 1, 'CREATE_INSTRUMENT', 'instrument', 2562, 'Instrumen baru ditambahkan: \'THREE POT\'.', '36.67.108.193', '2025-09-02 09:18:17'),
(856, 1, 'CREATE_INSTRUMENT', 'instrument', 2563, 'Instrumen baru ditambahkan: \'TWO POT\'.', '36.67.108.193', '2025-09-02 09:18:32'),
(857, 1, 'CREATE_INSTRUMENT', 'instrument', 2564, 'Instrumen baru ditambahkan: \'INTANDE HAK LENGKUNG\'.', '36.67.108.193', '2025-09-02 09:18:50'),
(858, 1, 'UPDATE_SET', 'set', 155, 'Data set diperbarui untuk: \'Tracheostomy Set IBS LT 7\' (ID: 155).', '36.67.108.193', '2025-09-02 09:19:35'),
(859, 1, 'CREATE_SET', 'set', 156, 'Set instrumen baru dibuat (langkah 1): \'KS SET IBS LT 7\' (Kode: SET-04786659).', '36.67.108.193', '2025-09-02 09:19:56'),
(860, 1, 'UPDATE_SET', 'set', 156, 'Data set diperbarui untuk: \'KS SET IBS LT 7\' (ID: 156).', '36.67.108.193', '2025-09-02 09:21:31'),
(861, 1, 'CREATE_SET', 'set', 157, 'Set instrumen baru dibuat (langkah 1): \'Set Plastik 1 IBS LT 8\' (Kode: SET-12440852).', '160.25.242.19', '2025-09-02 11:27:35'),
(862, 1, 'UPDATE_SET', 'set', 157, 'Data set diperbarui untuk: \'Set Plastik 1 IBS LT 8\' (ID: 157).', '160.25.242.19', '2025-09-02 11:34:09'),
(863, 1, 'CREATE_INSTRUMENT', 'instrument', 2565, 'Instrumen baru ditambahkan: \'HAK LANGEN GIGI TAJAM\'.', '160.25.242.19', '2025-09-02 11:34:50'),
(864, 1, 'UPDATE_SET', 'set', 157, 'Data set diperbarui untuk: \'Set Plastik 1 IBS LT 8\' (ID: 157).', '160.25.242.19', '2025-09-02 11:35:33'),
(865, 1, 'CREATE_SET', 'set', 158, 'Set instrumen baru dibuat (langkah 1): \'Set Plastik 2 IBS LT 2\' (Kode: SET-12954176).', '160.25.242.19', '2025-09-02 11:36:07'),
(866, 1, 'UPDATE_SET', 'set', 158, 'Data set diperbarui untuk: \'Set Plastik 2 IBS LT 2\' (ID: 158).', '160.25.242.19', '2025-09-02 11:40:11'),
(867, 1, 'UPDATE_INSTRUMENT', 'instrument', 2185, 'Data instrumen diperbarui untuk: \'HAK LANGEN\' (ID: 2185).', '160.25.242.19', '2025-09-02 11:40:35'),
(868, 1, 'UPDATE_SET', 'set', 158, 'Data set diperbarui untuk: \'Set Plastik 2 IBS LT 8\' (ID: 158).', '160.25.242.19', '2025-09-02 11:41:15'),
(869, 1, 'CREATE_SET', 'set', 159, 'Set instrumen baru dibuat (langkah 1): \'Set Plastik 3 IBS LT 8\' (Kode: SET-13307191).', '160.25.242.19', '2025-09-02 11:42:04'),
(870, 1, 'UPDATE_SET', 'set', 159, 'Data set diperbarui untuk: \'Set Plastik 3 IBS LT 8\' (ID: 159).', '160.25.242.19', '2025-09-02 11:45:15'),
(871, 1, 'CREATE_SET', 'set', 160, 'Set instrumen baru dibuat (langkah 1): \'Set Plastik 4 IBS LT 8\' (Kode: SET-13535044).', '160.25.242.19', '2025-09-02 11:46:48'),
(872, 1, 'UPDATE_SET', 'set', 160, 'Data set diperbarui untuk: \'Set Plastik 4 IBS LT 8\' (ID: 160).', '160.25.242.19', '2025-09-02 11:51:45'),
(873, 1, 'CREATE_SET', 'set', 161, 'Set instrumen baru dibuat (langkah 1): \'Set Plastik 5  IBS LT 8\' (Kode: SET-13954512).', '160.25.242.19', '2025-09-02 11:52:47'),
(874, 1, 'UPDATE_SET', 'set', 161, 'Data set diperbarui untuk: \'Set Plastik 5  IBS LT 8\' (ID: 161).', '160.25.242.19', '2025-09-02 12:07:49'),
(875, 1, 'CREATE_SET', 'set', 162, 'Set instrumen baru dibuat (langkah 1): \'Set Plastik 6 IBS LT 8\' (Kode: SET-15038754).', '160.25.242.19', '2025-09-02 12:11:06'),
(876, 1, 'UPDATE_SET', 'set', 162, 'Data set diperbarui untuk: \'Set Plastik 6 IBS LT 8\' (ID: 162).', '160.25.242.19', '2025-09-02 12:23:41'),
(877, 1, 'CREATE_INSTRUMENT', 'instrument', 2566, 'Instrumen baru ditambahkan: \'HAK LANGEN + GIGI TAJAM\'.', '160.25.242.19', '2025-09-02 12:24:23'),
(878, 1, 'UPDATE_SET', 'set', 162, 'Data set diperbarui untuk: \'Set Plastik 6 IBS LT 8\' (ID: 162).', '160.25.242.19', '2025-09-02 12:25:10'),
(879, 1, 'CREATE_SET', 'set', 163, 'Set instrumen baru dibuat (langkah 1): \'Set Plastik 7 IBS LT 8\' (Kode: SET-15937035).', '160.25.242.19', '2025-09-02 12:25:57'),
(880, 1, 'UPDATE_SET', 'set', 163, 'Data set diperbarui untuk: \'Set Plastik 7 IBS LT 8\' (ID: 163).', '160.25.242.19', '2025-09-02 12:26:03'),
(881, 1, 'UPDATE_SET', 'set', 163, 'Data set diperbarui untuk: \'Set Plastik 7 IBS LT 8\' (ID: 163).', '160.25.242.19', '2025-09-02 12:29:39'),
(882, 1, 'CREATE_SET', 'set', 164, 'Set instrumen baru dibuat (langkah 1): \'Set Plastik 8 IBS LT 8\' (Kode: SET-16197248).', '160.25.242.19', '2025-09-02 12:30:14'),
(883, 1, 'UPDATE_SET', 'set', 164, 'Data set diperbarui untuk: \'Set Plastik 8 IBS LT 8\' (ID: 164).', '160.25.242.19', '2025-09-02 12:30:52'),
(884, 1, 'UPDATE_SET', 'set', 164, 'Data set diperbarui untuk: \'Set Plastik 8 IBS LT 8\' (ID: 164).', '160.25.242.19', '2025-09-02 12:39:24'),
(885, 1, 'CREATE_SET', 'set', 165, 'Set instrumen baru dibuat (langkah 1): \'Set Bedah Obsgyn 1 IBS LT 8\' (Kode: SET-17264753).', '160.25.242.19', '2025-09-02 12:48:09'),
(886, 1, 'UPDATE_SET', 'set', 165, 'Data set diperbarui untuk: \'Set Bedah Obsgyn 1 IBS LT 8\' (ID: 165).', '160.25.242.19', '2025-09-02 12:53:41'),
(887, 1, 'CREATE_SET', 'set', 166, 'Set instrumen baru dibuat (langkah 1): \'Set Obsgyn 2 IBS LT 8\' (Kode: SET-17721820).', '160.25.242.19', '2025-09-02 12:56:32'),
(888, 1, 'UPDATE_SET', 'set', 166, 'Data set diperbarui untuk: \'Set Obsgyn 2 IBS LT 8\' (ID: 166).', '160.25.242.19', '2025-09-02 13:02:41'),
(889, 1, 'CREATE_INSTRUMENT', 'instrument', 2567, 'Instrumen baru ditambahkan: \'MYOM BOR\'.', '160.25.242.19', '2025-09-02 13:04:14'),
(890, 1, 'UPDATE_SET', 'set', 166, 'Data set diperbarui untuk: \'Set Obsgyn 2 IBS LT 8\' (ID: 166).', '160.25.242.19', '2025-09-02 13:04:48'),
(891, 1, 'CREATE_INSTRUMENT_TYPE', NULL, NULL, 'Master data Tipe Instrumen baru ditambahkan: Kassa', '36.67.108.193', '2025-09-03 02:23:37'),
(892, 1, 'CREATE_INSTRUMENT_TYPE', NULL, NULL, 'Master data Tipe Instrumen baru ditambahkan: Karet', '36.67.108.193', '2025-09-03 02:23:42'),
(893, 1, 'CREATE_INSTRUMENT_TYPE', NULL, NULL, 'Master data Tipe Instrumen baru ditambahkan: Kaca', '36.67.108.193', '2025-09-03 02:23:50'),
(894, 1, 'VOID_LABEL', 'label', 299, 'Label UID: 3EEB84C3 dibatalkan. Alasan: Tidak jadi disterilkan', '36.67.108.193', '2025-09-03 02:34:14'),
(895, 1, 'EXPORT_LOADS', NULL, NULL, 'Mengekspor data riwayat muatan ke CSV.', '36.67.108.193', '2025-09-03 02:34:46'),
(896, 1, 'EXPORT_LOADS', NULL, NULL, 'Mengekspor data riwayat muatan ke CSV.', '36.67.108.193', '2025-09-03 02:35:09'),
(897, 1, 'EXPORT_LOADS', NULL, NULL, 'Mengekspor data riwayat muatan ke CSV.', '36.67.108.193', '2025-09-03 02:39:52'),
(898, 1, 'EXPORT_LABELS', NULL, NULL, 'Mengekspor data riwayat label ke CSV.', '103.148.200.241', '2025-09-03 02:44:20'),
(899, 1, 'EXPORT_LOADS', NULL, NULL, 'Mengekspor data riwayat muatan ke CSV.', '36.67.108.193', '2025-09-03 03:09:49'),
(900, 1, 'EXPORT_LABELS', NULL, NULL, 'Mengekspor data riwayat label ke CSV.', '182.2.73.240', '2025-09-03 03:22:13'),
(901, 1, 'CREATE_SET', 'set', 167, 'Set instrumen baru dibuat (langkah 1): \'Set Bedah 1 IBS LT 8\' (Kode: SET-71438704).', '36.67.108.193', '2025-09-03 03:50:57'),
(902, 1, 'UPDATE_SET', 'set', 167, 'Data set diperbarui untuk: \'Set Bedah 1 IBS LT 8\' (ID: 167).', '36.67.108.193', '2025-09-03 04:09:22'),
(903, 1, 'CREATE_SET', 'set', 168, 'Set instrumen baru dibuat (langkah 1): \'Set Bedah 2 IBS LT 8\' (Kode: SET-72580397).', '36.67.108.193', '2025-09-03 04:10:06'),
(904, 1, 'UPDATE_SET', 'set', 168, 'Data set diperbarui untuk: \'Set Bedah 2 IBS LT 8\' (ID: 168).', '36.67.108.193', '2025-09-03 04:14:24'),
(905, 1, 'EXPORT_LABELS', NULL, NULL, 'Mengekspor data riwayat label ke CSV.', '36.67.108.193', '2025-09-03 04:15:10'),
(906, 1, 'EXPORT_LABELS', NULL, NULL, 'Mengekspor data riwayat label ke CSV.', '36.67.108.193', '2025-09-03 04:18:33'),
(907, 1, 'EXPORT_LABELS', NULL, NULL, 'Mengekspor data riwayat label ke CSV.', '182.2.73.240', '2025-09-03 04:31:55'),
(908, 1, 'CREATE_SET', 'set', 169, 'Set instrumen baru dibuat (langkah 1): \'Set Bedah 3 IBS LT 8\' (Kode: SET-74134224).', '36.67.108.193', '2025-09-03 04:35:56'),
(909, 1, 'UPDATE_SET', 'set', 169, 'Data set diperbarui untuk: \'Set Bedah 3 IBS LT 8\' (ID: 169).', '36.67.108.193', '2025-09-03 05:42:07'),
(910, 1, 'CREATE_SET', 'set', 170, 'Set instrumen baru dibuat (langkah 1): \'Set Bedah 4 IBS LT 8\' (Kode: SET-78181527).', '36.67.108.193', '2025-09-03 05:43:33'),
(911, 1, 'UPDATE_SET', 'set', 170, 'Data set diperbarui untuk: \'Set Bedah 4 IBS LT 8\' (ID: 170).', '36.67.108.193', '2025-09-03 05:49:01'),
(912, 1, 'CREATE_SET', 'set', 171, 'Set instrumen baru dibuat (langkah 1): \'Set Bedah 5 IBS LT 8\' (Kode: SET-78584484).', '36.67.108.193', '2025-09-03 05:50:57'),
(913, 1, 'UPDATE_SET', 'set', 171, 'Data set diperbarui untuk: \'Set Bedah 5 IBS LT 8\' (ID: 171).', '36.67.108.193', '2025-09-03 05:51:10'),
(914, 1, 'UPDATE_INSTRUMENT', 'instrument', 1933, 'Data instrumen diperbarui untuk: \'BULB KOCK\' (ID: 1933).', '36.67.108.193', '2025-09-03 05:52:06'),
(915, 1, 'UPDATE_SET', 'set', 171, 'Data set diperbarui untuk: \'Set Bedah 5 IBS LT 8\' (ID: 171).', '36.67.108.193', '2025-09-03 05:56:51'),
(916, 1, 'CREATE_LOAD', 'load', 92, 'Muatan baru dibuat: MUATAN-030925-01', '36.67.108.193', '2025-09-03 06:11:49'),
(917, 1, 'CREATE_CYCLE_FROM_LOAD', NULL, NULL, 'Siklus baru (ID: 61, No: SIKLUS-AA-030925-01) dibuat dan langsung diselesaikan untuk Muatan ID: 92.', '36.67.108.193', '2025-09-03 06:12:17'),
(918, 1, 'GENERATE_LABELS', NULL, NULL, 'Membuat 1 label baru untuk Muatan ID: 92.', '36.67.108.193', '2025-09-03 06:12:21'),
(919, 1, 'CREATE_SET', 'set', 172, 'Set instrumen baru dibuat (langkah 1): \'Bedah Besar 1 IBS LT 8\' (Kode: SET-82579976).', '36.67.108.193', '2025-09-03 06:56:48'),
(920, 1, 'UPDATE_SET', 'set', 172, 'Data set diperbarui untuk: \'Bedah Besar 1 IBS LT 8\' (ID: 172).', '36.67.108.193', '2025-09-03 07:05:52'),
(921, 1, 'CREATE_SET', 'set', 173, 'Set instrumen baru dibuat (langkah 1): \'Bedah Besar 2 IBS LT 8\' (Kode: SET-83312030).', '36.67.108.193', '2025-09-03 07:09:19'),
(922, 1, 'UPDATE_SET', 'set', 173, 'Data set diperbarui untuk: \'Bedah Besar 2 IBS LT 8\' (ID: 173).', '36.67.108.193', '2025-09-03 07:15:31'),
(923, 1, 'CREATE_SET', 'set', 174, 'Set instrumen baru dibuat (langkah 1): \'Bedah Anak IBS LT 8\' (Kode: SET-83833982).', '36.67.108.193', '2025-09-03 07:18:28'),
(924, 1, 'UPDATE_SET', 'set', 174, 'Data set diperbarui untuk: \'Bedah Anak IBS LT 8\' (ID: 174).', '36.67.108.193', '2025-09-03 07:24:27'),
(925, 1, 'UPDATE_SET', 'set', 174, 'Data set diperbarui untuk: \'Bedah Anak IBS LT 8\' (ID: 174).', '36.67.108.193', '2025-09-03 07:26:20'),
(926, 1, 'CREATE_SET', 'set', 175, 'Set instrumen baru dibuat (langkah 1): \'Set Boor NSK Primado 2 IBS LT 8\' (Kode: SET-84528390).', '36.67.108.193', '2025-09-03 07:31:32'),
(927, 1, 'UPDATE_SET', 'set', 175, 'Data set diperbarui untuk: \'Set Boor NSK Primado 2 IBS LT 8\' (ID: 175).', '36.67.108.193', '2025-09-03 07:32:00'),
(928, 1, 'UPDATE_SET', 'set', 175, 'Data set diperbarui untuk: \'Set Boor NSK Primado 2 IBS LT 8\' (ID: 175).', '36.67.108.193', '2025-09-03 07:32:49'),
(929, 1, 'CREATE_INSTRUMENT', 'instrument', 2568, 'Instrumen baru ditambahkan: \'2270001 HAND PIECE DRILL BIONET\'.', '36.67.108.193', '2025-09-03 07:33:35'),
(930, 1, 'CREATE_INSTRUMENT', 'instrument', 2569, 'Instrumen baru ditambahkan: \'Obkx0008HAND PIECE DRILL BIONET\'.', '36.67.108.193', '2025-09-03 07:35:55'),
(931, 1, 'CREATE_INSTRUMENT', 'instrument', 2570, 'Instrumen baru ditambahkan: \'2420028 HAND PIECE DRILL BIONET\'.', '36.67.108.193', '2025-09-03 07:36:23'),
(932, 1, 'UPDATE_INSTRUMENT', 'instrument', 2164, 'Data instrumen diperbarui untuk: \'HAND PIECE DRILL PENDEK BIONET\' (ID: 2164).', '36.67.108.193', '2025-09-03 07:37:16'),
(933, 1, 'UPDATE_SET', 'set', 175, 'Data set diperbarui untuk: \'Set Boor NSK Primado 2 IBS LT 8\' (ID: 175).', '36.67.108.193', '2025-09-03 07:38:49'),
(934, 1, 'CREATE_SET', 'set', 176, 'Set instrumen baru dibuat (langkah 1): \'Elan 4 Electo Set IBS LT 8\' (Kode: SET-85180606).', '36.67.108.193', '2025-09-03 07:40:12'),
(935, 1, 'UPDATE_SET', 'set', 176, 'Data set diperbarui untuk: \'Elan 4 Electo Set IBS LT 8\' (ID: 176).', '36.67.108.193', '2025-09-03 07:41:59'),
(936, 1, 'CREATE_SET', 'set', 177, 'Set instrumen baru dibuat (langkah 1): \'AESCULAP Micro Neurosurgery Set IBS LT 8\' (Kode: SET-85771281).', '36.67.108.193', '2025-09-03 07:49:51'),
(937, 1, 'UPDATE_SET', 'set', 177, 'Data set diperbarui untuk: \'AESCULAP Micro Neurosurgery Set IBS LT 8\' (ID: 177).', '36.67.108.193', '2025-09-03 08:06:06'),
(938, 1, 'CREATE_SET', 'set', 178, 'Set instrumen baru dibuat (langkah 1): \'AESCULAP Microlumbar Dissectomy Instrument Set IBS LT 8\' (Kode: SET-87178753).', '36.67.108.193', '2025-09-03 08:13:23'),
(939, 1, 'UPDATE_SET', 'set', 178, 'Data set diperbarui untuk: \'AESCULAP Microlumbar Dissectomy Instrument Set IBS LT 8\' (ID: 178).', '36.67.108.193', '2025-09-03 08:14:15'),
(940, 1, 'UPDATE_SET', 'set', 177, 'Data set diperbarui untuk: \'AESCULAP Micro Neurosurgery Set IBS LT 8\' (ID: 177).', '36.67.108.193', '2025-09-03 08:14:56'),
(941, 1, 'UPDATE_SET', 'set', 178, 'Data set diperbarui untuk: \'AESCULAP Microlumbar Dissectomy Instrument Set IBS LT 8\' (ID: 178).', '36.67.108.193', '2025-09-03 08:31:06'),
(942, 1, 'CREATE_SET', 'set', 179, 'Set instrumen baru dibuat (langkah 1): \'AESCULAP Kerrison and Rongeurs set 1, Complete IBS LT 8\' (Kode: SET-88475010).', '36.67.108.193', '2025-09-03 08:34:58'),
(943, 1, 'UPDATE_SET', 'set', 179, 'Data set diperbarui untuk: \'AESCULAP Kerrison and Rongeurs set 1, Complete IBS LT 8\' (ID: 179).', '36.67.108.193', '2025-09-03 08:44:12'),
(944, 1, 'CREATE_SET', 'set', 180, 'Set instrumen baru dibuat (langkah 1): \'AESCULAP Caspar Cervical Retractor System set 1 IBS LT 8\' (Kode: SET-89072964).', '36.67.108.193', '2025-09-03 08:44:49'),
(945, 1, 'UPDATE_SET', 'set', 180, 'Data set diperbarui untuk: \'AESCULAP Caspar Cervical Retractor System set 1 IBS LT 8\' (ID: 180).', '36.67.108.193', '2025-09-03 09:02:00'),
(946, 1, 'CREATE_SET', 'set', 181, 'Set instrumen baru dibuat (langkah 1): \'AESCULAP WFNS Spinal Set 1/Laminectomy IBS LT 8\' (Kode: SET-90132421).', '36.67.108.193', '2025-09-03 09:02:36'),
(947, 1, 'UPDATE_SET', 'set', 181, 'Data set diperbarui untuk: \'AESCULAP WFNS Spinal Set 1/Laminectomy IBS LT 8\' (ID: 181).', '36.67.108.193', '2025-09-03 09:12:27'),
(948, 1, 'UPDATE_INSTRUMENT', 'instrument', 2063, 'Data instrumen diperbarui untuk: \'DISSECTOR 240MM SPAT.ENDS 3+4MM\' (ID: 2063).', '36.67.108.193', '2025-09-03 09:14:02'),
(949, 1, 'CREATE_SET', 'set', 182, 'Set instrumen baru dibuat (langkah 1): \'AESCULAP Caspar Lumbar Retractor (CLR) Instrument Set IBS LT 8\' (Kode: SET-90858589).', '36.67.108.193', '2025-09-03 09:17:12'),
(950, 1, 'UPDATE_SET', 'set', 182, 'Data set diperbarui untuk: \'AESCULAP Caspar Lumbar Retractor (CLR) Instrument Set IBS LT 8\' (ID: 182).', '36.67.108.193', '2025-09-03 09:20:21'),
(951, 1, 'CREATE_LOAD', 'load', 93, 'Muatan baru dibuat: MUATAN-030925-02', '114.10.16.102', '2025-09-03 11:53:49'),
(952, 1, 'CREATE_LOAD', 'load', 94, 'Muatan baru dibuat: MUATAN-030925-03', '114.10.5.26', '2025-09-03 14:49:58'),
(953, 1, 'CREATE_LOAD', 'load', 95, 'Muatan baru dibuat: MUATAN-030925-04', '114.10.5.26', '2025-09-03 14:53:04'),
(954, 1, 'CREATE_LOAD', 'load', 96, 'Muatan baru dibuat: MUATAN-030925-05', '114.10.5.26', '2025-09-03 14:53:47'),
(955, 1, 'CREATE_SET', 'set', 183, 'Set instrumen baru dibuat (langkah 1): \'Set Amputasi\' (Kode: SET-70731902).', '36.67.108.193', '2025-09-04 07:26:21'),
(956, 1, 'UPDATE_SET', 'set', 183, 'Data set diperbarui untuk: \'Set Amputasi\' (ID: 183).', '36.67.108.193', '2025-09-04 07:34:41'),
(957, 1, 'UPDATE_SET', 'set', 183, 'Data set diperbarui untuk: \'Set Amputasi IBS LT 8\' (ID: 183).', '36.67.108.193', '2025-09-04 07:35:07'),
(958, 1, 'CREATE_SET', 'set', 184, 'Set instrumen baru dibuat (langkah 1): \'Tracheostomy Set IBS LT 8\' (Kode: SET-71318206).', '36.67.108.193', '2025-09-04 07:35:58'),
(959, 1, 'UPDATE_SET', 'set', 184, 'Data set diperbarui untuk: \'Tracheostomy Set IBS LT 8\' (ID: 184).', '36.67.108.193', '2025-09-04 07:38:43'),
(960, 1, 'CREATE_SET', 'set', 185, 'Set instrumen baru dibuat (langkah 1): \'Onkologi IBS LT 8\' (Kode: SET-72359499).', '36.67.108.193', '2025-09-04 07:52:56'),
(961, 1, 'UPDATE_SET', 'set', 185, 'Data set diperbarui untuk: \'Onkologi IBS LT 8\' (ID: 185).', '36.67.108.193', '2025-09-04 07:55:09'),
(962, 1, 'UPDATE_SET', 'set', 185, 'Data set diperbarui untuk: \'Onkologi IBS LT 8\' (ID: 185).', '36.67.108.193', '2025-09-04 07:57:36'),
(963, 1, 'CREATE_SET', 'set', 186, 'Set instrumen baru dibuat (langkah 1): \'Laparascopy IBS LT 8\' (Kode: SET-72695277).', '36.67.108.193', '2025-09-04 07:58:43'),
(964, 1, 'UPDATE_SET', 'set', 186, 'Data set diperbarui untuk: \'Laparascopy IBS LT 8\' (ID: 186).', '36.67.108.193', '2025-09-04 08:04:18'),
(965, 1, 'CREATE_SET', 'set', 187, 'Set instrumen baru dibuat (langkah 1): \'AV SHUNT 1 IBS LT 8\' (Kode: SET-73068672).', '36.67.108.193', '2025-09-04 08:04:52'),
(966, 1, 'UPDATE_SET', 'set', 187, 'Data set diperbarui untuk: \'AV SHUNT 1 IBS LT 8\' (ID: 187).', '36.67.108.193', '2025-09-04 08:07:01'),
(967, 1, 'UPDATE_SET', 'set', 187, 'Data set diperbarui untuk: \'AV SHUNT 1 IBS LT 8\' (ID: 187).', '36.67.108.193', '2025-09-04 08:08:05'),
(968, 1, 'CREATE_SET', 'set', 188, 'Set instrumen baru dibuat (langkah 1): \'AV SHUNT 2 IBS LT 8\' (Kode: SET-73302142).', '36.67.108.193', '2025-09-04 08:08:53'),
(969, 1, 'UPDATE_SET', 'set', 188, 'Data set diperbarui untuk: \'AV SHUNT 2 IBS LT 8\' (ID: 188).', '36.67.108.193', '2025-09-04 08:11:02'),
(970, 1, 'CREATE_SET', 'set', 189, 'Set instrumen baru dibuat (langkah 1): \'AV SHUNT 3 IBS LT 8\' (Kode: SET-73484628).', '36.67.108.193', '2025-09-04 08:11:37'),
(971, 1, 'UPDATE_SET', 'set', 189, 'Data set diperbarui untuk: \'AV SHUNT 3 IBS LT 8\' (ID: 189).', '36.67.108.193', '2025-09-04 08:17:09');

-- --------------------------------------------------------

--
-- Table structure for table `app_settings`
--

CREATE TABLE `app_settings` (
  `setting_name` varchar(100) NOT NULL,
  `setting_value` text DEFAULT NULL,
  `updated_at` timestamp NULL DEFAULT current_timestamp() ON UPDATE current_timestamp()
) ENGINE=InnoDB DEFAULT CHARSET=utf8mb4 COLLATE=utf8mb4_general_ci;

--
-- Dumping data for table `app_settings`
--

INSERT INTO `app_settings` (`setting_name`, `setting_value`, `updated_at`) VALUES
('app_instance_name', 'Lifira', '2025-08-07 18:40:52'),
('app_logo_filename', 'logo.png', '2025-07-07 06:05:00'),
('default_expiry_days', '30', '2025-07-06 23:36:58'),
('enable_pending_validation', '0', '2025-06-04 07:24:55'),
('print_template', 'normal', '2025-07-29 02:44:56'),
('show_app_name_beside_logo', '1', '2025-07-05 22:25:43'),
('show_status_block_on_detail_page', '0', '2025-06-04 16:15:13'),
('staff_can_manage_instruments', '0', '2025-07-06 03:31:58'),
('staff_can_manage_sets', '0', '2025-07-06 01:39:50'),
('staff_can_view_activity_log', '0', '2025-07-06 01:39:50'),
('thermal_custom_text_1', 'DR SOEDONO', '2025-08-07 18:39:31'),
('thermal_custom_text_2', '', '2025-08-07 18:39:31'),
('thermal_fields_config', '{\"item_name\":{\"visible\":false,\"order\":2,\"hide_label\":true,\"custom_label\":\"\"},\"label_title\":{\"visible\":true,\"order\":2,\"hide_label\":true,\"custom_label\":\"\"},\"created_at\":{\"visible\":true,\"order\":4,\"hide_label\":false,\"custom_label\":\"Prd\"},\"expiry_date\":{\"visible\":true,\"order\":5,\"hide_label\":false,\"custom_label\":\"Exp\"},\"label_unique_id\":{\"visible\":false,\"order\":3,\"hide_label\":true,\"custom_label\":\"\"},\"load_name\":{\"visible\":false,\"order\":6,\"hide_label\":false,\"custom_label\":\"\"},\"cycle_number\":{\"visible\":false,\"order\":7,\"hide_label\":false,\"custom_label\":\"\"},\"machine_name\":{\"visible\":false,\"order\":8,\"hide_label\":false,\"custom_label\":\"\"},\"creator_username\":{\"visible\":false,\"order\":9,\"hide_label\":false,\"custom_label\":\"\"},\"used_at\":{\"visible\":false,\"order\":6,\"hide_label\":false,\"custom_label\":\"\"},\"notes\":{\"visible\":false,\"order\":10,\"hide_label\":false,\"custom_label\":\"\"},\"custom_text_1\":{\"visible\":true,\"order\":1,\"hide_label\":true,\"custom_label\":\"\"},\"custom_text_2\":{\"visible\":false,\"order\":12,\"hide_label\":false,\"custom_label\":\"\"},\"cycle_operator_name\":{\"visible\":false,\"order\":9,\"hide_label\":false,\"custom_label\":\"\"},\"cycle_date\":{\"visible\":false,\"order\":10,\"hide_label\":false,\"custom_label\":\"\"},\"load_creator_name\":{\"visible\":false,\"order\":11,\"hide_label\":false,\"custom_label\":\"\"},\"destination_department_name\":{\"visible\":true,\"order\":12,\"hide_label\":false,\"custom_label\":\"\"}}', '2025-08-27 15:05:20'),
('thermal_fields_visibility', '{\"item_name\":false,\"label_unique_id\":false,\"autoclave_cycle_id\":false,\"created_at\":false,\"expiry_date\":false,\"creator_username\":false,\"notes\":false}', '2025-05-29 16:26:33'),
('thermal_paper_height_mm', '70', '2025-07-03 16:58:21'),
('thermal_paper_width_mm', '70', '2025-05-31 09:39:00'),
('thermal_qr_position', 'top_left_aligned', '2025-08-11 03:38:43'),
('thermal_qr_size', 'medium', '2025-07-22 12:41:37');

-- --------------------------------------------------------

--
-- Table structure for table `departments`
--

CREATE TABLE `departments` (
  `department_id` int(11) NOT NULL,
  `department_name` varchar(100) NOT NULL,
  `is_active` tinyint(1) NOT NULL DEFAULT 1,
  `created_at` timestamp NOT NULL DEFAULT current_timestamp()
) ENGINE=InnoDB DEFAULT CHARSET=utf8mb4 COLLATE=utf8mb4_general_ci COMMENT='Master data untuk nama departemen atau unit.';

--
-- Dumping data for table `departments`
--

INSERT INTO `departments` (`department_id`, `department_name`, `is_active`, `created_at`) VALUES
(11, 'CSSD', 1, '2025-08-11 02:31:23'),
(12, 'IBS LANTAI 2', 1, '2025-08-25 01:42:43'),
(13, 'IBS LANTAI 7', 1, '2025-09-01 03:44:23'),
(14, 'IBS LANTAI 8', 1, '2025-09-01 03:44:34'),
(15, 'WK A', 1, '2025-09-01 03:49:14'),
(16, 'WK B', 1, '2025-09-01 03:49:20'),
(17, 'WK C', 1, '2025-09-01 03:49:27'),
(18, 'WK D', 1, '2025-09-01 03:49:40'),
(19, 'IRD', 1, '2025-09-01 03:50:02'),
(20, 'POLI SPESIALIS', 1, '2025-09-01 03:50:42'),
(21, 'MERPATI A', 1, '2025-09-01 03:52:46'),
(22, 'MERPATI B', 1, '2025-09-01 03:52:58'),
(23, 'MERPATI C', 1, '2025-09-01 03:53:08'),
(24, 'MERPATI D', 1, '2025-09-01 03:53:22'),
(25, 'MERPATI F', 1, '2025-09-01 03:53:34'),
(26, 'MAWAR', 1, '2025-09-01 03:54:19'),
(27, 'UNIT STROKE', 1, '2025-09-01 03:54:32'),
(28, 'MELATI', 1, '2025-09-01 03:54:44'),
(29, 'NICU', 1, '2025-09-01 03:54:54'),
(30, 'HD', 1, '2025-09-01 03:55:00'),
(31, 'ENDOSCOPY', 1, '2025-09-01 03:55:06'),
(32, 'POLI MATA', 1, '2025-09-01 03:55:14'),
(33, 'POLI THT', 1, '2025-09-01 03:55:25'),
(34, 'FARMASI', 1, '2025-09-01 03:55:37'),
(35, 'CATHLAB', 1, '2025-09-01 03:55:45'),
(36, 'PONEK', 1, '2025-09-01 03:58:17'),
(37, 'WK F', 1, '2025-09-01 03:58:39'),
(38, 'POLI JIWA', 1, '2025-09-01 03:58:46'),
(39, 'POLI UROLOGI', 1, '2025-09-01 03:59:06'),
(40, 'POLI ASIH', 1, '2025-09-01 03:59:25'),
(41, 'POLI KANDUNGAN', 1, '2025-09-01 03:59:42'),
(42, 'POLI NYERI', 1, '2025-09-01 03:59:53'),
(43, 'POLI GIGI', 1, '2025-09-01 04:00:05'),
(44, 'POLI ORTHOPEDHI', 1, '2025-09-01 04:00:33'),
(45, 'POLI ESTETIKA', 1, '2025-09-01 04:00:55'),
(46, 'POLI KULIT DAN KELAMIN', 1, '2025-09-01 04:01:12'),
(47, 'BEDAH VASKULER', 1, '2025-09-01 04:01:29'),
(48, 'BEDAH UMUM', 1, '2025-09-01 04:01:36');

-- --------------------------------------------------------

--
-- Table structure for table `instruments`
--

CREATE TABLE `instruments` (
  `instrument_id` int(11) NOT NULL,
  `instrument_name` varchar(255) NOT NULL,
  `instrument_code` varchar(100) DEFAULT NULL,
  `instrument_type_id` int(11) DEFAULT NULL,
  `department_id` int(11) NOT NULL,
  `notes` text DEFAULT NULL,
  `image_filename` varchar(255) DEFAULT NULL,
  `status` varchar(50) NOT NULL DEFAULT 'tersedia',
  `expiry_in_days` int(5) DEFAULT NULL COMMENT 'Masa kedaluwarsa standar untuk instrumen ini dalam hari. NULL berarti menggunakan pengaturan global.',
  `created_by_user_id` int(11) DEFAULT NULL,
  `created_at` timestamp NULL DEFAULT current_timestamp(),
  `updated_at` timestamp NULL DEFAULT current_timestamp() ON UPDATE current_timestamp()
) ENGINE=InnoDB DEFAULT CHARSET=utf8mb4 COLLATE=utf8mb4_general_ci;

--
-- Dumping data for table `instruments`
--

INSERT INTO `instruments` (`instrument_id`, `instrument_name`, `instrument_code`, `instrument_type_id`, `department_id`, `notes`, `image_filename`, `status`, `expiry_in_days`, `created_by_user_id`, `created_at`, `updated_at`) VALUES
(102, 'Pinset', 'INST-79852081', 14, 11, NULL, NULL, 'tersedia', 365, 1, '2025-08-11 02:38:58', '2025-08-27 00:50:09'),
(103, 'ELEPATORIUM', 'INST-80331265', 14, 11, NULL, NULL, 'tersedia', 7, 1, '2025-08-11 02:46:07', '2025-08-27 00:56:07'),
(104, 'BONE CURETTE', 'INST-80378177', 14, 11, NULL, NULL, 'tersedia', 7, 1, '2025-08-11 02:46:26', '2025-08-27 00:40:54'),
(105, 'BONE TANG', 'INST-80412000', 14, 11, NULL, NULL, 'tersedia', 7, 1, '2025-08-11 02:47:14', '2025-08-27 00:43:24'),
(106, 'CANULE SUCTION', 'INST-80444160', 14, 11, NULL, NULL, 'tersedia', 7, 1, '2025-08-11 02:47:36', '2025-08-27 00:44:12'),
(107, 'COBRA', 'INST-80461000', 14, 11, NULL, NULL, 'tersedia', 7, 1, '2025-08-11 02:47:47', '2025-08-27 00:55:12'),
(108, 'CUCING', 'INST-80476232', 14, 11, NULL, NULL, 'tersedia', 7, 1, '2025-08-11 02:47:59', '2025-08-27 00:55:33'),
(109, 'DUK KLEM', 'INST-80492810', 14, 11, NULL, NULL, 'tersedia', 7, 1, '2025-08-11 02:48:16', '2025-08-27 00:55:49'),
(110, 'GUNTING METZEMBUM', 'INST-80510977', 14, 11, NULL, NULL, 'tersedia', 7, 1, '2025-08-11 02:48:39', '2025-08-27 00:56:23'),
(111, 'GUNTING STANDART', 'INST-80523136', 14, 11, NULL, NULL, 'tersedia', 7, 1, '2025-08-11 02:48:59', '2025-08-27 00:57:19'),
(112, 'HAK FEMUR / CLOW HACK', 'INST-80543497', 14, 11, NULL, NULL, 'tersedia', 7, 1, '2025-08-11 02:49:14', '2025-08-27 00:58:16'),
(113, 'HAK LANGENBACK', 'INST-80558472', 14, 11, NULL, NULL, 'tersedia', 7, 1, '2025-08-11 02:49:31', '2025-08-27 01:10:41'),
(114, 'HAK RUNCING – TUMPUL', 'INST-80574769', 14, 11, NULL, NULL, 'tersedia', 7, 1, '2025-08-11 02:49:41', '2025-08-27 01:17:32'),
(115, 'HAK RUNCING GIGI', 'INST-80584393', 14, 11, NULL, NULL, 'tersedia', 7, 1, '2025-08-11 02:49:53', '2025-08-27 01:12:06'),
(116, 'HANDLE MESS NO. 3', 'INST-80596369', 14, 11, NULL, NULL, 'tersedia', 7, 1, '2025-08-11 02:50:06', '2025-08-27 01:17:54'),
(117, 'HANDLE MESS NO. 3 DAN 4', 'INST-80610056', 14, 11, NULL, NULL, 'tersedia', 7, 1, '2025-08-11 02:50:17', '2025-08-27 01:18:16'),
(118, 'INTANDE HAAK', 'INST-80620632', 14, 11, NULL, NULL, 'tersedia', 7, 1, '2025-08-11 02:50:40', '2025-08-27 01:20:26'),
(119, 'KNABLE', 'INST-80644336', 14, 11, NULL, NULL, 'tersedia', 7, 1, '2025-08-11 02:50:54', '2025-08-27 01:27:34'),
(120, 'KOCHER  PANJANG', 'INST-80658265', 14, 11, NULL, NULL, 'tersedia', 7, 1, '2025-08-11 02:51:06', '2025-08-27 01:28:01'),
(121, 'KOCHER PENDEK', 'INST-80669729', 14, 11, NULL, NULL, 'tersedia', 7, 1, '2025-08-11 02:51:18', '2025-08-27 01:28:23'),
(122, 'KROM PANJANG', 'INST-80681784', 14, 11, NULL, NULL, 'tersedia', 7, 1, '2025-08-11 02:51:31', '2025-08-27 01:28:49'),
(123, 'KROM PENDEK', 'INST-80694521', 14, 11, NULL, NULL, 'tersedia', 7, 1, '2025-08-11 02:51:44', '2025-08-27 01:37:21'),
(124, 'MULER', 'INST-80707145', 14, 11, NULL, NULL, 'tersedia', 7, 1, '2025-08-11 02:51:56', '2025-08-27 01:37:32'),
(125, 'NALD VOELDER', 'INST-80719352', 14, 11, NULL, NULL, 'tersedia', 7, 1, '2025-08-11 02:52:07', '2025-08-27 01:37:49'),
(126, 'NAMPAN / BENGKOK', 'INST-80730816', 14, 11, NULL, NULL, 'tersedia', 7, 1, '2025-08-11 02:52:18', '2025-08-27 01:41:13'),
(127, 'PEAN ARTERI KLEM', 'INST-80741905', 14, 11, NULL, NULL, 'tersedia', 7, 1, '2025-08-11 02:52:29', '2025-08-27 01:41:29'),
(128, 'PINZET ANATOMI', 'INST-80752898', 14, 11, NULL, NULL, 'tersedia', 7, 1, '2025-08-11 02:52:39', '2025-08-27 01:41:44'),
(129, 'PINZET CIRURGIE', 'INST-80763105', 14, 11, NULL, NULL, 'tersedia', 7, 1, '2025-08-11 02:52:51', '2025-08-27 01:43:35'),
(130, 'RASPATARIUM', 'INST-80775233', 14, 11, NULL, NULL, 'tersedia', 7, 1, '2025-08-11 02:53:04', '2025-08-27 01:43:45'),
(131, 'REDUCTION  (KREK)', 'INST-80787193', 14, 11, NULL, NULL, 'tersedia', 7, 1, '2025-08-11 02:53:15', '2025-08-27 01:43:58'),
(132, 'REDUCTION  (ULIR)', 'INST-80798826', 14, 11, NULL, NULL, 'tersedia', 7, 1, '2025-08-11 02:53:27', '2025-08-27 01:45:43'),
(133, 'RING TANG/PEAN PANJANG', 'INST-80810345', 14, 11, NULL, NULL, 'tersedia', 7, 1, '2025-08-11 02:53:39', '2025-08-27 01:46:14'),
(134, 'SPEERRER HAAK', 'INST-80822584', 14, 11, NULL, NULL, 'tersedia', 7, 1, '2025-08-11 02:53:52', '2025-08-27 01:46:54'),
(135, 'TREEFORT', 'INST-80835152', 14, 11, NULL, NULL, 'tersedia', 7, 1, '2025-08-11 02:54:03', '2025-08-27 01:47:13'),
(136, 'VERBRUGGE', 'INST-80846584', 14, 11, NULL, NULL, 'tersedia', 7, 1, '2025-08-11 02:54:24', '2025-08-27 01:47:25'),
(137, 'VERBRUGGE KECIL-SDG', 'INST-80867561', 14, 11, NULL, NULL, 'tersedia', 7, 1, '2025-08-11 02:54:35', '2025-08-27 01:47:39'),
(138, 'Jas Operasi', 'INST-82169818', 13, 11, NULL, NULL, 'tersedia', 7, 1, '2025-08-11 03:16:21', '2025-08-11 03:16:21'),
(139, 'Waslap', 'INST-82254418', 13, 11, NULL, NULL, 'tersedia', 7, 1, '2025-08-11 03:17:50', '2025-08-11 03:17:50'),
(1885, '1/1 SIZE PERF BASKET 485X253X106MM', 'INST-08EE1E3270', 14, 11, '', NULL, 'tersedia', NULL, 1, '2025-08-21 12:04:16', '2025-08-21 12:04:16'),
(1886, '1/1 SIZE PERF BASKET 540X253X76MM', 'INST-4B137A277B', 14, 11, '', NULL, 'tersedia', NULL, 1, '2025-08-21 12:04:16', '2025-08-21 12:04:16'),
(1887, '1/2 FORCEP', 'INST-15AB238EB5', 14, 11, '', NULL, 'tersedia', NULL, 1, '2025-08-21 12:04:16', '2025-08-21 12:04:16'),
(1888, '1/2 SIZE PERF BASKET 243X253X76MM', 'INST-61A653E430', 14, 11, '', NULL, 'tersedia', NULL, 1, '2025-08-21 12:04:16', '2025-08-21 12:04:16'),
(1889, '1/2 SIZE PERF BASKET LID 247X257MM', 'INST-195E6759D1', 14, 11, '', NULL, 'tersedia', NULL, 1, '2025-08-21 12:04:16', '2025-08-21 12:04:16'),
(1890, '3/4 SIZE PERF BASKET 406X253X56MM', 'INST-9E4B0988EC', 14, 11, '', NULL, 'tersedia', NULL, 1, '2025-08-21 12:04:16', '2025-08-21 12:04:16'),
(1891, '3/4-SIZE LID W/RETENTION PLATE SILVER', 'INST-C0FB01C6BD', 14, 11, '', NULL, 'tersedia', NULL, 1, '2025-08-21 12:04:16', '2025-08-21 12:04:16'),
(1892, 'ABSON (DESECTOR)', 'INST-771DAB4D67', 14, 11, '', NULL, 'tersedia', NULL, 1, '2025-08-21 12:04:16', '2025-08-21 12:04:16'),
(1893, 'ADENOID CURATAGE', 'INST-63501F460C', 14, 11, '', NULL, 'tersedia', NULL, 1, '2025-08-21 12:04:16', '2025-08-21 12:04:16'),
(1894, 'ADSON / DESECTOR', 'INST-F74E1EFA22', 14, 11, '', NULL, 'tersedia', NULL, 1, '2025-08-21 12:04:16', '2025-08-21 12:04:16'),
(1895, 'ANATOMI PINCET', 'INST-689946A63C', 14, 11, '', NULL, 'tersedia', NULL, 1, '2025-08-21 12:04:16', '2025-08-21 12:04:16'),
(1896, 'ANATOMI PINCET KECIL', 'INST-498BDA39E9', 14, 11, '', NULL, 'tersedia', NULL, 1, '2025-08-21 12:04:16', '2025-08-21 12:04:16'),
(1897, 'ANATOMI PINCET UJUNG RUNCING', 'INST-6CC9C04FD8', 14, 11, '', NULL, 'tersedia', NULL, 1, '2025-08-21 12:04:16', '2025-08-21 12:04:16'),
(1898, 'ANTRUM PUNCH ROTATABLE', 'INST-48ABFDFA24', 14, 11, '', NULL, 'tersedia', NULL, 1, '2025-08-21 12:04:16', '2025-08-21 12:04:16'),
(1899, 'ARTERI KLEM LURUS', 'INST-FFFEAF792F', 14, 11, '', NULL, 'tersedia', NULL, 1, '2025-08-21 12:04:16', '2025-08-21 12:04:16'),
(1900, 'BAB COCK / ELIS KLEM', 'INST-B48422748E', 14, 11, '', NULL, 'tersedia', NULL, 1, '2025-08-21 12:04:16', '2025-08-21 12:04:16'),
(1901, 'BACKBITING', 'INST-D762E8300C', 14, 11, '', NULL, 'tersedia', NULL, 1, '2025-08-21 12:04:16', '2025-08-21 12:04:16'),
(1902, 'BACKHAUS TOWEL CLAMP 110MM', 'INST-E96C9F8F50', 14, 11, '', NULL, 'tersedia', NULL, 1, '2025-08-21 12:04:16', '2025-08-21 12:04:16'),
(1903, 'BANDING', 'INST-D8F04A4327', 14, 11, '', NULL, 'tersedia', NULL, 1, '2025-08-21 12:04:16', '2025-08-21 12:04:16'),
(1904, 'BECKMANN-EATON LAM RETR 7X7 SHP 320MM', 'INST-8056465459', 14, 11, '', NULL, 'tersedia', NULL, 1, '2025-08-21 12:04:16', '2025-08-21 12:04:16'),
(1905, 'BENGKOK', 'INST-8E8F148FC8', 14, 11, '', NULL, 'tersedia', NULL, 1, '2025-08-21 12:04:16', '2025-08-21 12:04:16'),
(1906, 'BENGKOK / NAMPAN', 'INST-400C98BE89', 14, 11, '', NULL, 'tersedia', NULL, 1, '2025-08-21 12:04:16', '2025-08-21 12:04:16'),
(1907, 'BIOPSI TANG', 'INST-E4228908C3', 14, 11, '', NULL, 'tersedia', NULL, 1, '2025-08-21 12:04:16', '2025-08-21 12:04:16'),
(1908, 'BIOPSI TANG BESAR', 'INST-2D2DAD43ED', 14, 11, '', NULL, 'tersedia', NULL, 1, '2025-08-21 12:04:16', '2025-08-21 12:04:16'),
(1909, 'BIOPSI TANG ENDOSCOPY', 'INST-2864995A6F', 14, 11, '', NULL, 'tersedia', NULL, 1, '2025-08-21 12:04:16', '2025-08-21 12:04:16'),
(1910, 'BIOPSI TANG UJUNG BULAT', 'INST-0013E249F7', 14, 11, '', NULL, 'tersedia', NULL, 1, '2025-08-21 12:04:16', '2025-08-21 12:04:16'),
(1911, 'BIOPSI TANG UJUNG BULAT LENGKUNG', 'INST-D74A886271', 14, 11, '', NULL, 'tersedia', NULL, 1, '2025-08-21 12:04:16', '2025-08-21 12:04:16'),
(1912, 'BIOPSI TANG UP', 'INST-AB51AFA940', 14, 11, '', NULL, 'tersedia', NULL, 1, '2025-08-21 12:04:16', '2025-08-21 12:04:16'),
(1913, 'BISTURI', 'INST-56695FF47F', 14, 11, '', NULL, 'tersedia', NULL, 1, '2025-08-21 12:04:16', '2025-08-21 12:04:16'),
(1914, 'BLADE', 'INST-E58761AFCC', 14, 11, '', NULL, 'tersedia', NULL, 1, '2025-08-21 12:04:16', '2025-08-21 12:04:16'),
(1915, 'BLAS SPECULUM', 'INST-2EF2D8FBF4', 14, 11, '', NULL, 'tersedia', NULL, 1, '2025-08-21 12:04:16', '2025-08-21 12:04:16'),
(1916, 'BONE CURETAGE', 'INST-66EC0E4482', 14, 11, '', NULL, 'tersedia', NULL, 1, '2025-08-21 12:04:16', '2025-08-21 12:04:16'),
(1917, 'BONE CURRET BENGKOK', 'INST-49B454162C', 14, 11, '', NULL, 'tersedia', NULL, 1, '2025-08-21 12:04:16', '2025-08-21 12:04:16'),
(1918, 'BONE CUTING', 'INST-78B2F83880', 14, 11, '', NULL, 'tersedia', NULL, 1, '2025-08-21 12:04:16', '2025-08-21 12:04:16'),
(1919, 'BONE CUTTING FORCEPS ANG 240MM', 'INST-AE0344BC40', 14, 11, '', NULL, 'tersedia', NULL, 1, '2025-08-21 12:04:16', '2025-08-21 12:04:16'),
(1920, 'BONE FORCEP', 'INST-8404693273', 14, 11, '', NULL, 'tersedia', NULL, 1, '2025-08-21 12:04:16', '2025-08-21 12:04:16'),
(1921, 'BONE RENGEURUS NO.1', 'INST-A89E410058', 14, 11, '', NULL, 'tersedia', NULL, 1, '2025-08-21 12:04:16', '2025-08-21 12:04:16'),
(1922, 'BONE RENGEURUS NO.2', 'INST-A259E8F400', 14, 11, '', NULL, 'tersedia', NULL, 1, '2025-08-21 12:04:16', '2025-08-21 12:04:16'),
(1923, 'BONE RENGEURUS NO.3', 'INST-A97BF62962', 14, 11, '', NULL, 'tersedia', NULL, 1, '2025-08-21 12:04:16', '2025-08-21 12:04:16'),
(1924, 'BONE RENGEURUS NO.4', 'INST-11F33E2037', 14, 11, '', NULL, 'tersedia', NULL, 1, '2025-08-21 12:04:16', '2025-08-21 12:04:16'),
(1925, 'BONE ROUNGER NO.3.4.5', 'INST-89AE3B7B5D', 14, 11, '', NULL, 'tersedia', NULL, 1, '2025-08-21 12:04:16', '2025-08-21 12:04:16'),
(1926, 'BONE TANG BUAYA', 'INST-451FA2427E', 14, 11, '', NULL, 'tersedia', NULL, 1, '2025-08-21 12:04:16', '2025-08-21 12:04:16'),
(1927, 'BOTTOM FOR 1/1 CONTAINER HEIGHT:120MM', 'INST-4EB4240F7E', 14, 11, '', NULL, 'tersedia', NULL, 1, '2025-08-21 12:04:16', '2025-08-21 12:04:16'),
(1928, 'BOTTOM FOR 1/1 CONTAINER HEIGHT:187MM', 'INST-8D049D7C65', 14, 11, '', NULL, 'tersedia', NULL, 1, '2025-08-21 12:04:16', '2025-08-21 12:04:16'),
(1929, 'BOTTOM FOR 3/4 CONTAINER HEIGHT:120MM', 'INST-F01C884E15', 14, 11, '', NULL, 'tersedia', NULL, 1, '2025-08-21 12:04:16', '2025-08-21 12:04:16'),
(1930, 'BOTTOM FOR 3/4 CONTAINER HEIGHT:90MM', 'INST-CA2C00ECB0', 14, 11, '', NULL, 'tersedia', NULL, 1, '2025-08-21 12:04:16', '2025-08-21 12:04:16'),
(1931, 'BRAIN SPATEL', 'INST-B8B422879B', 14, 11, '', NULL, 'tersedia', NULL, 1, '2025-08-21 12:04:16', '2025-08-21 12:04:16'),
(1932, 'BRAIN SPATEL METAL', 'INST-77E83B369B', 14, 11, '', NULL, 'tersedia', NULL, 1, '2025-08-21 12:04:16', '2025-08-21 12:04:16'),
(1933, 'BULB KOCK', 'INST-E2AD24F892', 14, 11, NULL, NULL, 'tersedia', NULL, 1, '2025-08-21 12:04:16', '2025-09-03 05:52:06'),
(1934, 'BULDOG', 'INST-1864CF90BA', 14, 11, '', NULL, 'tersedia', NULL, 1, '2025-08-21 12:04:16', '2025-08-21 12:04:16'),
(1935, 'CANABLE BENGKOK/ LURUS BESAR', 'INST-0BB697CC4E', 14, 11, '', NULL, 'tersedia', NULL, 1, '2025-08-21 12:04:16', '2025-08-21 12:04:16'),
(1936, 'CANUL SUCTION BESAR', 'INST-288F25F8EC', 14, 11, '', NULL, 'tersedia', NULL, 1, '2025-08-21 12:04:16', '2025-08-21 12:04:16'),
(1937, 'CANUL SUCTION BESAR /KECIL', 'INST-94F31E5EB1', 14, 11, '', NULL, 'tersedia', NULL, 1, '2025-08-21 12:04:16', '2025-08-21 12:04:16'),
(1938, 'CANUL SUCTION KECIL', 'INST-CD4BEF2E7F', 14, 11, '', NULL, 'tersedia', NULL, 1, '2025-08-21 12:04:16', '2025-08-21 12:04:16'),
(1939, 'CANUL SUCTION PIPIH', 'INST-D76DB60771', 14, 11, '', NULL, 'tersedia', NULL, 1, '2025-08-21 12:04:16', '2025-08-21 12:04:16'),
(1940, 'CANUL SUCTION SEDANG', 'INST-A5D327C56C', 14, 11, '', NULL, 'tersedia', NULL, 1, '2025-08-21 12:04:16', '2025-08-21 12:04:16'),
(1941, 'CANUL SUCTION TAJAM', 'INST-E6805D59F7', 14, 11, '', NULL, 'tersedia', NULL, 1, '2025-08-21 12:04:16', '2025-08-21 12:04:16'),
(1942, 'CANUL SUCTION UJUNG BENGKOK', 'INST-7E47312731', 14, 11, '', NULL, 'tersedia', NULL, 1, '2025-08-21 12:04:16', '2025-08-21 12:04:16'),
(1943, 'CANULE SUCTION LOGAM', 'INST-A2FE0F2EBB', 14, 11, '', NULL, 'tersedia', NULL, 1, '2025-08-21 12:04:16', '2025-08-21 12:04:16'),
(1944, 'CANULE ZUIGHT APPARAT', 'INST-B4BB62EB20', 14, 11, '', NULL, 'tersedia', NULL, 1, '2025-08-21 12:04:16', '2025-08-21 12:04:16'),
(1945, 'CASPAR EXPLORATION HOOKLONG-TIP245MM', 'INST-EF45ADE2C6', 14, 11, '', NULL, 'tersedia', NULL, 1, '2025-08-21 12:04:16', '2025-08-21 12:04:16'),
(1946, 'CASPAR EXTRAFORAMINAL RETRACTOR BLD 40MM', 'INST-DC0392DE35', 14, 11, '', NULL, 'tersedia', NULL, 1, '2025-08-21 12:04:16', '2025-08-21 12:04:16'),
(1947, 'CASPAR EXTRAFORAMINAL RETRACTOR BLD 45MM', 'INST-B82B690671', 14, 11, '', NULL, 'tersedia', NULL, 1, '2025-08-21 12:04:16', '2025-08-21 12:04:16'),
(1948, 'CASPAR EXTRAFORAMINAL RETRACTOR BLD 50MM', 'INST-6B71243474', 14, 11, '', NULL, 'tersedia', NULL, 1, '2025-08-21 12:04:16', '2025-08-21 12:04:16'),
(1949, 'CASPAR EXTRAFORAMINAL RETRACTOR BLD 55MM', 'INST-C2B2EBB76E', 14, 11, '', NULL, 'tersedia', NULL, 1, '2025-08-21 12:04:16', '2025-08-21 12:04:16'),
(1950, 'CASPAR EXTRAFORAMINAL RETRACTOR BLD 60MM', 'INST-DD5451E54A', 14, 11, '', NULL, 'tersedia', NULL, 1, '2025-08-21 12:04:16', '2025-08-21 12:04:16'),
(1951, 'CASPAR EXTRAFORAMINAL RETRACTOR BLD 65MM', 'INST-F25BB200A2', 14, 11, '', NULL, 'tersedia', NULL, 1, '2025-08-21 12:04:16', '2025-08-21 12:04:16'),
(1952, 'CASPAR EXTRAFORAMINAL RETRACTOR BLD 70MM', 'INST-E787FA7B57', 14, 11, '', NULL, 'tersedia', NULL, 1, '2025-08-21 12:04:16', '2025-08-21 12:04:16'),
(1953, 'CASPAR KNIFE BLUNT-TIP STR 203MM', 'INST-1624261CD9', 14, 11, '', NULL, 'tersedia', NULL, 1, '2025-08-21 12:04:16', '2025-08-21 12:04:16'),
(1954, 'CASPAR MICRO-DISSDWN-CVD2.0MM230MM', 'INST-149870ACDC', 14, 11, '', NULL, 'tersedia', NULL, 1, '2025-08-21 12:04:16', '2025-08-21 12:04:16'),
(1955, 'CASPAR MICRO-DISSDWN-CVD4.5MM230MM', 'INST-940EDD7A25', 14, 11, '', NULL, 'tersedia', NULL, 1, '2025-08-21 12:04:16', '2025-08-21 12:04:16'),
(1956, 'CASPAR NERVE ROOT RETRACTOR 6MM 240MM', 'INST-062B7C83BE', 14, 11, '', NULL, 'tersedia', NULL, 1, '2025-08-21 12:04:16', '2025-08-21 12:04:16'),
(1957, 'CASPAR NERVE ROOT RETRACTOR 8MM 240MM', 'INST-963AD953EB', 14, 11, '', NULL, 'tersedia', NULL, 1, '2025-08-21 12:04:16', '2025-08-21 12:04:16'),
(1958, 'CASPAR RETRACTOR OPEN 67X17MM210MM', 'INST-0E638F9F57', 14, 11, '', NULL, 'tersedia', NULL, 1, '2025-08-21 12:04:16', '2025-08-21 12:04:16'),
(1959, 'CASPAR RONGEUR DWN-BITESERR3MM185MM', 'INST-8C98F1A3E3', 14, 11, '', NULL, 'tersedia', NULL, 1, '2025-08-21 12:04:16', '2025-08-21 12:04:16'),
(1960, 'CASPAR RONGEUR DWN-BITESERR4MM185MM', 'INST-3834EC67E7', 14, 11, '', NULL, 'tersedia', NULL, 1, '2025-08-21 12:04:16', '2025-08-21 12:04:16'),
(1961, 'CASPAR RONGEURDWN-BITESERR 3MM160MM', 'INST-F3B77829B7', 14, 11, '', NULL, 'tersedia', NULL, 1, '2025-08-21 12:04:16', '2025-08-21 12:04:16'),
(1962, 'CASPAR RONGEURSTRSERR 2X12MM160MM', 'INST-E93EC6C046', 14, 11, '', NULL, 'tersedia', NULL, 1, '2025-08-21 12:04:16', '2025-08-21 12:04:16'),
(1963, 'CASPAR RONGEURSTRSERR 2X12MM185MM', 'INST-9C3D464546', 14, 11, '', NULL, 'tersedia', NULL, 1, '2025-08-21 12:04:16', '2025-08-21 12:04:16'),
(1964, 'CASPAR RONGEURSTRSERR 3X12MM160MM', 'INST-12191144FE', 14, 11, '', NULL, 'tersedia', NULL, 1, '2025-08-21 12:04:16', '2025-08-21 12:04:16'),
(1965, 'CASPAR RONGEURSTRSERR 3X12MM185MM', 'INST-DEE754198F', 14, 11, '', NULL, 'tersedia', NULL, 1, '2025-08-21 12:04:16', '2025-08-21 12:04:16'),
(1966, 'CASPAR RONGEURSTRSERR 4X14MM160MM', 'INST-EFDDE1D036', 14, 11, '', NULL, 'tersedia', NULL, 1, '2025-08-21 12:04:16', '2025-08-21 12:04:16'),
(1967, 'CASPAR RONGEURSTRSERR 4X14MM185MM', 'INST-5F87DE1CF9', 14, 11, '', NULL, 'tersedia', NULL, 1, '2025-08-21 12:04:16', '2025-08-21 12:04:16'),
(1968, 'CASPAR RONGEURUP-BITESERR 3MM160MM', 'INST-9D95D0AC59', 14, 11, '', NULL, 'tersedia', NULL, 1, '2025-08-21 12:04:16', '2025-08-21 12:04:16'),
(1969, 'CASPAR RONGEURUP-BITESERR 3MM185MM', 'INST-E4CD41C845', 14, 11, '', NULL, 'tersedia', NULL, 1, '2025-08-21 12:04:16', '2025-08-21 12:04:16'),
(1970, 'CASPAR RONGEURUP-BITESERR 4MM160MM', 'INST-ADD7943123', 14, 11, '', NULL, 'tersedia', NULL, 1, '2025-08-21 12:04:16', '2025-08-21 12:04:16'),
(1971, 'CASPAR RONGEURUP-BITESERR 4MM185MM', 'INST-21ED839BA3', 14, 11, '', NULL, 'tersedia', NULL, 1, '2025-08-21 12:04:16', '2025-08-21 12:04:16'),
(1972, 'CASPAR SIDE LOAD BLADE HANDLE', 'INST-498DB429D0', 14, 11, '', NULL, 'tersedia', NULL, 1, '2025-08-21 12:04:16', '2025-08-21 12:04:16'),
(1973, 'CASPAR SPECULUM 65MM BLACK', 'INST-0AC257B118', 14, 11, '', NULL, 'tersedia', NULL, 1, '2025-08-21 12:04:16', '2025-08-21 12:04:16'),
(1974, 'CASPAR SPECULUM 75MM BLACK', 'INST-8DFBC3C501', 14, 11, '', NULL, 'tersedia', NULL, 1, '2025-08-21 12:04:16', '2025-08-21 12:04:16'),
(1975, 'CASPAR SPECULUM 85MM BLACK', 'INST-00A6D511C0', 14, 11, '', NULL, 'tersedia', NULL, 1, '2025-08-21 12:04:16', '2025-08-21 12:04:16'),
(1976, 'CCR BLADE FENESTRTD TI LATERAL 30X24MM', 'INST-F5C07EEF48', 14, 11, '', NULL, 'tersedia', NULL, 1, '2025-08-21 12:04:16', '2025-08-21 12:04:16'),
(1977, 'CCR BLADE FENESTRTD TI LATERAL 35X24MM', 'INST-C6ED8C920A', 14, 11, '', NULL, 'tersedia', NULL, 1, '2025-08-21 12:04:16', '2025-08-21 12:04:16'),
(1978, 'CCR BLADE FENESTRTD TI LATERAL 40X24MM', 'INST-8A861B0094', 14, 11, '', NULL, 'tersedia', NULL, 1, '2025-08-21 12:04:16', '2025-08-21 12:04:16'),
(1979, 'CCR BLADE FENESTRTD TI LATERAL 45X24MM', 'INST-79A040040E', 14, 11, '', NULL, 'tersedia', NULL, 1, '2025-08-21 12:04:16', '2025-08-21 12:04:16'),
(1980, 'CCR BLADE FENESTRTD TI LATERAL 50X24MM', 'INST-721100AE88', 14, 11, '', NULL, 'tersedia', NULL, 1, '2025-08-21 12:04:16', '2025-08-21 12:04:16'),
(1981, 'CCR BLADE FENESTRTD TI LATERAL 55X24MM', 'INST-3CBDDDBAAD', 14, 11, '', NULL, 'tersedia', NULL, 1, '2025-08-21 12:04:16', '2025-08-21 12:04:16'),
(1982, 'CCR BLADE FENESTRTD TI LATERAL 60X24MM', 'INST-071FA7F7E3', 14, 11, '', NULL, 'tersedia', NULL, 1, '2025-08-21 12:04:16', '2025-08-21 12:04:16'),
(1983, 'CCR BLADE FENESTRTD TI LATERAL 65X24MM', 'INST-F35840A7FF', 14, 11, '', NULL, 'tersedia', NULL, 1, '2025-08-21 12:04:16', '2025-08-21 12:04:16'),
(1984, 'CCR BLADE FENESTRTD TI MEDIAL 30X24MM', 'INST-C862CBCC6C', 14, 11, '', NULL, 'tersedia', NULL, 1, '2025-08-21 12:04:16', '2025-08-21 12:04:16'),
(1985, 'CCR BLADE FENESTRTD TI MEDIAL 35X24MM', 'INST-A0FFDC2A28', 14, 11, '', NULL, 'tersedia', NULL, 1, '2025-08-21 12:04:16', '2025-08-21 12:04:16'),
(1986, 'CCR BLADE FENESTRTD TI MEDIAL 40X24MM', 'INST-6D6302E6BB', 14, 11, '', NULL, 'tersedia', NULL, 1, '2025-08-21 12:04:16', '2025-08-21 12:04:16'),
(1987, 'CCR BLADE FENESTRTD TI MEDIAL 45X24MM', 'INST-722A5F0E02', 14, 11, '', NULL, 'tersedia', NULL, 1, '2025-08-21 12:04:16', '2025-08-21 12:04:16'),
(1988, 'CCR BLADE FENESTRTD TI MEDIAL 50X24MM', 'INST-C53288E13B', 14, 11, '', NULL, 'tersedia', NULL, 1, '2025-08-21 12:04:16', '2025-08-21 12:04:16'),
(1989, 'CCR BLADE FENESTRTD TI MEDIAL 55X24MM', 'INST-F9A3F31D20', 14, 11, '', NULL, 'tersedia', NULL, 1, '2025-08-21 12:04:16', '2025-08-21 12:04:16'),
(1990, 'CCR BLADE FENESTRTD TI MEDIAL 60X24MM', 'INST-C2F408169C', 14, 11, '', NULL, 'tersedia', NULL, 1, '2025-08-21 12:04:16', '2025-08-21 12:04:16'),
(1991, 'CCR BLADE FENESTRTD TI MEDIAL 65X24MM', 'INST-65EC9D8DC1', 14, 11, '', NULL, 'tersedia', NULL, 1, '2025-08-21 12:04:16', '2025-08-21 12:04:16'),
(1992, 'CCR BLADEFENESTRATED TI BLUNT 35X24MM', 'INST-17380F8F16', 14, 11, '', NULL, 'tersedia', NULL, 1, '2025-08-21 12:04:16', '2025-08-21 12:04:16'),
(1993, 'CCR BLADEFENESTRATED TI BLUNT 40X24MM', 'INST-A7E2F0DA39', 14, 11, '', NULL, 'tersedia', NULL, 1, '2025-08-21 12:04:16', '2025-08-21 12:04:16'),
(1994, 'CCR BLADEFENESTRATED TI BLUNT 45X24MM', 'INST-7BAEB3DBE3', 14, 11, '', NULL, 'tersedia', NULL, 1, '2025-08-21 12:04:16', '2025-08-21 12:04:16'),
(1995, 'CCR BLADEFENESTRATED TI BLUNT 50X24MM', 'INST-D36E99E317', 14, 11, '', NULL, 'tersedia', NULL, 1, '2025-08-21 12:04:16', '2025-08-21 12:04:16'),
(1996, 'CCR BLADEFENESTRATED TI BLUNT 55X24MM', 'INST-B20CDC1DE6', 14, 11, '', NULL, 'tersedia', NULL, 1, '2025-08-21 12:04:16', '2025-08-21 12:04:16'),
(1997, 'CCR BLADEFENESTRATED TI BLUNT 60X24MM', 'INST-E678ACAAB0', 14, 11, '', NULL, 'tersedia', NULL, 1, '2025-08-21 12:04:16', '2025-08-21 12:04:16'),
(1998, 'CCR BLADEFENESTRATED TI BLUNT 65X24MM', 'INST-77340EEDD0', 14, 11, '', NULL, 'tersedia', NULL, 1, '2025-08-21 12:04:16', '2025-08-21 12:04:16'),
(1999, 'CCR DEPTH MEASUREMENT INSTRUMENT', 'INST-42912B5107', 14, 11, '', NULL, 'tersedia', NULL, 1, '2025-08-21 12:04:16', '2025-08-21 12:04:16'),
(2000, 'CCR LONGITUDINAL RETRACTOR', 'INST-D389869E12', 14, 11, '', NULL, 'tersedia', NULL, 1, '2025-08-21 12:04:16', '2025-08-21 12:04:16'),
(2001, 'CCR LONGITUDINAL RETRACTOR V-STYLE', 'INST-6940A0286C', 14, 11, '', NULL, 'tersedia', NULL, 1, '2025-08-21 12:04:16', '2025-08-21 12:04:16'),
(2002, 'CCR ORGA TRAY', 'INST-DBE011CC98', 14, 11, '', NULL, 'tersedia', NULL, 1, '2025-08-21 12:04:16', '2025-08-21 12:04:16'),
(2003, 'CCR TRANSVERSE RETRACTOR', 'INST-A382BAB8D2', 14, 11, '', NULL, 'tersedia', NULL, 1, '2025-08-21 12:04:16', '2025-08-21 12:04:16'),
(2004, 'CHIRURGI PINCET', 'INST-F710317CCF', 14, 11, '', NULL, 'tersedia', NULL, 1, '2025-08-21 12:04:16', '2025-08-21 12:04:16'),
(2005, 'CHIRURGI PINCET KECIL', 'INST-3415EF1548', 14, 11, '', NULL, 'tersedia', NULL, 1, '2025-08-21 12:04:16', '2025-08-21 12:04:16'),
(2006, 'CHIRURGI PINCET KECIL UJUNG RUNCING', 'INST-E3134E2B2F', 14, 11, '', NULL, 'tersedia', NULL, 1, '2025-08-21 12:04:16', '2025-08-21 12:04:16'),
(2007, 'CHIZER', 'INST-E253018CC4', 14, 11, '', NULL, 'tersedia', NULL, 1, '2025-08-21 12:04:16', '2025-08-21 12:04:16'),
(2008, 'CLAW HAK GIGI 2TUMPUL', 'INST-F91BB6D3A1', 14, 11, '', NULL, 'tersedia', NULL, 1, '2025-08-21 12:04:16', '2025-08-21 12:04:16'),
(2009, 'CLAW HAK GIGI 4 TUMPUL', 'INST-938469EC4A', 14, 11, '', NULL, 'tersedia', NULL, 1, '2025-08-21 12:04:16', '2025-08-21 12:04:16'),
(2010, 'CLR HEMILAMINECTOMY HOOK LARGE SL', 'INST-0039D0BD4A', 14, 11, '', NULL, 'tersedia', NULL, 1, '2025-08-21 12:04:16', '2025-08-21 12:04:16'),
(2011, 'CLR HEMILAMINECTOMY HOOK SMALL SL', 'INST-7BC991BBF6', 14, 11, '', NULL, 'tersedia', NULL, 1, '2025-08-21 12:04:16', '2025-08-21 12:04:16'),
(2012, 'CLR RETRACTOR BLADE 35X20MM SL', 'INST-F779D9F137', 14, 11, '', NULL, 'tersedia', NULL, 1, '2025-08-21 12:04:16', '2025-08-21 12:04:16'),
(2013, 'CLR RETRACTOR BLADE 35X40MM SL', 'INST-2E9354B4A1', 14, 11, '', NULL, 'tersedia', NULL, 1, '2025-08-21 12:04:16', '2025-08-21 12:04:16'),
(2014, 'CLR RETRACTOR BLADE 35X60MM SL', 'INST-BF20EDE8DF', 14, 11, '', NULL, 'tersedia', NULL, 1, '2025-08-21 12:04:16', '2025-08-21 12:04:16'),
(2015, 'CLR RETRACTOR BLADE 40X20MM SL', 'INST-30CA45A610', 14, 11, '', NULL, 'tersedia', NULL, 1, '2025-08-21 12:04:16', '2025-08-21 12:04:16'),
(2016, 'CLR RETRACTOR BLADE 40X40MM SL', 'INST-EEB013370D', 14, 11, '', NULL, 'tersedia', NULL, 1, '2025-08-21 12:04:16', '2025-08-21 12:04:16'),
(2017, 'CLR RETRACTOR BLADE 40X60MM SL', 'INST-1B531FF95A', 14, 11, '', NULL, 'tersedia', NULL, 1, '2025-08-21 12:04:16', '2025-08-21 12:04:16'),
(2018, 'CLR RETRACTOR BLADE 45X20MM SL', 'INST-928D8DB22D', 14, 11, '', NULL, 'tersedia', NULL, 1, '2025-08-21 12:04:16', '2025-08-21 12:04:16'),
(2019, 'CLR RETRACTOR BLADE 45X40MM SL', 'INST-BF99481B96', 14, 11, '', NULL, 'tersedia', NULL, 1, '2025-08-21 12:04:16', '2025-08-21 12:04:16'),
(2020, 'CLR RETRACTOR BLADE 45X60MM SL', 'INST-A856068F77', 14, 11, '', NULL, 'tersedia', NULL, 1, '2025-08-21 12:04:16', '2025-08-21 12:04:16'),
(2021, 'CLR RETRACTOR BLADE 55X20MM SL', 'INST-4A1C7870A6', 14, 11, '', NULL, 'tersedia', NULL, 1, '2025-08-21 12:04:16', '2025-08-21 12:04:16'),
(2022, 'CLR RETRACTOR BLADE 55X40MM SL', 'INST-6A5F00B912', 14, 11, '', NULL, 'tersedia', NULL, 1, '2025-08-21 12:04:16', '2025-08-21 12:04:16'),
(2023, 'CLR RETRACTOR BLADE 55X60MM SL', 'INST-164E524F68', 14, 11, '', NULL, 'tersedia', NULL, 1, '2025-08-21 12:04:16', '2025-08-21 12:04:16'),
(2024, 'CLR RETRACTOR BLADE 65X20MM SL', 'INST-CA5E7E7FF7', 14, 11, '', NULL, 'tersedia', NULL, 1, '2025-08-21 12:04:16', '2025-08-21 12:04:16'),
(2025, 'CLR RETRACTOR BLADE 65X40MM SL', 'INST-2289503C0D', 14, 11, '', NULL, 'tersedia', NULL, 1, '2025-08-21 12:04:16', '2025-08-21 12:04:16'),
(2026, 'CLR RETRACTOR BLADE 65X60MM SL', 'INST-13BB01F75A', 14, 11, '', NULL, 'tersedia', NULL, 1, '2025-08-21 12:04:16', '2025-08-21 12:04:16'),
(2027, 'CLR RETRACTOR BLADE 75X40MM SL', 'INST-F420BEF7A9', 14, 11, '', NULL, 'tersedia', NULL, 1, '2025-08-21 12:04:16', '2025-08-21 12:04:16'),
(2028, 'CLR RETRACTOR BLADE 75X60MM SL', 'INST-4DC1437862', 14, 11, '', NULL, 'tersedia', NULL, 1, '2025-08-21 12:04:16', '2025-08-21 12:04:16'),
(2029, 'CLR RETRACTOR BLADE 85X60MM SL', 'INST-6DBEACABED', 14, 11, '', NULL, 'tersedia', NULL, 1, '2025-08-21 12:04:16', '2025-08-21 12:04:16'),
(2030, 'CLR TRAY ONLY', 'INST-6474802B9C', 14, 11, '', NULL, 'tersedia', NULL, 1, '2025-08-21 12:04:16', '2025-08-21 12:04:16'),
(2031, 'COBBS SPINAL ELEVATOR 13MM WIDE 280MM', 'INST-DEB519DCD2', 14, 11, '', NULL, 'tersedia', NULL, 1, '2025-08-21 12:04:16', '2025-08-21 12:04:16'),
(2032, 'COBRA BESAR', 'INST-136C74B739', 14, 11, '', NULL, 'tersedia', NULL, 1, '2025-08-21 12:04:16', '2025-08-21 12:04:16'),
(2033, 'COBRA KECIL', 'INST-6BB33644C4', 14, 11, '', NULL, 'tersedia', NULL, 1, '2025-08-21 12:04:16', '2025-08-21 12:04:16'),
(2034, 'COBRA SEDANG', 'INST-9B0F3DE046', 14, 11, '', NULL, 'tersedia', NULL, 1, '2025-08-21 12:04:16', '2025-08-21 12:04:16'),
(2035, 'COCKER', 'INST-451CDC1755', 14, 11, '', NULL, 'tersedia', NULL, 1, '2025-08-21 12:04:16', '2025-08-21 12:04:16'),
(2036, 'COCKER PANJANG', 'INST-9D357E00E1', 14, 11, '', NULL, 'tersedia', NULL, 1, '2025-08-21 12:04:16', '2025-08-21 12:04:16'),
(2037, 'COOP KECIL', 'INST-D69ADB4647', 14, 11, '', NULL, 'tersedia', NULL, 1, '2025-08-21 12:04:16', '2025-08-21 12:04:16'),
(2038, 'CROM KLEM KECIL', 'INST-907AC988EC', 14, 11, '', NULL, 'tersedia', NULL, 1, '2025-08-21 12:04:16', '2025-08-21 12:04:16'),
(2039, 'CROM PANJANG', 'INST-1805561EF4', 14, 11, '', NULL, 'tersedia', NULL, 1, '2025-08-21 12:04:16', '2025-08-21 12:04:16'),
(2040, 'CROOM', 'INST-A29E297BF7', 14, 11, '', NULL, 'tersedia', NULL, 1, '2025-08-21 12:04:16', '2025-08-21 12:04:16'),
(2041, 'CROOM PANJANG', 'INST-52B3475413', 14, 11, '', NULL, 'tersedia', NULL, 1, '2025-08-21 12:04:16', '2025-08-21 12:04:16'),
(2042, 'CROOP SONDE', 'INST-9B137FC27B', 14, 11, '', NULL, 'tersedia', NULL, 1, '2025-08-21 12:04:16', '2025-08-21 12:04:16'),
(2043, 'CROP SONDE', 'INST-78C42A8F5F', 14, 11, '', NULL, 'tersedia', NULL, 1, '2025-08-21 12:04:16', '2025-08-21 12:04:16'),
(2044, 'CUCING BESAR', 'INST-E167E57D25', 14, 11, '', NULL, 'tersedia', NULL, 1, '2025-08-21 12:04:16', '2025-08-21 12:04:16'),
(2045, 'CUCING BESAR OVAL / BULAT', 'INST-9AB7EBCA78', 14, 11, '', NULL, 'tersedia', NULL, 1, '2025-08-21 12:04:16', '2025-08-21 12:04:16'),
(2046, 'CUCING KECIL', 'INST-025C020C5E', 14, 11, '', NULL, 'tersedia', NULL, 1, '2025-08-21 12:04:16', '2025-08-21 12:04:16'),
(2047, 'CUCING SEDANG', 'INST-B9BCC2C6C3', 14, 11, '', NULL, 'tersedia', NULL, 1, '2025-08-21 12:04:16', '2025-08-21 12:04:16'),
(2048, 'CURATAGE', 'INST-92553BE20C', 14, 11, '', NULL, 'tersedia', NULL, 1, '2025-08-21 12:04:16', '2025-08-21 12:04:16'),
(2049, 'CURATAGE ENDOSCOPY', 'INST-BE80411578', 14, 11, '', NULL, 'tersedia', NULL, 1, '2025-08-21 12:04:16', '2025-08-21 12:04:16'),
(2050, 'CURATAGE ENDOSCP LENGKUNG', 'INST-A89F09E1AC', 14, 11, '', NULL, 'tersedia', NULL, 1, '2025-08-21 12:04:16', '2025-08-21 12:04:16'),
(2051, 'CURATAGE JARUM / BULAT', 'INST-7B91EA7639', 14, 11, '', NULL, 'tersedia', NULL, 1, '2025-08-21 12:04:16', '2025-08-21 12:04:16'),
(2052, 'CURET', 'INST-4D2A487A04', 14, 11, '', NULL, 'tersedia', NULL, 1, '2025-08-21 12:04:16', '2025-08-21 12:04:16'),
(2053, 'CURETAGE', 'INST-10CC93B763', 14, 11, NULL, NULL, 'tersedia', NULL, 1, '2025-08-21 12:04:16', '2025-08-28 06:03:28'),
(2054, 'CURRET LUBANG', 'INST-73BC85CE57', 14, 11, '', NULL, 'tersedia', NULL, 1, '2025-08-21 12:04:16', '2025-08-21 12:04:16'),
(2055, 'CUSHING DEL STR FORCEPS 200MM', 'INST-4B9199ACEA', 14, 11, '', NULL, 'tersedia', NULL, 1, '2025-08-21 12:04:16', '2025-08-21 12:04:16'),
(2056, 'CUSHING VESS.HOOK BL.90DEG 4/190MM', 'INST-C050097919', 14, 11, '', NULL, 'tersedia', NULL, 1, '2025-08-21 12:04:16', '2025-08-21 12:04:16'),
(2057, 'DANDY KLEM', 'INST-7F0EFDF9BD', 14, 11, '', NULL, 'tersedia', NULL, 1, '2025-08-21 12:04:16', '2025-08-21 12:04:16'),
(2058, 'DARM KLEM BENGKOK', 'INST-B258779A23', 14, 11, '', NULL, 'tersedia', NULL, 1, '2025-08-21 12:04:16', '2025-08-21 12:04:16'),
(2059, 'DARM KLEM LURUS', 'INST-AB6F27152B', 14, 11, '', NULL, 'tersedia', NULL, 1, '2025-08-21 12:04:16', '2025-08-21 12:04:16'),
(2060, 'DAVIS VASCULAR SPATULA 245MM', 'INST-BDBAE095BC', 14, 11, '', NULL, 'tersedia', NULL, 1, '2025-08-21 12:04:16', '2025-08-21 12:04:16'),
(2061, 'DE\'BAKEY ATR.FCPS 2.0MM STR150MM', 'INST-C94D22B754', 14, 11, '', NULL, 'tersedia', NULL, 1, '2025-08-21 12:04:16', '2025-08-21 12:04:16'),
(2062, 'DISSECT.FORCEPS MED.WIDE 1X2T.200MM', 'INST-D541DDE37F', 14, 11, '', NULL, 'tersedia', NULL, 1, '2025-08-21 12:04:16', '2025-08-21 12:04:16'),
(2063, 'DISSECTOR 240MM SPAT.ENDS 3+4MM', 'INST-CA16A3DD8F', 14, 11, NULL, NULL, 'tersedia', NULL, 1, '2025-08-21 12:04:16', '2025-09-03 09:14:02'),
(2064, 'DISTRAKTOR LAMINA', 'INST-304F20EF9A', 14, 11, '', NULL, 'tersedia', NULL, 1, '2025-08-21 12:04:16', '2025-08-21 12:04:16'),
(2065, 'DOCKHORN CHEEK RETRACTOR55X14MM 210MM', 'INST-6516190B24', 14, 11, '', NULL, 'tersedia', NULL, 1, '2025-08-21 12:04:16', '2025-08-21 12:04:16'),
(2066, 'DOUBLE CURRET', 'INST-BA8E59837C', 14, 11, '', NULL, 'tersedia', NULL, 1, '2025-08-21 12:04:16', '2025-08-21 12:04:16'),
(2067, 'DRAGON WOTEN', 'INST-FA8DE439BA', 14, 11, '', NULL, 'tersedia', NULL, 1, '2025-08-21 12:04:16', '2025-08-21 12:04:16'),
(2068, 'DRAM KLEM BENGKOK', 'INST-67476E5378', 14, 11, '', NULL, 'tersedia', NULL, 1, '2025-08-21 12:04:16', '2025-08-21 12:04:16'),
(2069, 'DRAM KLEM LURUS', 'INST-78683E50F3', 14, 11, '', NULL, 'tersedia', NULL, 1, '2025-08-21 12:04:16', '2025-08-21 12:04:16'),
(2070, 'DURA GUARD', 'INST-E7CA19E0C4', 14, 11, '', NULL, 'tersedia', NULL, 1, '2025-08-21 12:04:16', '2025-08-21 12:04:16'),
(2071, 'ELAN 4 ELECTRO 1-RING HANDPIECE L10', 'INST-5994DB6D6A', 14, 11, '', NULL, 'tersedia', NULL, 1, '2025-08-21 12:04:16', '2025-08-21 12:04:16'),
(2072, 'ELAN 4 ELECTRO 1-RING HANDPIECE L13', 'INST-43FD463E69', 14, 11, '', NULL, 'tersedia', NULL, 1, '2025-08-21 12:04:16', '2025-08-21 12:04:16'),
(2073, 'ELAN 4 ELECTRO 1-RING HANDPIECE L4', 'INST-6F720FD01C', 14, 11, '', NULL, 'tersedia', NULL, 1, '2025-08-21 12:04:16', '2025-08-21 12:04:16'),
(2074, 'ELAN 4 ELECTRO 1-RING HANDPIECE L7', 'INST-C4F2A22081', 14, 11, '', NULL, 'tersedia', NULL, 1, '2025-08-21 12:04:16', '2025-08-21 12:04:16'),
(2075, 'ELAN 4 ELECTRO CONTROL UNIT', 'INST-414C48EC0C', 14, 11, '', NULL, 'tersedia', NULL, 1, '2025-08-21 12:04:16', '2025-08-21 12:04:16'),
(2076, 'ELAN 4 ELECTRO CRANIOTOME 2-RING', 'INST-BFFBCFF2CE', 14, 11, '', NULL, 'tersedia', NULL, 1, '2025-08-21 12:04:16', '2025-08-21 12:04:16'),
(2077, 'ELAN 4 ELECTRO FOOT CONTROL', 'INST-146BE7370B', 14, 11, '', NULL, 'tersedia', NULL, 1, '2025-08-21 12:04:16', '2025-08-21 12:04:16'),
(2078, 'ELAN 4 ELECTRO MOTOR CABLE F/FOOT CTRL.', 'INST-9009C26A4D', 14, 11, '', NULL, 'tersedia', NULL, 1, '2025-08-21 12:04:16', '2025-08-21 12:04:16'),
(2079, 'ELAN 4 ELECTRO PERFORATOR DRIVER', 'INST-AF7893EC5F', 14, 11, '', NULL, 'tersedia', NULL, 1, '2025-08-21 12:04:16', '2025-08-21 12:04:16'),
(2080, 'ELAN 4 FIXED DURAGUARD LONG', 'INST-EEA4A87FB6', 14, 11, '', NULL, 'tersedia', NULL, 1, '2025-08-21 12:04:16', '2025-08-21 12:04:16'),
(2081, 'ELAN 4 FIXED DURAGUARD PAEDIATRIC', 'INST-C8E2908FA8', 14, 11, '', NULL, 'tersedia', NULL, 1, '2025-08-21 12:04:16', '2025-08-21 12:04:16'),
(2082, 'ELAN 4 FIXED DURAGUARD STANDARD', 'INST-1D4B66666F', 14, 11, '', NULL, 'tersedia', NULL, 1, '2025-08-21 12:04:16', '2025-08-21 12:04:16'),
(2083, 'ELAN 4 HOLDING SLEEVE F/CRANIOTOME', 'INST-B58B6DD362', 14, 11, '', NULL, 'tersedia', NULL, 1, '2025-08-21 12:04:16', '2025-08-21 12:04:16'),
(2084, 'ELEPATORIUM BESAR /  KECIL --2 UJUNG', 'INST-F12EB2F94B', 14, 11, '', NULL, 'tersedia', NULL, 1, '2025-08-21 12:04:16', '2025-08-21 12:04:16'),
(2085, 'ELEVATOR', 'INST-DF62BCB4C0', 14, 11, '', NULL, 'tersedia', NULL, 1, '2025-08-21 12:04:16', '2025-08-21 12:04:16'),
(2086, 'ELEVATORIUM', 'INST-ACE320761C', 14, 11, '', NULL, 'tersedia', NULL, 1, '2025-08-21 12:04:16', '2025-08-21 12:04:16'),
(2087, 'ELLIES KLEM', 'INST-8BD47FAD45', 14, 11, '', NULL, 'tersedia', NULL, 1, '2025-08-21 12:04:16', '2025-08-21 12:04:16'),
(2088, 'FOOT PEDALS', 'INST-D9432E857B', 14, 11, '', NULL, 'tersedia', NULL, 1, '2025-08-21 12:04:16', '2025-08-21 12:04:16'),
(2089, 'FORCEP', 'INST-6DE6E88C5A', 14, 11, '', NULL, 'tersedia', NULL, 1, '2025-08-21 12:04:16', '2025-08-21 12:04:16'),
(2090, 'GALPHY', 'INST-35720723A1', 14, 11, '', NULL, 'tersedia', NULL, 1, '2025-08-21 12:04:16', '2025-08-21 12:04:16'),
(2091, 'GANDLE MESS NO.3', 'INST-3B01DB0BEB', 14, 11, '', NULL, 'tersedia', NULL, 1, '2025-08-21 12:04:16', '2025-08-21 12:04:16'),
(2092, 'GELPI', 'INST-BB6A5F89DF', 14, 11, '', NULL, 'tersedia', NULL, 1, '2025-08-21 12:04:16', '2025-08-21 12:04:16'),
(2093, 'GELPI VAGINAL RETRACTOR135MM', 'INST-629C1F34EF', 14, 11, '', NULL, 'tersedia', NULL, 1, '2025-08-21 12:04:16', '2025-08-21 12:04:16'),
(2094, 'GERALD FORCEPS DEL STR 175MM', 'INST-EFB288B32B', 14, 11, '', NULL, 'tersedia', NULL, 1, '2025-08-21 12:04:16', '2025-08-21 12:04:16'),
(2095, 'GERALD TISSUE FCPS STR 1X2 175MM', 'INST-9A5AD074CB', 14, 11, '', NULL, 'tersedia', NULL, 1, '2025-08-21 12:04:16', '2025-08-21 12:04:16'),
(2096, 'GIGLI', 'INST-C7D1B21477', 14, 11, '', NULL, 'tersedia', NULL, 1, '2025-08-21 12:04:16', '2025-08-21 12:04:16'),
(2097, 'GRASPER', 'INST-0EA7458C36', 14, 11, '', NULL, 'tersedia', NULL, 1, '2025-08-21 12:04:16', '2025-08-21 12:04:16'),
(2098, 'GRASPER LEMBUT', 'INST-0CA3330CE0', 14, 11, '', NULL, 'tersedia', NULL, 1, '2025-08-21 12:04:16', '2025-08-21 12:04:16'),
(2099, 'GRASPER TAJAM', 'INST-39522F4697', 14, 11, '', NULL, 'tersedia', NULL, 1, '2025-08-21 12:04:16', '2025-08-21 12:04:16'),
(2100, 'GRUENWALD FORCEPS BAYO SERR 200MM', 'INST-824E55A629', 14, 11, '', NULL, 'tersedia', NULL, 1, '2025-08-21 12:04:16', '2025-08-21 12:04:16'),
(2101, 'GUNTING BENANG', 'INST-BC820BADB0', 14, 11, '', NULL, 'tersedia', NULL, 1, '2025-08-21 12:04:16', '2025-08-21 12:04:16'),
(2102, 'GUNTING BENGKOK', 'INST-55B2DBA9F8', 14, 11, '', NULL, 'tersedia', NULL, 1, '2025-08-21 12:04:16', '2025-08-21 12:04:16'),
(2103, 'GUNTING DURA', 'INST-3CA9972896', 14, 11, '', NULL, 'tersedia', NULL, 1, '2025-08-21 12:04:16', '2025-08-21 12:04:16'),
(2104, 'GUNTING DURA BENGKOK', 'INST-06AD62C381', 14, 11, '', NULL, 'tersedia', NULL, 1, '2025-08-21 12:04:16', '2025-08-21 12:04:16'),
(2105, 'GUNTING ENDOSCOPY', 'INST-53E6C19AB3', 14, 11, '', NULL, 'tersedia', NULL, 1, '2025-08-21 12:04:16', '2025-08-21 12:04:16'),
(2106, 'GUNTING HALUS (GUNTING VASKULAR)', 'INST-00A68C3D0C', 14, 11, '', NULL, 'tersedia', NULL, 1, '2025-08-21 12:04:16', '2025-08-21 12:04:16'),
(2107, 'GUNTING METZEMBUM KECIL BENGKOK', 'INST-94F710EBBB', 14, 11, '', NULL, 'tersedia', NULL, 1, '2025-08-21 12:04:16', '2025-08-21 12:04:16'),
(2108, 'GUNTING METZEMBUM/ KECIL', 'INST-D40607EEFE', 14, 11, '', NULL, 'tersedia', NULL, 1, '2025-08-21 12:04:16', '2025-08-21 12:04:16'),
(2109, 'GUNTING POT', 'INST-F4E2D66990', 14, 11, '', NULL, 'tersedia', NULL, 1, '2025-08-21 12:04:16', '2025-08-21 12:04:16'),
(2110, 'GUNTING RUNCING LURUS', 'INST-13B31F4A56', 14, 11, '', NULL, 'tersedia', NULL, 1, '2025-08-21 12:04:16', '2025-08-21 12:04:16'),
(2111, 'GUNTING STANDART ( TUMPUL TUMPUL )', 'INST-D23DF4468C', 14, 11, '', NULL, 'tersedia', NULL, 1, '2025-08-21 12:04:16', '2025-08-21 12:04:16'),
(2112, 'GUNTING STANDART (TUMPUL BENGKOK)', 'INST-9853F737C4', 14, 11, '', NULL, 'tersedia', NULL, 1, '2025-08-21 12:04:16', '2025-08-21 12:04:16'),
(2113, 'GUNTING STANDART (TUMPUL LURUS)', 'INST-5002C118CF', 14, 11, '', NULL, 'tersedia', NULL, 1, '2025-08-21 12:04:16', '2025-08-21 12:04:16'),
(2114, 'GUNTING TUMPUL LURUS', 'INST-5D1AC6E46A', 14, 11, '', NULL, 'tersedia', NULL, 1, '2025-08-21 12:04:16', '2025-08-21 12:04:16'),
(2115, 'GUNTING TUMPUL RUNCING LURUS', 'INST-7D3D1D47DB', 14, 11, '', NULL, 'tersedia', NULL, 1, '2025-08-21 12:04:16', '2025-08-21 12:04:16'),
(2116, 'GUNTING TUMPUL TUMPUL LURUS', 'INST-BD4CCD7F8F', 14, 11, '', NULL, 'tersedia', NULL, 1, '2025-08-21 12:04:16', '2025-08-21 12:04:16'),
(2117, 'GUNTING TUMPUL TUMPUL RUNCING', 'INST-2CC2ADDB10', 14, 11, '', NULL, 'tersedia', NULL, 1, '2025-08-21 12:04:16', '2025-08-21 12:04:16'),
(2118, 'HAAK BESAR (BLAST SPECULUM)', 'INST-4F3BD52D43', 14, 11, '', NULL, 'tersedia', NULL, 1, '2025-08-21 12:04:16', '2025-08-21 12:04:16'),
(2119, 'HAAK DURA', 'INST-E5B73D9BC9', 14, 11, '', NULL, 'tersedia', NULL, 1, '2025-08-21 12:04:16', '2025-08-21 12:04:16'),
(2120, 'HAAK OBGYN TANGGUNG', 'INST-A3F6E1178B', 14, 11, '', NULL, 'tersedia', NULL, 1, '2025-08-21 12:04:16', '2025-08-21 12:04:16'),
(2121, 'HAAK RUNCING GIGI 6', 'INST-E065ABDB4B', 14, 11, '', NULL, 'tersedia', NULL, 1, '2025-08-21 12:04:16', '2025-08-21 12:04:16'),
(2122, 'HAAK RUNCING GIGI 4', 'INST-5CF1890735', 14, 11, '', NULL, 'tersedia', NULL, 1, '2025-08-21 12:04:16', '2025-08-21 12:04:16'),
(2123, 'HAAK RUNCING TUMPUL GIGI 3', 'INST-757C70236B', 14, 11, '', NULL, 'tersedia', NULL, 1, '2025-08-21 12:04:16', '2025-08-21 12:04:16'),
(2124, 'HAAK SPEERER KECIL ( SPREDER )', 'INST-2F67CF5ADC', 14, 11, '', NULL, 'tersedia', NULL, 1, '2025-08-21 12:04:16', '2025-08-21 12:04:16'),
(2125, 'HAAK SPREDER', 'INST-7B82D01B6D', 14, 11, '', NULL, 'tersedia', NULL, 1, '2025-08-21 12:04:16', '2025-08-21 12:04:16'),
(2126, 'HAAK TAJAM TUMPUL', 'INST-2EA16A0A5C', 14, 11, '', NULL, 'tersedia', NULL, 1, '2025-08-21 12:04:16', '2025-08-21 12:04:16'),
(2127, 'HAAK TUMPUL TAJAM', 'INST-21AA403C9F', 14, 11, '', NULL, 'tersedia', NULL, 1, '2025-08-21 12:04:16', '2025-08-21 12:04:16'),
(2128, 'HAK BENGKOK', 'INST-56F6757C39', 14, 11, '', NULL, 'tersedia', NULL, 1, '2025-08-21 12:04:16', '2025-08-21 12:04:16'),
(2129, 'HAK BESAR', 'INST-D7E99F3407', 14, 11, '', NULL, 'tersedia', NULL, 1, '2025-08-21 12:04:16', '2025-08-21 12:04:16'),
(2130, 'HAK DOYEN', 'INST-825E3293F4', 14, 11, '', NULL, 'tersedia', NULL, 1, '2025-08-21 12:04:16', '2025-08-21 12:04:16'),
(2131, 'HAK DURA', 'INST-7A6D9489B2', 14, 11, '', NULL, 'tersedia', NULL, 1, '2025-08-21 12:04:16', '2025-08-21 12:04:16'),
(2132, 'HAK GIGI 4', 'INST-4BFCDFE17D', 14, 11, '', NULL, 'tersedia', NULL, 1, '2025-08-21 12:04:16', '2025-08-21 12:04:16'),
(2133, 'HAK GIGI 6', 'INST-87DF30E010', 14, 11, '', NULL, 'tersedia', NULL, 1, '2025-08-21 12:04:16', '2025-08-21 12:04:16'),
(2134, 'HAK GIGI TAJAM', 'INST-766129B905', 14, 11, '', NULL, 'tersedia', NULL, 1, '2025-08-21 12:04:16', '2025-08-21 12:04:16'),
(2135, 'HAK GIGI TAJAM 2', 'INST-9E915712B3', 14, 11, '', NULL, 'tersedia', NULL, 1, '2025-08-21 12:04:16', '2025-08-21 12:04:16'),
(2136, 'HAK GIGI TAJAM 4', 'INST-E8A10CA535', 14, 11, '', NULL, 'tersedia', NULL, 1, '2025-08-21 12:04:16', '2025-08-21 12:04:16'),
(2137, 'HAK GINJAL', 'INST-C2BEB4FE3A', 14, 11, '', NULL, 'tersedia', NULL, 1, '2025-08-21 12:04:16', '2025-08-21 12:04:16'),
(2138, 'HAK KECIL', 'INST-9EF6851C59', 14, 11, '', NULL, 'tersedia', NULL, 1, '2025-08-21 12:04:16', '2025-08-21 12:04:16'),
(2139, 'HAK KECIL GIGI TAJAM', 'INST-4B9447D25E', 14, 11, '', NULL, 'tersedia', NULL, 1, '2025-08-21 12:04:16', '2025-08-21 12:04:16'),
(2140, 'HAK KECIL TUMPUL', 'INST-ABEDA71E21', 14, 11, '', NULL, 'tersedia', NULL, 1, '2025-08-21 12:04:16', '2025-08-21 12:04:16'),
(2141, 'HAK LANGEN DOUBLE', 'INST-4E696D0EBB', 14, 11, '', NULL, 'tersedia', NULL, 1, '2025-08-21 12:04:16', '2025-08-21 12:04:16'),
(2142, 'HAK LANGENBACK GIGI TAJAM', 'INST-A12B426930', 14, 11, '', NULL, 'tersedia', NULL, 1, '2025-08-21 12:04:16', '2025-08-21 12:04:16'),
(2143, 'HAK LURUS', 'INST-9C588AB7BA', 14, 11, '', NULL, 'tersedia', NULL, 1, '2025-08-21 12:04:16', '2025-08-21 12:04:16'),
(2144, 'HAK OBGYN/TANGGUNG', 'INST-632807F5BD', 14, 11, '', NULL, 'tersedia', NULL, 1, '2025-08-21 12:04:16', '2025-08-21 12:04:16'),
(2145, 'HAK RUNCING 3', 'INST-0ABBC4BF4B', 14, 11, '', NULL, 'tersedia', NULL, 1, '2025-08-21 12:04:16', '2025-08-21 12:04:16'),
(2146, 'HAK RUNCING GIGI 2', 'INST-C20C679265', 14, 11, '', NULL, 'tersedia', NULL, 1, '2025-08-21 12:04:16', '2025-08-21 12:04:16'),
(2147, 'HAK RUNCING GIGI 4', 'INST-6D1D5F859A', 14, 11, '', NULL, 'tersedia', NULL, 1, '2025-08-21 12:04:16', '2025-08-21 12:04:16'),
(2148, 'HAK RUNCING GIGI 6', 'INST-B8A6BB23C1', 14, 11, '', NULL, 'tersedia', NULL, 1, '2025-08-21 12:04:16', '2025-08-21 12:04:16'),
(2149, 'HAK TAJAM', 'INST-86E6D9BC74', 14, 11, '', NULL, 'tersedia', NULL, 1, '2025-08-21 12:04:16', '2025-08-21 12:04:16'),
(2150, 'HAK TAJAM GIGI 2/3', 'INST-140158DD21', 14, 11, '', NULL, 'tersedia', NULL, 1, '2025-08-21 12:04:16', '2025-08-21 12:04:16'),
(2151, 'HAK TAJAM GIGI 3', 'INST-B9D8831777', 14, 11, '', NULL, 'tersedia', NULL, 1, '2025-08-21 12:04:16', '2025-08-21 12:04:16'),
(2152, 'HAK TAJAM GIGI 4', 'INST-7B3544B5C3', 14, 11, '', NULL, 'tersedia', NULL, 1, '2025-08-21 12:04:16', '2025-08-21 12:04:16'),
(2153, 'HAK TAJAM TUMPUL', 'INST-573DFC7180', 14, 11, '', NULL, 'tersedia', NULL, 1, '2025-08-21 12:04:16', '2025-08-21 12:04:16'),
(2154, 'HAK TAJAM TUMPUL(KECIL)', 'INST-FAFDFD794D', 14, 11, '', NULL, 'tersedia', NULL, 1, '2025-08-21 12:04:16', '2025-08-21 12:04:16'),
(2155, 'HAK TANGGUNG', 'INST-2B1BB41992', 14, 11, '', NULL, 'tersedia', NULL, 1, '2025-08-21 12:04:16', '2025-08-21 12:04:16'),
(2156, 'HAK TANGGUNG 2', 'INST-C0C85D7279', 14, 11, '', NULL, 'tersedia', NULL, 1, '2025-08-21 12:04:16', '2025-08-21 12:04:16'),
(2157, 'HAK TUMPUL RUNCING', 'INST-D6D3239978', 14, 11, '', NULL, 'tersedia', NULL, 1, '2025-08-21 12:04:16', '2025-08-21 12:04:16'),
(2158, 'HAK TANGGUNG PACUL', 'INST-76E1EA6EC5', 14, 11, '', NULL, 'tersedia', NULL, 1, '2025-08-21 12:04:16', '2025-08-21 12:04:16'),
(2159, 'HAL LANGENG', 'INST-33AE703093', 14, 11, '', NULL, 'tersedia', NULL, 1, '2025-08-21 12:04:16', '2025-08-21 12:04:16'),
(2160, 'HALSTED-MOSQUITO FORCEPS DEL CVD125MM', 'INST-CC3339E0FD', 14, 11, '', NULL, 'tersedia', NULL, 1, '2025-08-21 12:04:16', '2025-08-21 12:04:16'),
(2161, 'HAMER / PALU', 'INST-5593DD355D', 14, 11, '', NULL, 'tersedia', NULL, 1, '2025-08-21 12:04:16', '2025-08-21 12:04:16'),
(2162, 'HAND PIECE BOOR CRANIOTOME', 'INST-016F38EF76', 14, 11, '', NULL, 'tersedia', NULL, 1, '2025-08-21 12:04:16', '2025-08-21 12:04:16'),
(2163, 'HAND PIECE BOOR PERFORATOR', 'INST-3441D61C05', 14, 11, '', NULL, 'tersedia', NULL, 1, '2025-08-21 12:04:16', '2025-08-21 12:04:16'),
(2164, 'HAND PIECE DRILL PENDEK BIONET', 'INST-8A8B9BE6FB', 14, 11, NULL, NULL, 'tersedia', NULL, 1, '2025-08-21 12:04:16', '2025-09-03 07:37:16'),
(2165, 'HAND PIECE DRILL BIONET', 'INST-5DEE97BD15', 14, 11, '', NULL, 'tersedia', NULL, 1, '2025-08-21 12:04:16', '2025-08-21 12:04:16'),
(2166, 'HAND PIECE DRILL PENDEK STRAIGHT', 'INST-136076F9E1', 14, 11, '', NULL, 'tersedia', NULL, 1, '2025-08-21 12:04:16', '2025-08-21 12:04:16'),
(2167, 'HANDLE GIGI', 'INST-7A87304351', 14, 11, '', NULL, 'tersedia', NULL, 1, '2025-08-21 12:04:16', '2025-08-21 12:04:16'),
(2168, 'HANDLE MES', 'INST-488507375F', 14, 11, '', NULL, 'tersedia', NULL, 1, '2025-08-21 12:04:16', '2025-08-21 12:04:16'),
(2169, 'HANDLE MES NO 3 LURUS/BENGKOK', 'INST-DD3CC505BC', 14, 11, '', NULL, 'tersedia', NULL, 1, '2025-08-21 12:04:16', '2025-08-21 12:04:16'),
(2170, 'HANDLE MES NO 4', 'INST-515D99508B', 14, 11, '', NULL, 'tersedia', NULL, 1, '2025-08-21 12:04:16', '2025-08-21 12:04:16'),
(2171, 'HANDLE MES PANJANG', 'INST-5A7C993EA2', 14, 11, '', NULL, 'tersedia', NULL, 1, '2025-08-21 12:04:16', '2025-08-21 12:04:16'),
(2172, 'HANDLE MES PENDEK', 'INST-20E00E566D', 14, 11, '', NULL, 'tersedia', NULL, 1, '2025-08-21 12:04:16', '2025-08-21 12:04:16'),
(2173, 'HANDLE MESH BIONET NO, 3', 'INST-0757A42444', 14, 11, '', NULL, 'tersedia', NULL, 1, '2025-08-21 12:04:16', '2025-08-21 12:04:16'),
(2174, 'HANDLE MESH NO.4.7 BIONET', 'INST-F034746750', 14, 11, '', NULL, 'tersedia', NULL, 1, '2025-08-21 12:04:16', '2025-08-21 12:04:16'),
(2175, 'HAYEK', 'INST-623117B0DA', 14, 11, '', NULL, 'tersedia', NULL, 1, '2025-08-21 12:04:16', '2025-08-21 12:04:16'),
(2176, 'HEISS DELICATE FORCEPS STR 1X2 200MM', 'INST-D3086C15B4', 14, 11, '', NULL, 'tersedia', NULL, 1, '2025-08-21 12:04:16', '2025-08-21 12:04:16'),
(2177, 'HEX KEY', 'INST-8C9D86CED3', 14, 11, '', NULL, 'tersedia', NULL, 1, '2025-08-21 12:04:16', '2025-08-21 12:04:16'),
(2178, 'HNP TANG LURUS', 'INST-249C9CBF7C', 14, 11, '', NULL, 'tersedia', NULL, 1, '2025-08-21 12:04:16', '2025-08-21 12:04:16'),
(2179, 'HNP TANG UP', 'INST-66241585F2', 14, 11, '', NULL, 'tersedia', NULL, 1, '2025-08-21 12:04:16', '2025-08-21 12:04:16'),
(2180, 'HOOK TAJAM', 'INST-EC60B16129', 14, 11, '', NULL, 'tersedia', NULL, 1, '2025-08-21 12:04:16', '2025-08-21 12:04:16'),
(2181, 'INTANDE', 'INST-2B9C946B12', 14, 11, '', NULL, 'tersedia', NULL, 1, '2025-08-21 12:04:16', '2025-08-21 12:04:16'),
(2182, 'INTANDE HACK TAJAM', 'INST-64363922A5', 14, 11, '', NULL, 'tersedia', NULL, 1, '2025-08-21 12:04:16', '2025-08-21 12:04:16'),
(2183, 'INTERIOR BOX F/BL930', 'INST-564C578B9D', 14, 11, '', NULL, 'tersedia', NULL, 1, '2025-08-21 12:04:16', '2025-08-21 12:04:16'),
(2184, 'ITANDE HAK KECIL', 'INST-11F33A5B43', 14, 11, '', NULL, 'tersedia', NULL, 1, '2025-08-21 12:04:16', '2025-08-21 12:04:16'),
(2185, 'HAK LANGEN', 'INST-269582BD43', 14, 11, NULL, NULL, 'tersedia', NULL, 1, '2025-08-21 12:04:16', '2025-09-02 11:40:35'),
(2190, 'KANULE SUCTION', 'INST-640642DE97', 14, 11, '', NULL, 'tersedia', NULL, 1, '2025-08-21 12:52:40', '2025-08-21 12:52:40'),
(2191, 'KERRISON BAY.SHAPED 130 UP 240MM 2MM', 'INST-A2E215CD96', 14, 11, '', NULL, 'tersedia', NULL, 1, '2025-08-21 12:52:40', '2025-08-21 12:52:40'),
(2192, 'KERRISON BAY.SHAPED 130 UP 240MM 3MM', 'INST-58EBA6D391', 14, 11, '', NULL, 'tersedia', NULL, 1, '2025-08-21 12:52:40', '2025-08-21 12:52:40'),
(2193, 'KERRISON BAY.SHAPED 130 UP 240MM 4MM', 'INST-2D2CC06A26', 14, 11, '', NULL, 'tersedia', NULL, 1, '2025-08-21 12:52:40', '2025-08-21 12:52:40'),
(2194, 'KERRISON BAY.SHAPED 130 UP 240MM 5MM', 'INST-3C4D667E3D', 14, 11, '', NULL, 'tersedia', NULL, 1, '2025-08-21 12:52:40', '2025-08-21 12:52:40'),
(2195, 'KERRISON BLK COATED 130 UP 180X1MM REG', 'INST-22AC7FF97F', 14, 11, '', NULL, 'tersedia', NULL, 1, '2025-08-21 12:52:40', '2025-08-21 12:52:40'),
(2196, 'KERRISON BLK COATED 130 UP 180X2MM REG', 'INST-0557FEE7D3', 14, 11, '', NULL, 'tersedia', NULL, 1, '2025-08-21 12:52:40', '2025-08-21 12:52:40'),
(2197, 'KERRISON BLK COATED 130 UP 180X3MM REG', 'INST-BE0064C7E6', 14, 11, '', NULL, 'tersedia', NULL, 1, '2025-08-21 12:52:40', '2025-08-21 12:52:40'),
(2198, 'KERRISON BLK COATED 130 UP 180X4MM REG', 'INST-2372EC9BB8', 14, 11, '', NULL, 'tersedia', NULL, 1, '2025-08-21 12:52:40', '2025-08-21 12:52:40'),
(2199, 'KERRISON BLK COATED 130 UP 200X5MM REG', 'INST-6C46D6B47D', 14, 11, '', NULL, 'tersedia', NULL, 1, '2025-08-21 12:52:40', '2025-08-21 12:52:40'),
(2200, 'KERRISON CVD.UP 200MM 2MM', 'INST-1FF329F6BC', 14, 11, '', NULL, 'tersedia', NULL, 1, '2025-08-21 12:52:40', '2025-08-21 12:52:40'),
(2201, 'KERRISON CVD.UP 200MM 3MM', 'INST-3F28778594', 14, 11, '', NULL, 'tersedia', NULL, 1, '2025-08-21 12:52:40', '2025-08-21 12:52:40'),
(2202, 'KERRISON CVD.UP 200MM 4MM', 'INST-042255CC9D', 14, 11, '', NULL, 'tersedia', NULL, 1, '2025-08-21 12:52:40', '2025-08-21 12:52:40'),
(2203, 'KERRISON CVD.UP 200MM 5MM', 'INST-716B62EAB7', 14, 11, '', NULL, 'tersedia', NULL, 1, '2025-08-21 12:52:40', '2025-08-21 12:52:40'),
(2204, 'KERRISON DET130 DEG UP 1MM 180MM', 'INST-B5F0064A2D', 14, 11, '', NULL, 'tersedia', NULL, 1, '2025-08-21 12:52:40', '2025-08-21 12:52:40'),
(2205, 'KERRISON DET130 DEG UP 1MM 180MMTHP', 'INST-BB4479290C', 14, 11, '', NULL, 'tersedia', NULL, 1, '2025-08-21 12:52:40', '2025-08-21 12:52:40'),
(2206, 'KERRISON DET130 DEG UP 2MM 180MM', 'INST-44F1329BF7', 14, 11, '', NULL, 'tersedia', NULL, 1, '2025-08-21 12:52:40', '2025-08-21 12:52:40'),
(2207, 'KERRISON DET130 DEG UP 2MM 180MMTHP', 'INST-D3A5059CFB', 14, 11, '', NULL, 'tersedia', NULL, 1, '2025-08-21 12:52:40', '2025-08-21 12:52:40'),
(2208, 'KERRISON DET130 DEG UP 3MM 180MM.REG', 'INST-B9488B2604', 14, 11, '', NULL, 'tersedia', NULL, 1, '2025-08-21 12:52:40', '2025-08-21 12:52:40'),
(2209, 'KERRISON DET130 DEG UP 3MM 180MMTHP', 'INST-27D6C3085B', 14, 11, '', NULL, 'tersedia', NULL, 1, '2025-08-21 12:52:40', '2025-08-21 12:52:40'),
(2210, 'KERRISON DET130 DEG UP 4MM 180MMREG', 'INST-7BDB74A7C1', 14, 11, '', NULL, 'tersedia', NULL, 1, '2025-08-21 12:52:40', '2025-08-21 12:52:40'),
(2211, 'KERRISON DET130 DEG UP 5MM 180MMREG', 'INST-81FAC87F0F', 14, 11, '', NULL, 'tersedia', NULL, 1, '2025-08-21 12:52:40', '2025-08-21 12:52:40'),
(2212, 'KHOCKER KECIL', 'INST-978EC8D9A4', 14, 11, '', NULL, 'tersedia', NULL, 1, '2025-08-21 12:52:40', '2025-08-21 12:52:40'),
(2213, 'KIDNEY TRAY 170MM 250ML', 'INST-D411514734', 14, 11, '', NULL, 'tersedia', NULL, 1, '2025-08-21 12:52:40', '2025-08-21 12:52:40'),
(2214, 'KIDNEY TRAY STAINLESS STEEL 250MM', 'INST-8160208334', 14, 11, '', NULL, 'tersedia', NULL, 1, '2025-08-21 12:52:40', '2025-08-21 12:52:40'),
(2215, 'KIKIR', 'INST-456D20CEAF', 14, 11, '', NULL, 'tersedia', NULL, 1, '2025-08-21 12:52:40', '2025-08-21 12:52:40');
INSERT INTO `instruments` (`instrument_id`, `instrument_name`, `instrument_code`, `instrument_type_id`, `department_id`, `notes`, `image_filename`, `status`, `expiry_in_days`, `created_by_user_id`, `created_at`, `updated_at`) VALUES
(2216, 'KIKIR TULANG', 'INST-8721CB7B98', 14, 11, '', NULL, 'tersedia', NULL, 1, '2025-08-21 12:52:40', '2025-08-21 12:52:40'),
(2217, 'KING KOHN', 'INST-B256DD2044', 14, 11, '', NULL, 'tersedia', NULL, 1, '2025-08-21 12:52:40', '2025-08-21 12:52:40'),
(2218, 'KLEM ARTERI', 'INST-DF14B6BA41', 14, 11, '', NULL, 'tersedia', NULL, 1, '2025-08-21 12:52:40', '2025-08-21 12:52:40'),
(2219, 'KLEM DANDY', 'INST-F564857473', 14, 11, '', NULL, 'tersedia', NULL, 1, '2025-08-21 12:52:40', '2025-08-21 12:52:40'),
(2220, 'KLEM PEAN', 'INST-651E961560', 14, 11, '', NULL, 'tersedia', NULL, 1, '2025-08-21 12:52:40', '2025-08-21 12:52:40'),
(2221, 'KLEM PEAN KECIL', 'INST-DC537853A5', 14, 11, '', NULL, 'tersedia', NULL, 1, '2025-08-21 12:52:40', '2025-08-21 12:52:40'),
(2222, 'KNABEL BESAR', 'INST-5902B46436', 14, 11, '', NULL, 'tersedia', NULL, 1, '2025-08-21 12:52:40', '2025-08-21 12:52:40'),
(2223, 'KNABEL BESAR / KECIL', 'INST-6723624FBC', 14, 11, '', NULL, 'tersedia', NULL, 1, '2025-08-21 12:52:40', '2025-08-21 12:52:40'),
(2224, 'KNABEL TANG', 'INST-730311058F', 14, 11, '', NULL, 'tersedia', NULL, 1, '2025-08-21 12:52:40', '2025-08-21 12:52:40'),
(2225, 'KNABLE BENGKOK', 'INST-288440CDAD', 14, 11, '', NULL, 'tersedia', NULL, 1, '2025-08-21 12:52:40', '2025-08-21 12:52:40'),
(2226, 'KNABLE BENGKOK BERBAGAI UKURAN', 'INST-2C3567A18A', 14, 11, '', NULL, 'tersedia', NULL, 1, '2025-08-21 12:52:40', '2025-08-21 12:52:40'),
(2227, 'KNOPF SONDE', 'INST-F78002470C', 14, 11, '', NULL, 'tersedia', NULL, 1, '2025-08-21 12:52:40', '2025-08-21 12:52:40'),
(2228, 'KOBRA BESAR', 'INST-31D263FB1B', 14, 11, '', NULL, 'tersedia', NULL, 1, '2025-08-21 12:52:40', '2025-08-21 12:52:40'),
(2229, 'KOBRA SEDANG', 'INST-5A91C9AA8E', 14, 11, '', NULL, 'tersedia', NULL, 1, '2025-08-21 12:52:40', '2025-08-21 12:52:40'),
(2230, 'KOBRA TANGGUNG', 'INST-BAC5F42447', 14, 11, '', NULL, 'tersedia', NULL, 1, '2025-08-21 12:52:40', '2025-08-21 12:52:40'),
(2231, 'KOCHER', 'INST-05CD570D90', 14, 11, '', NULL, 'tersedia', NULL, 1, '2025-08-21 12:52:40', '2025-08-21 12:52:40'),
(2232, 'KOCHER ARTERI KLEM', 'INST-5122A7FE10', 14, 11, '', NULL, 'tersedia', NULL, 1, '2025-08-21 12:52:40', '2025-08-21 12:52:40'),
(2233, 'KOCHER ARTERI KLEM (KECIL)', 'INST-DE5E463496', 14, 11, '', NULL, 'tersedia', NULL, 1, '2025-08-21 12:52:40', '2025-08-21 12:52:40'),
(2234, 'KOCHER ARTERI KLEM (PANJANG)', 'INST-71824DA849', 14, 11, '', NULL, 'tersedia', NULL, 1, '2025-08-21 12:52:40', '2025-08-21 12:52:40'),
(2235, 'KOCHER ARTERY KLEM', 'INST-FAE33D103B', 14, 11, '', NULL, 'tersedia', NULL, 1, '2025-08-21 12:52:40', '2025-08-21 12:52:40'),
(2236, 'KOCHER BENGKOK', 'INST-48C352C697', 14, 11, '', NULL, 'tersedia', NULL, 1, '2025-08-21 12:52:40', '2025-08-21 12:52:40'),
(2237, 'KOCHER BESAR', 'INST-8A4D113C28', 14, 11, '', NULL, 'tersedia', NULL, 1, '2025-08-21 12:52:40', '2025-08-21 12:52:40'),
(2238, 'KOCHER KECIL', 'INST-9A909AC543', 14, 11, '', NULL, 'tersedia', NULL, 1, '2025-08-21 12:52:40', '2025-08-21 12:52:40'),
(2239, 'KOCHER KLEM', 'INST-B777B56A1E', 14, 11, '', NULL, 'tersedia', NULL, 1, '2025-08-21 12:52:40', '2025-08-21 12:52:40'),
(2240, 'KOCHER LENGKUNG', 'INST-EC7730FE0B', 14, 11, '', NULL, 'tersedia', NULL, 1, '2025-08-21 12:52:40', '2025-08-21 12:52:40'),
(2241, 'KOCHER LENGKUNG/ PANJANG', 'INST-3E7A423DB4', 14, 11, '', NULL, 'tersedia', NULL, 1, '2025-08-21 12:52:40', '2025-08-21 12:52:40'),
(2242, 'KOCHER LURUS', 'INST-FE52ED4D9E', 14, 11, '', NULL, 'tersedia', NULL, 1, '2025-08-21 12:52:40', '2025-08-21 12:52:40'),
(2243, 'KOCHER PANJANG BENGKOK', 'INST-A48547DD04', 14, 11, '', NULL, 'tersedia', NULL, 1, '2025-08-21 12:52:40', '2025-08-21 12:52:40'),
(2244, 'KOCHER TANGGUNG', 'INST-14E24476B6', 14, 11, '', NULL, 'tersedia', NULL, 1, '2025-08-21 12:52:40', '2025-08-21 12:52:40'),
(2245, 'KOCKER KECIL', 'INST-BBE041B263', 14, 11, '', NULL, 'tersedia', NULL, 1, '2025-08-21 12:52:40', '2025-08-21 12:52:40'),
(2246, 'KOGEL TANG GIGI 1', 'INST-9CD6BF9F75', 14, 11, '', NULL, 'tersedia', NULL, 1, '2025-08-21 12:52:40', '2025-08-21 12:52:40'),
(2247, 'KOGEL TANG GIGI 4', 'INST-ED2727D366', 14, 11, '', NULL, 'tersedia', NULL, 1, '2025-08-21 12:52:40', '2025-08-21 12:52:40'),
(2248, 'KOGLE TANG', 'INST-DB3676B335', 14, 11, '', NULL, 'tersedia', NULL, 1, '2025-08-21 12:52:40', '2025-08-21 12:52:40'),
(2249, 'KOKER', 'INST-28CFC8FF1B', 14, 11, '', NULL, 'tersedia', NULL, 1, '2025-08-21 12:52:40', '2025-08-21 12:52:40'),
(2250, 'KOKER ARTERI KLEM', 'INST-FA6A6656A3', 14, 11, '', NULL, 'tersedia', NULL, 1, '2025-08-21 12:52:40', '2025-08-21 12:52:40'),
(2251, 'KOKER ARTERI KLEM KECIL LURUS', 'INST-E1B1290491', 14, 11, '', NULL, 'tersedia', NULL, 1, '2025-08-21 12:52:40', '2025-08-21 12:52:40'),
(2252, 'KOKER KECIL ARTERI KLEM KECIL LURUS', 'INST-6183E3308B', 14, 11, '', NULL, 'tersedia', NULL, 1, '2025-08-21 12:52:40', '2025-08-21 12:52:40'),
(2253, 'KOKER KEM KECIL', 'INST-1D1CE658F3', 14, 11, '', NULL, 'tersedia', NULL, 1, '2025-08-21 12:52:40', '2025-08-21 12:52:40'),
(2254, 'KOKER KLEM PANJANG', 'INST-6233F69BFC', 14, 11, '', NULL, 'tersedia', NULL, 1, '2025-08-21 12:52:40', '2025-08-21 12:52:40'),
(2255, 'KOKER PANJANG', 'INST-2E8D4383A3', 14, 11, '', NULL, 'tersedia', NULL, 1, '2025-08-21 12:52:40', '2025-08-21 12:52:40'),
(2256, 'KOKER PANJANG LURUS', 'INST-E78C521703', 14, 11, '', NULL, 'tersedia', NULL, 1, '2025-08-21 12:52:40', '2025-08-21 12:52:40'),
(2257, 'KOKER SEDANG', 'INST-E8E8F2838D', 14, 11, '', NULL, 'tersedia', NULL, 1, '2025-08-21 12:52:40', '2025-08-21 12:52:40'),
(2258, 'KOKER TANGGUNG ARTERI KLEM KECIL LURUS', 'INST-A9C650E604', 14, 11, '', NULL, 'tersedia', NULL, 1, '2025-08-21 12:52:40', '2025-08-21 12:52:40'),
(2259, 'KONDOM LENSA', 'INST-A750279E34', 14, 11, '', NULL, 'tersedia', NULL, 1, '2025-08-21 12:52:40', '2025-08-21 12:52:40'),
(2260, 'KOOP BESAR/SEDANG/KECIL', 'INST-FCB80B362C', 14, 11, '', NULL, 'tersedia', NULL, 1, '2025-08-21 12:52:40', '2025-08-21 12:52:40'),
(2261, 'KOP BESAR', 'INST-8769E0492D', 14, 11, '', NULL, 'tersedia', NULL, 1, '2025-08-21 12:52:40', '2025-08-21 12:52:40'),
(2262, 'KRAEMER RETRACTOR 66X10MM 210MM', 'INST-B851FDC3A5', 14, 11, '', NULL, 'tersedia', NULL, 1, '2025-08-21 12:52:40', '2025-08-21 12:52:40'),
(2263, 'KRAYENBUEHL NERV HKSHRTBALL-TIP184MM', 'INST-224825ACD1', 14, 11, '', NULL, 'tersedia', NULL, 1, '2025-08-21 12:52:40', '2025-08-21 12:52:40'),
(2264, 'KRAYENBUEHL NERVE HOOK BALL-TIP 184MM', 'INST-62F27F9A2E', 14, 11, '', NULL, 'tersedia', NULL, 1, '2025-08-21 12:52:40', '2025-08-21 12:52:40'),
(2265, 'KRAYENBUEHL NERVE/VESSEL HKSHARP184MM', 'INST-66B7DEEC3F', 14, 11, '', NULL, 'tersedia', NULL, 1, '2025-08-21 12:52:40', '2025-08-21 12:52:40'),
(2266, 'KRISEN 1,2,3,4,5', 'INST-9DCEE35700', 14, 11, '', NULL, 'tersedia', NULL, 1, '2025-08-21 12:52:40', '2025-08-21 12:52:40'),
(2267, 'KROM', 'INST-52709A6027', 14, 11, '', NULL, 'tersedia', NULL, 1, '2025-08-21 12:52:40', '2025-08-21 12:52:40'),
(2268, 'KROM TANGGUNG', 'INST-12100D49CB', 14, 11, '', NULL, 'tersedia', NULL, 1, '2025-08-21 12:52:40', '2025-08-21 12:52:40'),
(2269, 'KROM ARTERI KLEM', 'INST-8708139A88', 14, 11, '', NULL, 'tersedia', NULL, 1, '2025-08-21 12:52:40', '2025-08-21 12:52:40'),
(2270, 'KROM BENGKOK', 'INST-AEB6C06C4A', 14, 11, '', NULL, 'tersedia', NULL, 1, '2025-08-21 12:52:40', '2025-08-21 12:52:40'),
(2271, 'KROM BESAR', 'INST-A67BC4C968', 14, 11, '', NULL, 'tersedia', NULL, 1, '2025-08-21 12:52:40', '2025-08-21 12:52:40'),
(2272, 'KROM BESAR / RIGH ANGEL', 'INST-0896B96957', 14, 11, '', NULL, 'tersedia', NULL, 1, '2025-08-21 12:52:40', '2025-08-21 12:52:40'),
(2273, 'KROM KECIL', 'INST-71BA6DC90B', 14, 11, '', NULL, 'tersedia', NULL, 1, '2025-08-21 12:52:40', '2025-08-21 12:52:40'),
(2274, 'KROM KLEM', 'INST-1C0B39F0BD', 14, 11, '', NULL, 'tersedia', NULL, 1, '2025-08-21 12:52:40', '2025-08-21 12:52:40'),
(2275, 'KROM SEDANG', 'INST-7C5E2D5484', 14, 11, '', NULL, 'tersedia', NULL, 1, '2025-08-21 12:52:40', '2025-08-21 12:52:40'),
(2276, 'KROM KLEM BESAR', 'INST-E7A68E5929', 14, 11, '', NULL, 'tersedia', NULL, 1, '2025-08-21 12:52:40', '2025-08-21 12:52:40'),
(2277, 'KROM KLEM BESAR BERGIGI', 'INST-2C3E9252C4', 14, 11, '', NULL, 'tersedia', NULL, 1, '2025-08-21 12:52:40', '2025-08-21 12:52:40'),
(2278, 'KROM KLEM KECIL', 'INST-526FC69DB6', 14, 11, '', NULL, 'tersedia', NULL, 1, '2025-08-21 12:52:40', '2025-08-21 12:52:40'),
(2279, 'KROOM BESAR UTERUS', 'INST-456E456917', 14, 11, '', NULL, 'tersedia', NULL, 1, '2025-08-21 12:52:40', '2025-08-21 12:52:40'),
(2280, 'KROOM KLEM (PANJANG)', 'INST-A67E710B33', 14, 11, '', NULL, 'tersedia', NULL, 1, '2025-08-21 12:52:40', '2025-08-21 12:52:40'),
(2281, 'KROP SONDE', 'INST-648A37EDFA', 14, 11, '', NULL, 'tersedia', NULL, 1, '2025-08-21 12:52:40', '2025-08-21 12:52:40'),
(2282, 'KROVEESONDE', 'INST-238295D52F', 14, 11, '', NULL, 'tersedia', NULL, 1, '2025-08-21 12:52:40', '2025-08-21 12:52:40'),
(2283, 'LABORATORY DISH 0.063 L', 'INST-FB9FEABA46', 14, 11, '', NULL, 'tersedia', NULL, 1, '2025-08-21 12:52:40', '2025-08-21 12:52:40'),
(2284, 'LABORATORY DISH 0.16 L', 'INST-979C08CB6C', 14, 11, '', NULL, 'tersedia', NULL, 1, '2025-08-21 12:52:40', '2025-08-21 12:52:40'),
(2285, 'LABORATORY DISH 0.3 L', 'INST-8770DE812E', 14, 11, '', NULL, 'tersedia', NULL, 1, '2025-08-21 12:52:40', '2025-08-21 12:52:40'),
(2286, 'LANGEN BACK', 'INST-DDBDD396BD', 14, 11, '', NULL, 'tersedia', NULL, 1, '2025-08-21 12:52:40', '2025-08-21 12:52:40'),
(2287, 'LANGEN BACK BESAR', 'INST-42329E6E2F', 14, 11, '', NULL, 'tersedia', NULL, 1, '2025-08-21 12:52:40', '2025-08-21 12:52:40'),
(2288, 'LANGEN BACK DOBLE', 'INST-FD4A04F7C1', 14, 11, '', NULL, 'tersedia', NULL, 1, '2025-08-21 12:52:40', '2025-08-21 12:52:40'),
(2289, 'LANGEN BACK SINGLE', 'INST-661C3C8E8F', 14, 11, '', NULL, 'tersedia', NULL, 1, '2025-08-21 12:52:40', '2025-08-21 12:52:40'),
(2290, 'LANGEN BACK TUMPUL RUNCING', 'INST-9396E88DD4', 14, 11, '', NULL, 'tersedia', NULL, 1, '2025-08-21 12:52:40', '2025-08-21 12:52:40'),
(2291, 'LANGEN HAAK', 'INST-A38EF0234F', 14, 11, '', NULL, 'tersedia', NULL, 1, '2025-08-21 12:52:40', '2025-08-21 12:52:40'),
(2292, 'LANGEN HAAK DOBEL', 'INST-EC8C8BFCA7', 14, 11, '', NULL, 'tersedia', NULL, 1, '2025-08-21 12:52:40', '2025-08-21 12:52:40'),
(2293, 'LANGEN HAAK PANJANG', 'INST-5DD8EBA0AC', 14, 11, '', NULL, 'tersedia', NULL, 1, '2025-08-21 12:52:40', '2025-08-21 12:52:40'),
(2294, 'LANGEN HAK DOUBLE SEDANG', 'INST-F19E016B5F', 14, 11, '', NULL, 'tersedia', NULL, 1, '2025-08-21 12:52:40', '2025-08-21 12:52:40'),
(2295, 'LANGEN HAK KOMBINASI KECIL', 'INST-A8AB69E81F', 14, 11, '', NULL, 'tersedia', NULL, 1, '2025-08-21 12:52:40', '2025-08-21 12:52:40'),
(2296, 'LANGEN HAK SINGLE', 'INST-02486D55E0', 14, 11, '', NULL, 'tersedia', NULL, 1, '2025-08-21 12:52:40', '2025-08-21 12:52:40'),
(2297, 'LANGEN HAK TAJAM TUMPUL', 'INST-8BA7AEDEFF', 14, 11, '', NULL, 'tersedia', NULL, 1, '2025-08-21 12:52:40', '2025-08-21 12:52:40'),
(2298, 'LANGEN HAK TANGGUNG BEDAH/OBSGYN', 'INST-5110A891CA', 14, 11, '', NULL, 'tersedia', NULL, 1, '2025-08-21 12:52:40', '2025-08-21 12:52:40'),
(2299, 'LANGEN HAKDOBELTANGGUNG', 'INST-435451CFDC', 14, 11, '', NULL, 'tersedia', NULL, 1, '2025-08-21 12:52:40', '2025-08-21 12:52:40'),
(2300, 'LANGENBECK RIB RASPATORY 16MM 190MM', 'INST-E903CDBF24', 14, 11, '', NULL, 'tersedia', NULL, 1, '2025-08-21 12:52:40', '2025-08-21 12:52:40'),
(2301, 'LANGEN HAAK DOBEL (TUMPUL GIGI 2)', 'INST-137C1BFCEE', 14, 11, '', NULL, 'tersedia', NULL, 1, '2025-08-21 12:52:40', '2025-08-21 12:52:40'),
(2302, 'LEKSELL-STILLE BONE RONGEUR 240MM', 'INST-47986F5E71', 14, 11, '', NULL, 'tersedia', NULL, 1, '2025-08-21 12:52:40', '2025-08-21 12:52:40'),
(2303, 'LERICHE DELICATE FORCEPS CVD1X2150MM', 'INST-536963690E', 14, 11, '', NULL, 'tersedia', NULL, 1, '2025-08-21 12:52:40', '2025-08-21 12:52:40'),
(2304, 'LOVE HOOK', 'INST-A97C371EB0', 14, 11, '', NULL, 'tersedia', NULL, 1, '2025-08-21 12:52:40', '2025-08-21 12:52:40'),
(2305, 'LOVE NERVE ROOT RETRACTOR BAY-SH.210MM', 'INST-B7436E529A', 14, 11, '', NULL, 'tersedia', NULL, 1, '2025-08-21 12:52:40', '2025-08-21 12:52:40'),
(2306, 'LOVE NERVE ROOT RETRACTOR STR 220MM', 'INST-1073424D0C', 14, 11, '', NULL, 'tersedia', NULL, 1, '2025-08-21 12:52:40', '2025-08-21 12:52:40'),
(2307, 'LUMBAL RETRACTOR', 'INST-7D994577EE', 14, 11, '', NULL, 'tersedia', NULL, 1, '2025-08-21 12:52:40', '2025-08-21 12:52:40'),
(2308, 'MAIER FORCEPS W/RCHT CVD260MM', 'INST-6BD3E39DEC', 14, 11, '', NULL, 'tersedia', NULL, 1, '2025-08-21 12:52:40', '2025-08-21 12:52:40'),
(2309, 'MAINS CORD 5M LONG', 'INST-9C41CC9A39', 14, 11, '', NULL, 'tersedia', NULL, 1, '2025-08-21 12:52:40', '2025-08-21 12:52:40'),
(2310, 'MANDREN', 'INST-6C6FA62CCD', 14, 11, '', NULL, 'tersedia', NULL, 1, '2025-08-21 12:52:40', '2025-08-21 12:52:40'),
(2311, 'MANELREM', 'INST-8CE130C3D6', 14, 11, '', NULL, 'tersedia', NULL, 1, '2025-08-21 12:52:40', '2025-08-21 12:52:40'),
(2312, 'MATA BOR', 'INST-CB6C37A2A4', 14, 11, '', NULL, 'tersedia', NULL, 1, '2025-08-21 12:52:40', '2025-08-21 12:52:40'),
(2313, 'MAYO-HEGAR NEEDLE HOLDER200MM', 'INST-FA6C2846FD', 14, 11, '', NULL, 'tersedia', NULL, 1, '2025-08-21 12:52:40', '2025-08-21 12:52:40'),
(2314, 'MECHOLIC', 'INST-927CBF88D8', 14, 11, '', NULL, 'tersedia', NULL, 1, '2025-08-21 12:52:40', '2025-08-21 12:52:40'),
(2315, 'MESIN BOOR', 'INST-EEA5F4739B', 14, 11, '', NULL, 'tersedia', NULL, 1, '2025-08-21 12:52:40', '2025-08-21 12:52:40'),
(2316, 'MICRO DISSECTOR STR230MM', 'INST-D8897D5502', 14, 11, '', NULL, 'tersedia', NULL, 1, '2025-08-21 12:52:40', '2025-08-21 12:52:40'),
(2317, 'MICRO DISSECTOR UP-CVD 230MM', 'INST-7692C5C2FC', 14, 11, '', NULL, 'tersedia', NULL, 1, '2025-08-21 12:52:40', '2025-08-21 12:52:40'),
(2318, 'MICRO DISSECTORSMALL230MM', 'INST-B2758A81FF', 14, 11, '', NULL, 'tersedia', NULL, 1, '2025-08-21 12:52:40', '2025-08-21 12:52:40'),
(2319, 'MICRO HOOK BLUNT230MM', 'INST-AC6EC618A0', 14, 11, '', NULL, 'tersedia', NULL, 1, '2025-08-21 12:52:40', '2025-08-21 12:52:40'),
(2320, 'MICRO HOOK SEMI SHARP STR.230MM', 'INST-262D5E34DA', 14, 11, '', NULL, 'tersedia', NULL, 1, '2025-08-21 12:52:40', '2025-08-21 12:52:40'),
(2321, 'MICRO NEEDLEHOLDER 150MM STR.W/RATCHET', 'INST-68C264DA37', 14, 11, '', NULL, 'tersedia', NULL, 1, '2025-08-21 12:52:40', '2025-08-21 12:52:40'),
(2322, 'MICRO RASPATORY RND-BLD LRG 229MM', 'INST-873EFDAF08', 14, 11, '', NULL, 'tersedia', NULL, 1, '2025-08-21 12:52:40', '2025-08-21 12:52:40'),
(2323, 'MICRO RASPATORY RND-BLD SM229MM', 'INST-9E492236D9', 14, 11, '', NULL, 'tersedia', NULL, 1, '2025-08-21 12:52:40', '2025-08-21 12:52:40'),
(2324, 'MICRO SCOOP ANG SHARP 229MM', 'INST-49FD403DA1', 14, 11, '', NULL, 'tersedia', NULL, 1, '2025-08-21 12:52:40', '2025-08-21 12:52:40'),
(2325, 'MICRO SCOOP STR SHARP229MM', 'INST-C5FE2D8509', 14, 11, '', NULL, 'tersedia', NULL, 1, '2025-08-21 12:52:40', '2025-08-21 12:52:40'),
(2326, 'MICRO SUCTION SETW/SPECIAL CUT-OFF ADAP', 'INST-776899B59A', 14, 11, '', NULL, 'tersedia', NULL, 1, '2025-08-21 12:52:40', '2025-08-21 12:52:40'),
(2327, 'MICRO-NEEDLE HOLDER W/CATCH CVD 150MM', 'INST-33BD37CB23', 14, 11, '', NULL, 'tersedia', NULL, 1, '2025-08-21 12:52:40', '2025-08-21 12:52:40'),
(2328, 'MICRO-SCSRFLT-HDL/CROSS-SERSTR160MM', 'INST-B14336D945', 14, 11, '', NULL, 'tersedia', NULL, 1, '2025-08-21 12:52:40', '2025-08-21 12:52:40'),
(2329, 'MIOMA BOOR', 'INST-E18DD66463', 14, 11, '', NULL, 'tersedia', NULL, 1, '2025-08-21 12:52:40', '2025-08-21 12:52:40'),
(2330, 'MIYOMBOOR', 'INST-ECA44CEB10', 14, 11, '', NULL, 'tersedia', NULL, 1, '2025-08-21 12:52:40', '2025-08-21 12:52:40'),
(2331, 'MOTOR CABLE', 'INST-D983C01E6A', 14, 11, '', NULL, 'tersedia', NULL, 1, '2025-08-21 12:52:40', '2025-08-21 12:52:40'),
(2332, 'MOUTGAG', 'INST-7E3022AE55', 14, 11, '', NULL, 'tersedia', NULL, 1, '2025-08-21 12:52:40', '2025-08-21 12:52:40'),
(2333, 'MOUTGAG BIASA', 'INST-D6F859668C', 14, 11, '', NULL, 'tersedia', NULL, 1, '2025-08-21 12:52:40', '2025-08-21 12:52:40'),
(2334, 'MOUTGAG SET UKURAN 1', 'INST-91B0AB761F', 14, 11, '', NULL, 'tersedia', NULL, 1, '2025-08-21 12:52:40', '2025-08-21 12:52:40'),
(2335, 'MOUTGAG SET UKURAN 2', 'INST-7C890C0849', 14, 11, '', NULL, 'tersedia', NULL, 1, '2025-08-21 12:52:40', '2025-08-21 12:52:40'),
(2336, 'MOUTGAG SET UKURAN 3', 'INST-046C2DB887', 14, 11, '', NULL, 'tersedia', NULL, 1, '2025-08-21 12:52:40', '2025-08-21 12:52:40'),
(2337, 'MOUTGAG SET UKURAN 4', 'INST-31C647C680', 14, 11, '', NULL, 'tersedia', NULL, 1, '2025-08-21 12:52:40', '2025-08-21 12:52:40'),
(2338, 'MOUTGAG SET UKURAN 5', 'INST-718B0C5211', 14, 11, '', NULL, 'tersedia', NULL, 1, '2025-08-21 12:52:40', '2025-08-21 12:52:40'),
(2339, 'MUELLER MICRO-FORCEPS 1.2MM TRI111MM', 'INST-A47230B064', 14, 11, '', NULL, 'tersedia', NULL, 1, '2025-08-21 12:52:40', '2025-08-21 12:52:40'),
(2340, 'NELSON-METZENBAUM SCISSORS CVD 230MM', 'INST-4125A62B7A', 14, 11, '', NULL, 'tersedia', NULL, 1, '2025-08-21 12:52:40', '2025-08-21 12:52:40'),
(2341, 'NERVE HOOK', 'INST-66DC2B0B15', 14, 11, '', NULL, 'tersedia', NULL, 1, '2025-08-21 12:52:40', '2025-08-21 12:52:40'),
(2342, 'OLIVECRONA BONE RONGEUR CVD 205MM', 'INST-27A7EAD2E9', 14, 11, '', NULL, 'tersedia', NULL, 1, '2025-08-21 12:52:40', '2025-08-21 12:52:40'),
(2343, 'OSTEOTOM', 'INST-218F29DB0D', 14, 11, '', NULL, 'tersedia', NULL, 1, '2025-08-21 12:52:40', '2025-08-21 12:52:40'),
(2344, 'PEAN ARTERI KLEM (KECIL)', 'INST-3EEC39968F', 14, 11, '', NULL, 'tersedia', NULL, 1, '2025-08-21 12:52:40', '2025-08-21 12:52:40'),
(2345, 'PEAN ARTERI KLEM PANJANG (RECH)', 'INST-D8B6DDD5A6', 14, 11, '', NULL, 'tersedia', NULL, 1, '2025-08-21 12:52:40', '2025-08-21 12:52:40'),
(2346, 'PEAN ARTERI LURUS', 'INST-3A87C6645F', 14, 11, '', NULL, 'tersedia', NULL, 1, '2025-08-21 12:52:40', '2025-08-21 12:52:40'),
(2347, 'PEAN ARTERI KLEM KECIL', 'INST-DE15F39536', 14, 11, '', NULL, 'tersedia', NULL, 1, '2025-08-21 12:52:40', '2025-08-21 12:52:40'),
(2348, 'PEAN ARTERI KLEM KECIL BENGKOK', 'INST-07DB9BEB75', 14, 11, '', NULL, 'tersedia', NULL, 1, '2025-08-21 12:52:40', '2025-08-21 12:52:40'),
(2349, 'PEAN ARTERI KLEM KECIL LURUS', 'INST-28C872D6A2', 14, 11, '', NULL, 'tersedia', NULL, 1, '2025-08-21 12:52:40', '2025-08-21 12:52:40'),
(2350, 'PEAN BESAR', 'INST-E0F6359777', 14, 11, '', NULL, 'tersedia', NULL, 1, '2025-08-21 12:52:40', '2025-08-21 12:52:40'),
(2351, 'PEAN KECIL', 'INST-8D112EC8B9', 14, 11, '', NULL, 'tersedia', NULL, 1, '2025-08-21 12:52:40', '2025-08-21 12:52:40'),
(2352, 'PEAN LURUS', 'INST-CC5ACC4225', 14, 11, '', NULL, 'tersedia', NULL, 1, '2025-08-21 12:52:40', '2025-08-21 12:52:40'),
(2353, 'PEAN LURUS BESAR', 'INST-61D73D72B1', 14, 11, '', NULL, 'tersedia', NULL, 1, '2025-08-21 12:52:40', '2025-08-21 12:52:40'),
(2354, 'PEAN PANJANG', 'INST-EEA2205DCC', 14, 11, '', NULL, 'tersedia', NULL, 1, '2025-08-21 12:52:40', '2025-08-21 12:52:40'),
(2355, 'PEAN PANJANG (RECH)', 'INST-3730F8C81E', 14, 11, '', NULL, 'tersedia', NULL, 1, '2025-08-21 12:52:40', '2025-08-21 12:52:40'),
(2356, 'PEAN PENDEK', 'INST-255858DEFF', 14, 11, '', NULL, 'tersedia', NULL, 1, '2025-08-21 12:52:40', '2025-08-21 12:52:40'),
(2357, 'PENGAIT GIGLI', 'INST-A600CA4A8D', 14, 11, '', NULL, 'tersedia', NULL, 1, '2025-08-21 12:52:40', '2025-08-21 12:52:40'),
(2358, 'PERITONIUM KLEM', 'INST-C78C96A25B', 14, 11, '', NULL, 'tersedia', NULL, 1, '2025-08-21 12:52:40', '2025-08-21 12:52:40'),
(2359, 'PERITONIUM KLEM KECIL', 'INST-A1A2908C0D', 14, 11, '', NULL, 'tersedia', NULL, 1, '2025-08-21 12:52:40', '2025-08-21 12:52:40'),
(2360, 'PINCET ANATOMIS MANIS', 'INST-36C3FBFD40', 14, 11, '', NULL, 'tersedia', NULL, 1, '2025-08-21 12:52:40', '2025-08-21 12:52:40'),
(2361, 'PICULINO', 'INST-1B12F83132', 14, 11, '', NULL, 'tersedia', NULL, 1, '2025-08-21 12:52:40', '2025-08-21 12:52:40'),
(2362, 'PINCET BAYONET', 'INST-6EC7EFF03A', 14, 11, '', NULL, 'tersedia', NULL, 1, '2025-08-21 12:52:40', '2025-08-21 12:52:40'),
(2363, 'PINCET CHIRURGIE KASAR / HALUS', 'INST-773FA854AE', 14, 11, '', NULL, 'tersedia', NULL, 1, '2025-08-21 12:52:40', '2025-08-21 12:52:40'),
(2364, 'PINCET CIRURGI BENGKOK', 'INST-F84CF308F6', 14, 11, '', NULL, 'tersedia', NULL, 1, '2025-08-21 12:52:40', '2025-08-21 12:52:40'),
(2365, 'PINCET CIRURGI KECIL', 'INST-667DAC0598', 14, 11, '', NULL, 'tersedia', NULL, 1, '2025-08-21 12:52:40', '2025-08-21 12:52:40'),
(2366, 'PINCET CIRURGY MANIS', 'INST-0CA8E15AAF', 14, 11, '', NULL, 'tersedia', NULL, 1, '2025-08-21 12:52:40', '2025-08-21 12:52:40'),
(2367, 'PINCET MANIS', 'INST-380156F385', 14, 11, '', NULL, 'tersedia', NULL, 1, '2025-08-21 12:52:40', '2025-08-21 12:52:40'),
(2368, 'PINSET CIRURGY', 'INST-20AF744839', 14, 11, '', NULL, 'tersedia', NULL, 1, '2025-08-21 12:52:40', '2025-08-21 12:52:40'),
(2369, 'PINSET DURA', 'INST-12B60934E2', 14, 11, '', NULL, 'tersedia', NULL, 1, '2025-08-21 12:52:40', '2025-08-21 12:52:40'),
(2370, 'PINSET HALUS PEMBULUH DARAH', 'INST-8B00A42BA7', 14, 11, '', NULL, 'tersedia', NULL, 1, '2025-08-21 12:52:40', '2025-08-21 12:52:40'),
(2371, 'PINSET TUMOR', 'INST-970B5BB568', 14, 11, '', NULL, 'tersedia', NULL, 1, '2025-08-21 12:52:40', '2025-08-21 12:52:40'),
(2372, 'PISAU TONSIL / BISTURI', 'INST-55A1B15904', 14, 11, '', NULL, 'tersedia', NULL, 1, '2025-08-21 12:52:40', '2025-08-21 12:52:40'),
(2373, 'PRIMELINE PRO 1/1 LID BLUE', 'INST-FFC882152F', 14, 11, '', NULL, 'tersedia', NULL, 1, '2025-08-21 12:52:40', '2025-08-21 12:52:40'),
(2374, 'PROBE', 'INST-9534D3A0E8', 14, 11, '', NULL, 'tersedia', NULL, 1, '2025-08-21 12:52:40', '2025-08-21 12:52:40'),
(2375, 'PUNCH BENGKOK KANAN', 'INST-2E8AACFC3B', 14, 11, '', NULL, 'tersedia', NULL, 1, '2025-08-21 12:52:40', '2025-08-21 12:52:40'),
(2376, 'PUNCH BENGKOK KIRI', 'INST-6427AE08C3', 14, 11, '', NULL, 'tersedia', NULL, 1, '2025-08-21 12:52:40', '2025-08-21 12:52:40'),
(2377, 'PUNCH LURUS', 'INST-4752DC1451', 14, 11, '', NULL, 'tersedia', NULL, 1, '2025-08-21 12:52:40', '2025-08-21 12:52:40'),
(2378, 'PUNCH LURUS KECIL/SEDANG/BESAR', 'INST-C15A5B92ED', 14, 11, '', NULL, 'tersedia', NULL, 1, '2025-08-21 12:52:40', '2025-08-21 12:52:40'),
(2379, 'RINGTANG', 'INST-278D0C70E9', 14, 11, '', NULL, 'tersedia', NULL, 1, '2025-08-21 12:52:40', '2025-08-21 12:52:40'),
(2380, 'RACK FOR BONE PUNCHES AND RONGEURS', 'INST-04A5092936', 14, 11, '', NULL, 'tersedia', NULL, 1, '2025-08-21 12:52:40', '2025-08-21 12:52:40'),
(2381, 'RAS KECIL', 'INST-7FB73A9C89', 14, 11, '', NULL, 'tersedia', NULL, 1, '2025-08-21 12:52:40', '2025-08-21 12:52:40'),
(2382, 'RAS KECIL/BESAR', 'INST-5D9282A137', 14, 11, '', NULL, 'tersedia', NULL, 1, '2025-08-21 12:52:40', '2025-08-21 12:52:40'),
(2383, 'RASH-ELEPATORIUM BENGKOK', 'INST-DC008D8505', 14, 11, '', NULL, 'tersedia', NULL, 1, '2025-08-21 12:52:40', '2025-08-21 12:52:40'),
(2384, 'RASHPATORIUM ELEPATORIUM', 'INST-2F229B771E', 14, 11, '', NULL, 'tersedia', NULL, 1, '2025-08-21 12:52:40', '2025-08-21 12:52:40'),
(2385, 'RASHPATORIUM BENGKOK  -  ELEPATORIUM', 'INST-90D27CE001', 14, 11, '', NULL, 'tersedia', NULL, 1, '2025-08-21 12:52:40', '2025-08-21 12:52:40'),
(2386, 'RASHPATORIUM BESAR', 'INST-B7DCC1DA41', 14, 11, '', NULL, 'tersedia', NULL, 1, '2025-08-21 12:52:40', '2025-08-21 12:52:40'),
(2387, 'RASHPATORIUM CELE', 'INST-E5219F9930', 14, 11, '', NULL, 'tersedia', NULL, 1, '2025-08-21 12:52:40', '2025-08-21 12:52:40'),
(2388, 'RASHPATORIUM KECIL', 'INST-9000C27ACF', 14, 11, '', NULL, 'tersedia', NULL, 1, '2025-08-21 12:52:40', '2025-08-21 12:52:40'),
(2389, 'RASHPATORIUM MELENGKUNG', 'INST-2BAACA298A', 14, 11, '', NULL, 'tersedia', NULL, 1, '2025-08-21 12:52:40', '2025-08-21 12:52:40'),
(2390, 'RASPA', 'INST-CC922E4417', 14, 11, '', NULL, 'tersedia', NULL, 1, '2025-08-21 12:52:40', '2025-08-21 12:52:40'),
(2391, 'RASPA 1 UJUNG', 'INST-2E3E54E610', 14, 11, '', NULL, 'tersedia', NULL, 1, '2025-08-21 12:52:40', '2025-08-21 12:52:40'),
(2392, 'RASPA ENDOSCOPY', 'INST-24FDAD51A1', 14, 11, '', NULL, 'tersedia', NULL, 1, '2025-08-21 12:52:40', '2025-08-21 12:52:40'),
(2393, 'RASPA MINI', 'INST-6273B68358', 14, 11, '', NULL, 'tersedia', NULL, 1, '2025-08-21 12:52:40', '2025-08-21 12:52:40'),
(2394, 'RASPARATORIUM BOLAK BALIK', 'INST-563A8C3481', 14, 11, '', NULL, 'tersedia', NULL, 1, '2025-08-21 12:52:40', '2025-08-21 12:52:40'),
(2395, 'REDON SPIKE CH.10 SLIG.CVD.TRIANG.TIP', 'INST-32DED6C975', 14, 11, '', NULL, 'tersedia', NULL, 1, '2025-08-21 12:52:40', '2025-08-21 12:52:40'),
(2396, 'REDON SPIKE CH.12 SLIG.CVD.TRIANG.TIP', 'INST-894A968762', 14, 11, '', NULL, 'tersedia', NULL, 1, '2025-08-21 12:52:40', '2025-08-21 12:52:40'),
(2397, 'REDUCTION', 'INST-CE047468CA', 14, 11, '', NULL, 'tersedia', NULL, 1, '2025-08-21 12:52:40', '2025-08-21 12:52:40'),
(2398, 'REDUCTION  KECIL (ULIR)', 'INST-143B988BF5', 14, 11, '', NULL, 'tersedia', NULL, 1, '2025-08-21 12:52:40', '2025-08-21 12:52:40'),
(2399, 'REDUCTION BESAR', 'INST-1C62F260D8', 14, 11, '', NULL, 'tersedia', NULL, 1, '2025-08-21 12:52:40', '2025-08-21 12:52:40'),
(2400, 'REDUCTION KECIL', 'INST-54A5AE963F', 14, 11, '', NULL, 'tersedia', NULL, 1, '2025-08-21 12:52:40', '2025-08-21 12:52:40'),
(2401, 'REDUCTION KECIL (KREK)', 'INST-34FD3211E2', 14, 11, '', NULL, 'tersedia', NULL, 1, '2025-08-21 12:52:40', '2025-08-21 12:52:40'),
(2402, 'REDUCTION SEDANG', 'INST-9C788C2038', 14, 11, '', NULL, 'tersedia', NULL, 1, '2025-08-21 12:52:40', '2025-08-21 12:52:40'),
(2403, 'REDUCTION TANGGUNG', 'INST-7DD0B62CE3', 14, 11, '', NULL, 'tersedia', NULL, 1, '2025-08-21 12:52:40', '2025-08-21 12:52:40'),
(2404, 'REFERDIN/ ENTONG', 'INST-B135E65F20', 14, 11, '', NULL, 'tersedia', NULL, 1, '2025-08-21 12:52:40', '2025-08-21 12:52:40'),
(2405, 'REFERDINE', 'INST-E28902162F', 14, 11, '', NULL, 'tersedia', NULL, 1, '2025-08-21 12:52:40', '2025-08-21 12:52:40'),
(2406, 'REH', 'INST-57F7759E42', 14, 11, '', NULL, 'tersedia', NULL, 1, '2025-08-21 12:52:40', '2025-08-21 12:52:40'),
(2407, 'RESPATHORIUM', 'INST-FE3A09CA21', 14, 11, '', NULL, 'tersedia', NULL, 1, '2025-08-21 12:52:40', '2025-08-21 12:52:40'),
(2408, 'RETRACTOR BLADE F/BV812R 75MM BLACK', 'INST-974519F43E', 14, 11, '', NULL, 'tersedia', NULL, 1, '2025-08-21 12:52:40', '2025-08-21 12:52:40'),
(2409, 'RETRACTOR BLADE F/BV812R 85MM BLACK', 'INST-6E4158049E', 14, 11, '', NULL, 'tersedia', NULL, 1, '2025-08-21 12:52:40', '2025-08-21 12:52:40'),
(2410, 'RIGHTANGEL', 'INST-361BD573A1', 14, 11, '', NULL, 'tersedia', NULL, 1, '2025-08-21 12:52:40', '2025-08-21 12:52:40'),
(2411, 'RIGHTANGEL KLEM', 'INST-E899F85305', 14, 11, '', NULL, 'tersedia', NULL, 1, '2025-08-21 12:52:40', '2025-08-21 12:52:40'),
(2412, 'RIGHTANGEL LURUS BENGKOK', 'INST-FF452635CE', 14, 11, '', NULL, 'tersedia', NULL, 1, '2025-08-21 12:52:40', '2025-08-21 12:52:40'),
(2413, 'RING HAK', 'INST-80BDB85D22', 14, 11, '', NULL, 'tersedia', NULL, 1, '2025-08-21 12:52:40', '2025-08-21 12:52:40'),
(2414, 'RING KLEM', 'INST-3FABB643FF', 14, 11, '', NULL, 'tersedia', NULL, 1, '2025-08-21 12:52:40', '2025-08-21 12:52:40'),
(2415, 'RING TANG', 'INST-14E4E1F757', 14, 11, '', NULL, 'tersedia', NULL, 1, '2025-08-21 12:52:40', '2025-08-21 12:52:40'),
(2416, 'RING TANG BESAR', 'INST-9ED3E64C77', 14, 11, '', NULL, 'tersedia', NULL, 1, '2025-08-21 12:52:40', '2025-08-21 12:52:40'),
(2417, 'RING TANG KECIL', 'INST-C5AE5FAD88', 14, 11, '', NULL, 'tersedia', NULL, 1, '2025-08-21 12:52:40', '2025-08-21 12:52:40'),
(2418, 'RINGTANG SEGITIGA', 'INST-5B998DC3D6', 14, 11, '', NULL, 'tersedia', NULL, 1, '2025-08-21 12:52:40', '2025-08-21 12:52:40'),
(2419, 'RINGTANG/STONETANG', 'INST-75362B0050', 14, 11, '', NULL, 'tersedia', NULL, 1, '2025-08-21 12:52:40', '2025-08-21 12:52:40'),
(2420, 'RITEANGLE', 'INST-5BC3EF0AF9', 14, 11, '', NULL, 'tersedia', NULL, 1, '2025-08-21 12:52:40', '2025-08-21 12:52:40'),
(2421, 'RND BODY SUTURE FORCEPSSTR0.3MM150MM', 'INST-F0E020E153', 14, 11, '', NULL, 'tersedia', NULL, 1, '2025-08-21 12:52:40', '2025-08-21 12:52:40'),
(2422, 'ROAD DESECTOR PANJANG/PENDEK', 'INST-155F944204', 14, 11, '', NULL, 'tersedia', NULL, 1, '2025-08-21 12:52:40', '2025-08-21 12:52:40'),
(2423, 'ROLL HAK', 'INST-CECC2F50F5', 14, 11, '', NULL, 'tersedia', NULL, 1, '2025-08-21 12:52:40', '2025-08-21 12:52:40'),
(2424, 'ROUNGGER/KETILIEN UP, DOWN,HORIZONE BITE', 'INST-15C147A471', 14, 11, '', NULL, 'tersedia', NULL, 1, '2025-08-21 12:52:40', '2025-08-21 12:52:40'),
(2425, 'SATINSKEY KLEM', 'INST-0F40563690', 14, 11, '', NULL, 'tersedia', NULL, 1, '2025-08-21 12:52:40', '2025-08-21 12:52:40'),
(2426, 'SCALPEL HANDLE #3 125MM', 'INST-13BDB89D07', 14, 11, '', NULL, 'tersedia', NULL, 1, '2025-08-21 12:52:40', '2025-08-21 12:52:40'),
(2427, 'SCALPEL HANDLE #4 135MM', 'INST-9C86CF4B4B', 14, 11, '', NULL, 'tersedia', NULL, 1, '2025-08-21 12:52:40', '2025-08-21 12:52:40'),
(2428, 'SCALPEL HANDLE #7 ENGLISH NO.5 160MM', 'INST-0361690761', 14, 11, '', NULL, 'tersedia', NULL, 1, '2025-08-21 12:52:40', '2025-08-21 12:52:40'),
(2429, 'SCALPEL HANDLE OFFSET 210MM NO.3', 'INST-0788E5122E', 14, 11, '', NULL, 'tersedia', NULL, 1, '2025-08-21 12:52:40', '2025-08-21 12:52:40'),
(2430, 'SCALPEL HDL.STR.NO.4', 'INST-D050F7E302', 14, 11, '', NULL, 'tersedia', NULL, 1, '2025-08-21 12:52:40', '2025-08-21 12:52:40'),
(2431, 'SCOVILLE LAMINECTOMY RETRACTOR', 'INST-CE18610665', 14, 11, '', NULL, 'tersedia', NULL, 1, '2025-08-21 12:52:40', '2025-08-21 12:52:40'),
(2432, 'SCREW DRIVER', 'INST-62F71453DA', 14, 11, '', NULL, 'tersedia', NULL, 1, '2025-08-21 12:52:40', '2025-08-21 12:52:40'),
(2433, 'SHARP BONE CUR#000FWD-ANG3.6MM250MM', 'INST-1B9C6AD7FD', 14, 11, '', NULL, 'tersedia', NULL, 1, '2025-08-21 12:52:40', '2025-08-21 12:52:40'),
(2434, 'SHARP BONE CUR#00FWD-ANG4.4MM250MM', 'INST-3E4A9EDDB8', 14, 11, '', NULL, 'tersedia', NULL, 1, '2025-08-21 12:52:40', '2025-08-21 12:52:40'),
(2435, 'SHARP BONE CURETTE # 000STR3.6MM250MM', 'INST-87F6AECC41', 14, 11, '', NULL, 'tersedia', NULL, 1, '2025-08-21 12:52:40', '2025-08-21 12:52:40'),
(2436, 'SHARP BONE CURETTE #00STR4.4MM250MM', 'INST-FCA6D104CF', 14, 11, '', NULL, 'tersedia', NULL, 1, '2025-08-21 12:52:40', '2025-08-21 12:52:40'),
(2437, 'SHARP BONE CURETTE#0FWD-ANG5.2MM250MM', 'INST-819332EABE', 14, 11, '', NULL, 'tersedia', NULL, 1, '2025-08-21 12:52:40', '2025-08-21 12:52:40'),
(2438, 'SHAVET', 'INST-9E7B674031', 14, 11, '', NULL, 'tersedia', NULL, 1, '2025-08-21 12:52:40', '2025-08-21 12:52:40'),
(2439, 'SILICONE CUSHIONING PAD 248X237MM', 'INST-95ABC77105', 14, 11, '', NULL, 'tersedia', NULL, 1, '2025-08-21 12:52:40', '2025-08-21 12:52:40'),
(2440, 'SILICONE CUSHIONING PAD 3/4 SIZE', 'INST-4A1AA229C6', 14, 11, '', NULL, 'tersedia', NULL, 1, '2025-08-21 12:52:40', '2025-08-21 12:52:40'),
(2441, 'SILICONE PAD BLUE 470X230X30MM', 'INST-CFAC6D0D94', 14, 11, '', NULL, 'tersedia', NULL, 1, '2025-08-21 12:52:40', '2025-08-21 12:52:40'),
(2442, 'SISA ROD LUMBAL CERVICAL', 'INST-DEE6D32E50', 14, 11, '', NULL, 'tersedia', NULL, 1, '2025-08-21 12:52:40', '2025-08-21 12:52:40'),
(2443, 'SLEVE SONDE', 'INST-71B4510E15', 14, 11, '', NULL, 'tersedia', NULL, 1, '2025-08-21 12:52:40', '2025-08-21 12:52:40'),
(2444, 'SLIP SONDE', 'INST-3DB225679C', 14, 11, '', NULL, 'tersedia', NULL, 1, '2025-08-21 12:52:40', '2025-08-21 12:52:40'),
(2445, 'SLR/CLR SYSTEM RETRACTOR ONLY', 'INST-B6118CA7DD', 14, 11, '', NULL, 'tersedia', NULL, 1, '2025-08-21 12:52:40', '2025-08-21 12:52:40'),
(2446, 'SODE LANCIP', 'INST-B79E5C4BEF', 14, 11, '', NULL, 'tersedia', NULL, 1, '2025-08-21 12:52:40', '2025-08-21 12:52:40'),
(2447, 'SONDE', 'INST-9AD8D2B60D', 14, 11, '', NULL, 'tersedia', NULL, 1, '2025-08-21 12:52:40', '2025-08-21 12:52:40'),
(2448, 'SONDE LENGKUNG', 'INST-FBC260FB55', 14, 11, '', NULL, 'tersedia', NULL, 1, '2025-08-21 12:52:40', '2025-08-21 12:52:40'),
(2449, 'SONDE LENGKUNG TEBAL', 'INST-34FF1DC575', 14, 11, '', NULL, 'tersedia', NULL, 1, '2025-08-21 12:52:40', '2025-08-21 12:52:40'),
(2450, 'SONDE UTERUS', 'INST-34A28868DB', 14, 11, '', NULL, 'tersedia', NULL, 1, '2025-08-21 12:52:40', '2025-08-21 12:52:40'),
(2451, 'SONGE HOLDER', 'INST-B8B1FF701C', 14, 11, '', NULL, 'tersedia', NULL, 1, '2025-08-21 12:52:40', '2025-08-21 12:52:40'),
(2452, 'SPATEL', 'INST-68D02D802D', 14, 11, '', NULL, 'tersedia', NULL, 1, '2025-08-21 12:52:40', '2025-08-21 12:52:40'),
(2453, 'SPATEL ABDOMEN', 'INST-33ABAB9ED9', 14, 11, '', NULL, 'tersedia', NULL, 1, '2025-08-21 12:52:40', '2025-08-21 12:52:40'),
(2454, 'SPATEL KECIL', 'INST-1E9002C177', 14, 11, '', NULL, 'tersedia', NULL, 1, '2025-08-21 12:52:40', '2025-08-21 12:52:40'),
(2455, 'SPATLE HITAM', 'INST-27866013BE', 14, 11, '', NULL, 'tersedia', NULL, 1, '2025-08-21 12:52:40', '2025-08-21 12:52:40'),
(2456, 'SPATULA  PERITONIUM', 'INST-2A1853C39F', 14, 11, '', NULL, 'tersedia', NULL, 1, '2025-08-21 12:52:40', '2025-08-21 12:52:40'),
(2457, 'SPATULA ABDOMINAL/REFERDINE', 'INST-37E680BDE8', 14, 11, '', NULL, 'tersedia', NULL, 1, '2025-08-21 12:52:40', '2025-08-21 12:52:40'),
(2458, 'SPECULUM HIDUNG BENGKOK', 'INST-70F23DD0C5', 14, 11, '', NULL, 'tersedia', NULL, 1, '2025-08-21 12:52:40', '2025-08-21 12:52:40'),
(2459, 'SPECULUM HIDUNG BESAR', 'INST-E87BE776F9', 14, 11, '', NULL, 'tersedia', NULL, 1, '2025-08-21 12:52:40', '2025-08-21 12:52:40'),
(2460, 'SPECULUM HIDUNG KECIL', 'INST-E5814F40E2', 14, 11, '', NULL, 'tersedia', NULL, 1, '2025-08-21 12:52:40', '2025-08-21 12:52:40'),
(2461, 'SPECULUM VAGINA', 'INST-B5AC8EF04C', 14, 11, '', NULL, 'tersedia', NULL, 1, '2025-08-21 12:52:40', '2025-08-21 12:52:40'),
(2462, 'SPEKULUM HIDUNG', 'INST-44091BE649', 14, 11, '', NULL, 'tersedia', NULL, 1, '2025-08-21 12:52:40', '2025-08-21 12:52:40'),
(2463, 'SPEKULUM TELINGA', 'INST-079983E3FA', 14, 11, '', NULL, 'tersedia', NULL, 1, '2025-08-21 12:52:40', '2025-08-21 12:52:40'),
(2464, 'SPINE CLASSICS MLD RETRACTOR SET CPL.', 'INST-2054516B3D', 14, 11, '', NULL, 'tersedia', NULL, 1, '2025-08-21 12:52:40', '2025-08-21 12:52:40'),
(2465, 'SPONGE HOLDER', 'INST-A94058E424', 14, 11, '', NULL, 'tersedia', NULL, 1, '2025-08-21 12:52:40', '2025-08-21 12:52:40'),
(2466, 'STANDARD TISSUE FORCEPS 1X2 145MM', 'INST-B7D01295DE', 14, 11, '', NULL, 'tersedia', NULL, 1, '2025-08-21 12:52:40', '2025-08-21 12:52:40'),
(2467, 'STANDARD TISSUE FORCEPS 1X2 160MM', 'INST-A25206284A', 14, 11, '', NULL, 'tersedia', NULL, 1, '2025-08-21 12:52:40', '2025-08-21 12:52:40'),
(2468, 'STATINZKI', 'INST-8333090FA7', 14, 11, '', NULL, 'tersedia', NULL, 1, '2025-08-21 12:52:40', '2025-08-21 12:52:40'),
(2469, 'STILLE BONE RONGEUR230MM', 'INST-FC11E5E0EB', 14, 11, '', NULL, 'tersedia', NULL, 1, '2025-08-21 12:52:40', '2025-08-21 12:52:40'),
(2470, 'STINTANG', 'INST-7F345BEC9F', 14, 11, '', NULL, 'tersedia', NULL, 1, '2025-08-21 12:52:40', '2025-08-21 12:52:40'),
(2471, 'STONE TANG', 'INST-BCB773D61F', 14, 11, '', NULL, 'tersedia', NULL, 1, '2025-08-21 12:52:40', '2025-08-21 12:52:40'),
(2472, 'STONE TANG  BENGKOK', 'INST-51BA82BD03', 14, 11, '', NULL, 'tersedia', NULL, 1, '2025-08-21 12:52:40', '2025-08-21 12:52:40'),
(2473, 'STONE TANG  BESAR', 'INST-78D6197164', 14, 11, '', NULL, 'tersedia', NULL, 1, '2025-08-21 12:52:40', '2025-08-21 12:52:40'),
(2474, 'STONE TANG  KECIL', 'INST-4D2A5DFE4E', 14, 11, '', NULL, 'tersedia', NULL, 1, '2025-08-21 12:52:40', '2025-08-21 12:52:40'),
(2475, 'STONE TANG  LURUS', 'INST-49A9389BC0', 14, 11, '', NULL, 'tersedia', NULL, 1, '2025-08-21 12:52:40', '2025-08-21 12:52:40'),
(2476, 'STONE TANG  RENAL', 'INST-ACFDE42779', 14, 11, '', NULL, 'tersedia', NULL, 1, '2025-08-21 12:52:40', '2025-08-21 12:52:40'),
(2477, 'SUCTION', 'INST-69136D15E4', 14, 11, '', NULL, 'tersedia', NULL, 1, '2025-08-21 12:52:40', '2025-08-21 12:52:40'),
(2478, 'SUCTION TUBE TAPERED TEARDROP 12FR 230MM', 'INST-7270924F8E', 14, 11, '', NULL, 'tersedia', NULL, 1, '2025-08-21 12:52:40', '2025-08-21 12:52:40'),
(2479, 'SUCTION TUBE TAPERED TEARDROP 3FR 180MM', 'INST-6EBF23222B', 14, 11, '', NULL, 'tersedia', NULL, 1, '2025-08-21 12:52:40', '2025-08-21 12:52:40'),
(2480, 'SUCTION TUBE TAPERED TEARDROP 4FR 180MM', 'INST-0591FBC59A', 14, 11, '', NULL, 'tersedia', NULL, 1, '2025-08-21 12:52:40', '2025-08-21 12:52:40'),
(2481, 'SUCTION TUBE TAPERED TEARDROP 5FR 205MM', 'INST-99E6F5E45E', 14, 11, '', NULL, 'tersedia', NULL, 1, '2025-08-21 12:52:40', '2025-08-21 12:52:40'),
(2482, 'SUCTION TUBE TAPERED TEARDROP 6FR 165MM', 'INST-81D15FEC78', 14, 11, '', NULL, 'tersedia', NULL, 1, '2025-08-21 12:52:40', '2025-08-21 12:52:40'),
(2483, 'SUCTION TUBE TAPERED TEARDROP 6FR 180MM', 'INST-E5D38DE26B', 14, 11, '', NULL, 'tersedia', NULL, 1, '2025-08-21 12:52:40', '2025-08-21 12:52:40'),
(2484, 'SUCTION TUBE TAPERED TEARDROP 6FR 205MM', 'INST-3CCCEBABD3', 14, 11, '', NULL, 'tersedia', NULL, 1, '2025-08-21 12:52:40', '2025-08-21 12:52:40'),
(2485, 'SUCTION TUBE TAPERED TEARDROP 8FR 230MM', 'INST-6DFC205BBF', 14, 11, '', NULL, 'tersedia', NULL, 1, '2025-08-21 12:52:40', '2025-08-21 12:52:40'),
(2486, 'SUCTION TUBE TAPERED TEARDROP 9FR 230MM', 'INST-EB7B15CA3B', 14, 11, '', NULL, 'tersedia', NULL, 1, '2025-08-21 12:52:40', '2025-08-21 12:52:40'),
(2487, 'SURGICAL SCISSORS STR S/B145MM', 'INST-65DD966453', 14, 11, '', NULL, 'tersedia', NULL, 1, '2025-08-21 12:52:40', '2025-08-21 12:52:40'),
(2488, 'TAMPON TANG', 'INST-C5FC080135', 14, 11, '', NULL, 'tersedia', NULL, 1, '2025-08-21 12:52:40', '2025-08-21 12:52:40'),
(2489, 'TANG CUCUT', 'INST-CDB4208D58', 14, 11, '', NULL, 'tersedia', NULL, 1, '2025-08-21 12:52:40', '2025-08-21 12:52:40'),
(2490, 'TANG POLIP', 'INST-F0E5E2A493', 14, 11, '', NULL, 'tersedia', NULL, 1, '2025-08-21 12:52:40', '2025-08-21 12:52:40'),
(2491, 'TONGUE SPATEL', 'INST-E0FE25DC75', 14, 11, NULL, NULL, 'tersedia', NULL, 1, '2025-08-21 12:52:40', '2025-08-28 04:07:05'),
(2492, 'TANG SPATEL BUNTU', 'INST-92D3D9949C', 14, 11, '', NULL, 'tersedia', NULL, 1, '2025-08-21 12:52:40', '2025-08-21 12:52:40'),
(2493, 'TANG SPATEL LUBANG', 'INST-8E535018F3', 14, 11, '', NULL, 'tersedia', NULL, 1, '2025-08-21 12:52:40', '2025-08-21 12:52:40'),
(2494, 'TANG TONSIL', 'INST-2030C625BB', 14, 11, '', NULL, 'tersedia', NULL, 1, '2025-08-21 12:52:40', '2025-08-21 12:52:40'),
(2495, 'TANGSQUESTER', 'INST-FBF9E638F4', 14, 11, '', NULL, 'tersedia', NULL, 1, '2025-08-21 12:52:40', '2025-08-21 12:52:40'),
(2496, 'TC CRILE-WOOD NDL HLDRSTRSERR 145MM', 'INST-860F39DB08', 14, 11, '', NULL, 'tersedia', NULL, 1, '2025-08-21 12:52:40', '2025-08-21 12:52:40'),
(2497, 'TC DE\'BAKEY NDL HOLDER DEL SERR 180MM', 'INST-3EDB9126FE', 14, 11, '', NULL, 'tersedia', NULL, 1, '2025-08-21 12:52:40', '2025-08-21 12:52:40'),
(2498, 'TC MAYO-LEXER SCISSORS CVD 165MM', 'INST-ABA31A475D', 14, 11, '', NULL, 'tersedia', NULL, 1, '2025-08-21 12:52:40', '2025-08-21 12:52:40'),
(2499, 'TC METZENBAUM SCISSORS DEL CVD 180MM', 'INST-8368684E0C', 14, 11, '', NULL, 'tersedia', NULL, 1, '2025-08-21 12:52:40', '2025-08-21 12:52:40'),
(2500, 'TC SUTURE WAVECUT SCISSORS CVD 180MM', 'INST-EB9B9C753C', 14, 11, '', NULL, 'tersedia', NULL, 1, '2025-08-21 12:52:40', '2025-08-21 12:52:40'),
(2501, 'TELLER', 'INST-163611A259', 14, 11, '', NULL, 'tersedia', NULL, 1, '2025-08-21 12:52:40', '2025-08-21 12:52:40'),
(2502, 'TISSUE FORCEPS SERR 145MM', 'INST-E7B525E49E', 14, 11, '', NULL, 'tersedia', NULL, 1, '2025-08-21 12:52:40', '2025-08-21 12:52:40'),
(2503, 'TROICART', 'INST-01BC897893', 14, 11, NULL, NULL, 'tersedia', NULL, 1, '2025-08-21 12:52:40', '2025-08-27 02:07:02'),
(2504, 'TROICORT BESAR/KECIL', 'INST-300EC3D9A9', 14, 11, '', NULL, 'tersedia', NULL, 1, '2025-08-21 12:52:40', '2025-08-21 12:52:40'),
(2505, 'TUMOR TANG', 'INST-E3E4A531C7', 14, 11, '', NULL, 'tersedia', NULL, 1, '2025-08-21 12:52:40', '2025-08-21 12:52:40'),
(2506, 'TUNDAN SLEPER', 'INST-0DAC00FBBD', 14, 11, '', NULL, 'tersedia', NULL, 1, '2025-08-21 12:52:40', '2025-08-21 12:52:40'),
(2507, 'VASCULAR SPATULA230MM', 'INST-46C9770776', 14, 11, '', NULL, 'tersedia', NULL, 1, '2025-08-21 12:52:40', '2025-08-21 12:52:40'),
(2508, 'VERBUGE BESAR', 'INST-E04DB25D0B', 14, 11, '', NULL, 'tersedia', NULL, 1, '2025-08-21 12:52:40', '2025-08-21 12:52:40'),
(2509, 'VERBUGE KECIL', 'INST-375DEA6FBA', 14, 11, '', NULL, 'tersedia', NULL, 1, '2025-08-21 12:52:40', '2025-08-21 12:52:40'),
(2510, 'VERBUGE SEDANG', 'INST-A5E06CFB06', 14, 11, '', NULL, 'tersedia', NULL, 1, '2025-08-21 12:52:40', '2025-08-21 12:52:40'),
(2511, 'VOLKMANN RETR6-PRGSHARP9X29MM220MM', 'INST-3E5A810524', 14, 11, '', NULL, 'tersedia', NULL, 1, '2025-08-21 12:52:40', '2025-08-21 12:52:40'),
(2512, 'WEITLANER RETR 3X4T.SHARP/DEEP130MM', 'INST-A125A4F2E4', 14, 11, '', NULL, 'tersedia', NULL, 1, '2025-08-21 12:52:40', '2025-08-21 12:52:40'),
(2513, 'WEITLANER RETRACTOR 3X4T.SH.130MM', 'INST-DCC961A6E4', 14, 11, '', NULL, 'tersedia', NULL, 1, '2025-08-21 12:52:40', '2025-08-21 12:52:40'),
(2514, 'WIRE', 'INST-7C673DCE72', 14, 11, '', NULL, 'tersedia', NULL, 1, '2025-08-21 12:52:40', '2025-08-21 12:52:40'),
(2515, 'WOND HAAK GIGI 3/2', 'INST-0205EA6740', 14, 11, '', NULL, 'tersedia', NULL, 1, '2025-08-21 12:52:40', '2025-08-21 12:52:40'),
(2516, 'XS STORAGE TRAY', 'INST-4AAF4C8101', 14, 11, '', NULL, 'tersedia', NULL, 1, '2025-08-21 12:52:40', '2025-08-21 12:52:40'),
(2517, 'YAS.MICRO SCISS BAYOUP-CVDS/S225MM', 'INST-50F4A6BFB7', 14, 11, '', NULL, 'tersedia', NULL, 1, '2025-08-21 12:52:40', '2025-08-21 12:52:40'),
(2518, 'YAS.MICRO SCISSDELBAYOSTS/S225MM', 'INST-B1D9436FDF', 14, 11, '', NULL, 'tersedia', NULL, 1, '2025-08-21 12:52:40', '2025-08-21 12:52:40'),
(2519, 'YASARGIL MICRO FORCEPS', 'INST-D0720393C7', 14, 11, '', NULL, 'tersedia', NULL, 1, '2025-08-21 12:52:40', '2025-08-21 12:52:40'),
(2520, 'YASARGIL MICRO SCISS BAYO ST/ B 225 MM', 'INST-3B0690A41E', 14, 11, '', NULL, 'tersedia', NULL, 1, '2025-08-21 12:52:40', '2025-08-21 12:52:40'),
(2521, 'YASARGIL MICRO SCISS BAYO ST/ BL 225 MM', 'INST-E47227BF59', 14, 11, '', NULL, 'tersedia', NULL, 1, '2025-08-21 12:52:40', '2025-08-21 12:52:40'),
(2522, 'YASARGIL MICRO SCISS BAYO ST/B225MM', 'INST-4E370BB9F6', 14, 11, '', NULL, 'tersedia', NULL, 1, '2025-08-21 12:52:40', '2025-08-21 12:52:40'),
(2523, 'YASARGIL MICRO SCISS BAYOUP-CVDS/ S 225 MMSTS/ S 225 MM', 'INST-0BF5643D96', 14, 11, '', NULL, 'tersedia', NULL, 1, '2025-08-21 12:52:40', '2025-08-21 12:52:40'),
(2524, 'YASARGIL MICRO SCISS DELBAYO STS/ S 225 MM', 'INST-0183615911', 14, 11, '', NULL, 'tersedia', NULL, 1, '2025-08-21 12:52:40', '2025-08-21 12:52:40'),
(2525, 'YASARGIL MICRO SCISSBAYOCVD/BL 225MM', 'INST-FE9DCE4E5D', 14, 11, '', NULL, 'tersedia', NULL, 1, '2025-08-21 12:52:40', '2025-08-21 12:52:40'),
(2526, 'YASARGIL MICRO SCISSORS STR 185 MM', 'INST-A3A2AD17DE', 14, 11, '', NULL, 'tersedia', NULL, 1, '2025-08-21 12:52:40', '2025-08-21 12:52:40'),
(2527, 'YASARGIL MICROFORM BAYO FCPS .6MM180MM', 'INST-2AD3D28CC0', 14, 11, '', NULL, 'tersedia', NULL, 1, '2025-08-21 12:52:40', '2025-08-21 12:52:40'),
(2528, 'YASARGIL MICROFORM BAYO FCPS .9MM200MM', 'INST-A7D349A253', 14, 11, '', NULL, 'tersedia', NULL, 1, '2025-08-21 12:52:40', '2025-08-21 12:52:40'),
(2529, 'YASARGIL MICROFORM BAYO FRCPS1X2180MM', 'INST-58C7B5F3C7', 14, 11, '', NULL, 'tersedia', NULL, 1, '2025-08-21 12:52:40', '2025-08-21 12:52:40'),
(2530, 'YASARGIL MIKRO FORCEPS', 'INST-7E1A088195', 14, 11, '', NULL, 'tersedia', NULL, 1, '2025-08-21 12:52:40', '2025-08-21 12:52:40'),
(2531, 'YASARGIL MIKROFORM  BAYO FORCEPS 1X2 180 MM', 'INST-D3B32110DC', 14, 11, '', NULL, 'tersedia', NULL, 1, '2025-08-21 12:52:40', '2025-08-21 12:52:40'),
(2532, 'YASARGIL MIKROFORM  BAYO FORCEPS 6MM 180 MM', 'INST-C2C779097F', 14, 11, '', NULL, 'tersedia', NULL, 1, '2025-08-21 12:52:40', '2025-08-21 12:52:40'),
(2533, 'YASARGIL NEEDLE HOLDER BAYO STR 200MM', 'INST-6DD6D76606', 14, 11, '', NULL, 'tersedia', NULL, 1, '2025-08-21 12:52:40', '2025-08-21 12:52:40'),
(2534, 'YASARGIL NEEDLE HOLDERBAYOUP-CVD200MM', 'INST-019706F801', 14, 11, '', NULL, 'tersedia', NULL, 1, '2025-08-21 12:52:40', '2025-08-21 12:52:40'),
(2535, 'YASARGIL NEEDLE HOLDERBAYOUP-CVD225MM', 'INST-595DF4847E', 14, 11, '', NULL, 'tersedia', NULL, 1, '2025-08-21 12:52:40', '2025-08-21 12:52:40'),
(2536, 'YASARGIL TUMOR FCPS SERR 3MM220MM', 'INST-E95969C3CB', 14, 11, '', NULL, 'tersedia', NULL, 1, '2025-08-21 12:52:40', '2025-08-21 12:52:40'),
(2537, 'YASARGIL TUMOR FORCEPS 3MM 220 MM', 'INST-93E039F12D', 14, 11, '', NULL, 'tersedia', NULL, 1, '2025-08-21 12:52:40', '2025-08-21 12:52:40'),
(2538, 'YASARGIL TUMOR FORCEPS 5MM 220 MM', 'INST-286734A496', 14, 11, '', NULL, 'tersedia', NULL, 1, '2025-08-21 12:52:40', '2025-08-21 12:52:40'),
(2539, 'YASARGIL TUMOR FORCEPS SERR 3MM 220 MM', 'INST-FD4C8FB668', 14, 11, '', NULL, 'tersedia', NULL, 1, '2025-08-21 12:52:40', '2025-08-21 12:52:40'),
(2540, 'YASARGIL TUMOR FORCEPS SERR 5MM 220 MM', 'INST-8DD9383448', 14, 11, '', NULL, 'tersedia', NULL, 1, '2025-08-21 12:52:40', '2025-08-21 12:52:40'),
(2541, 'BEB COCK', 'INST-08105625', 14, 11, NULL, NULL, 'tersedia', 7, 1, '2025-08-25 07:50:58', '2025-08-25 07:50:58'),
(2542, 'HANDLE MESS NO.4', 'INST-82759258', 14, 11, NULL, NULL, 'tersedia', 7, 1, '2025-08-26 04:33:04', '2025-08-26 04:33:04'),
(2543, 'ELEPATOR', 'INST-82789464', 14, 11, NULL, NULL, 'tersedia', 7, 1, '2025-08-26 04:33:26', '2025-08-26 04:33:26'),
(2544, 'HANDLE GIGLI', 'INST-82858352', 14, 11, NULL, NULL, 'tersedia', 7, 1, '2025-08-26 04:34:50', '2025-08-26 04:34:50'),
(2545, 'SPIRER HAK', 'INST-83005282', 14, 11, NULL, NULL, 'tersedia', 7, 1, '2025-08-26 04:36:54', '2025-08-26 04:36:54'),
(2546, 'JARUM DANDY', 'INST-91285236', 14, 11, NULL, NULL, 'tersedia', 7, 1, '2025-08-26 06:55:03', '2025-08-26 06:55:03'),
(2547, 'HAAK TUMPUL - TAJAM', 'INST-94233052', 14, 11, NULL, NULL, 'tersedia', 7, 1, '2025-08-26 07:44:08', '2025-08-26 07:44:08'),
(2548, 'PEAN', 'INST-64707989', 14, 11, NULL, NULL, 'tersedia', 7, 1, '2025-08-27 03:18:35', '2025-08-27 03:18:35'),
(2549, 'KOKER KLEM KECIL', 'INST-68968183', 14, 11, NULL, NULL, 'tersedia', 7, 1, '2025-08-27 04:29:54', '2025-08-27 04:29:54'),
(2550, 'KOGELTANG', 'INST-69017166', 14, 11, NULL, NULL, 'tersedia', 7, 1, '2025-08-27 04:30:33', '2025-08-27 04:30:33'),
(2551, 'PERITONEUM KLEM (VAN MEKULICZ)', 'INST-53932368', 14, 11, NULL, NULL, 'tersedia', 7, 1, '2025-08-28 04:06:08', '2025-08-28 04:06:08'),
(2552, 'CUCING BESAR/KECIL', 'INST-53982535', 14, 11, NULL, NULL, 'tersedia', 7, 1, '2025-08-28 04:06:34', '2025-08-28 04:06:34'),
(2553, 'HAK FEMUR', 'INST-61018256', 14, 11, NULL, NULL, 'tersedia', 7, 1, '2025-08-28 06:03:53', '2025-08-28 06:03:53'),
(2554, 'KROM ARTERI KLEM (KECIL)', 'INST-29621529', 14, 11, NULL, NULL, 'tersedia', 7, 1, '2025-08-29 01:07:24', '2025-08-29 01:07:24'),
(2555, 'RASPATARIUM - ELLEVATORIUM', 'INST-29644999', 14, 11, NULL, NULL, 'tersedia', 7, 1, '2025-08-29 01:07:52', '2025-08-29 01:07:52'),
(2556, 'VERBRUGGE (TANGGUNG)', 'INST-29715199', 14, 11, NULL, NULL, 'tersedia', 7, 1, '2025-08-29 01:09:46', '2025-08-29 01:09:46'),
(2557, 'BONE CURETTES / SCARFLE LAFEL', 'INST-29788831', 14, 11, NULL, NULL, 'tersedia', 7, 1, '2025-08-29 01:10:47', '2025-08-29 01:10:47'),
(2558, 'SLOOP SONDE', 'INST-34653704', 14, 11, NULL, NULL, 'tersedia', 7, 1, '2025-08-29 02:31:12', '2025-08-29 02:31:12'),
(2559, 'ITANDE HAK', 'INST-36367553', 14, 11, NULL, NULL, 'tersedia', 7, 1, '2025-08-29 02:59:48', '2025-08-29 02:59:48'),
(2560, 'HAK HAK TAJAM TUMPUL', 'INST-00726226', 14, 11, NULL, NULL, 'tersedia', 7, 1, '2025-09-01 04:26:01', '2025-09-01 04:26:01'),
(2561, 'HAK BULAT', 'INST-98645835', 14, 11, NULL, NULL, 'tersedia', 7, 1, '2025-09-02 07:37:53', '2025-09-02 07:37:53'),
(2562, 'THREE POT', 'INST-04677549', 14, 11, NULL, NULL, 'tersedia', 7, 1, '2025-09-02 09:18:17', '2025-09-02 09:18:17'),
(2563, 'TWO POT', 'INST-04700808', 14, 11, NULL, NULL, 'tersedia', 7, 1, '2025-09-02 09:18:32', '2025-09-02 09:18:32'),
(2564, 'INTANDE HAK LENGKUNG', 'INST-04714398', 14, 11, NULL, NULL, 'tersedia', 7, 1, '2025-09-02 09:18:50', '2025-09-02 09:18:50'),
(2565, 'HAK LANGEN GIGI TAJAM', 'INST-12877587', 14, 11, NULL, NULL, 'tersedia', 7, 1, '2025-09-02 11:34:50', '2025-09-02 11:34:50'),
(2566, 'HAK LANGEN + GIGI TAJAM', 'INST-15850105', 14, 11, NULL, NULL, 'tersedia', 7, 1, '2025-09-02 12:24:23', '2025-09-02 12:24:23'),
(2567, 'MYOM BOR', 'INST-18243939', 14, 11, NULL, NULL, 'tersedia', 7, 1, '2025-09-02 13:04:14', '2025-09-02 13:04:14'),
(2568, '2270001 HAND PIECE DRILL BIONET', 'INST-84780926', 14, 11, NULL, NULL, 'tersedia', 7, 1, '2025-09-03 07:33:35', '2025-09-03 07:33:35'),
(2569, 'Obkx0008HAND PIECE DRILL BIONET', 'INST-84929422', 14, 11, NULL, NULL, 'tersedia', 7, 1, '2025-09-03 07:35:55', '2025-09-03 07:35:55'),
(2570, '2420028 HAND PIECE DRILL BIONET', 'INST-84963150', 14, 11, NULL, NULL, 'tersedia', 7, 1, '2025-09-03 07:36:23', '2025-09-03 07:36:23');

-- --------------------------------------------------------

--
-- Table structure for table `instrument_history`
--

CREATE TABLE `instrument_history` (
  `history_id` int(11) NOT NULL,
  `instrument_id` int(11) NOT NULL,
  `changed_to_status` varchar(50) NOT NULL,
  `user_id` int(11) DEFAULT NULL,
  `change_timestamp` timestamp NOT NULL DEFAULT current_timestamp(),
  `notes` text DEFAULT NULL
) ENGINE=InnoDB DEFAULT CHARSET=utf8mb4 COLLATE=utf8mb4_general_ci;

-- --------------------------------------------------------

--
-- Table structure for table `instrument_sets`
--

CREATE TABLE `instrument_sets` (
  `set_id` int(11) NOT NULL,
  `set_name` varchar(255) NOT NULL,
  `set_code` varchar(100) DEFAULT NULL,
  `special_instructions` text DEFAULT NULL,
  `expiry_in_days` int(5) DEFAULT NULL COMMENT 'Masa kedaluwarsa standar untuk set ini dalam hari. NULL berarti menggunakan aturan terpendek dari item di dalamnya atau pengaturan global.',
  `created_by_user_id` int(11) DEFAULT NULL,
  `created_at` timestamp NULL DEFAULT current_timestamp(),
  `updated_at` timestamp NULL DEFAULT current_timestamp() ON UPDATE current_timestamp()
) ENGINE=InnoDB DEFAULT CHARSET=utf8mb4 COLLATE=utf8mb4_general_ci;

--
-- Dumping data for table `instrument_sets`
--

INSERT INTO `instrument_sets` (`set_id`, `set_name`, `set_code`, `special_instructions`, `expiry_in_days`, `created_by_user_id`, `created_at`, `updated_at`) VALUES
(81, 'SET ORTHO BESAR 1 RIGID (TRIAL)', 'SET-80920492', NULL, 360, 1, '2025-08-11 02:57:00', '2025-08-27 03:32:18'),
(83, 'Set Jas Operasi', 'SET-82693300', NULL, 7, 1, '2025-08-11 03:25:07', '2025-08-11 03:25:07'),
(87, 'Set Bedah Anak 1 IBS LT 2', 'SET-45235430', NULL, 7, 1, '2025-08-22 06:47:53', '2025-08-22 06:47:53'),
(88, 'Set Bedah Anak 2 IBS LT 2', 'SET-45859709', NULL, 7, 1, '2025-08-22 06:58:03', '2025-08-22 06:58:03'),
(89, 'Set Bedah Anak 3 IBS LT 2', 'SET-46487387', NULL, 7, 1, '2025-08-22 07:08:54', '2025-08-25 07:41:22'),
(91, 'Set Obgyn 5 (EMG) IBS LT 2', 'SET-07967903', NULL, 7, 1, '2025-08-25 07:47:28', '2025-08-28 03:25:20'),
(92, 'Set Obgyn 8 (EMG) IBS LT 2', 'SET-08755435', NULL, 7, 1, '2025-08-25 07:59:29', '2025-08-28 03:25:46'),
(93, 'Set Obgyn 2 (EMG) IBS LT 2', 'SET-09195353', NULL, 7, 1, '2025-08-25 08:18:39', '2025-08-28 03:27:04'),
(94, 'Set Obgyn 1 (EMG)/SC 1 IBS LT2', 'SET-74676871', NULL, 7, 1, '2025-08-26 02:18:24', '2025-08-28 03:27:27'),
(95, 'Set Ortho Besar 1 IBS LT 2', 'SET-75500191', NULL, 7, 1, '2025-08-26 02:32:14', '2025-08-26 02:32:14'),
(96, 'Set Ortho Besar 2 IBS LT 2', 'SET-75994563', NULL, 7, 1, '2025-08-26 02:50:13', '2025-08-26 02:50:13'),
(97, 'Set Ortho Kecil 3 IBS LT 2', 'SET-78703278', NULL, 7, 1, '2025-08-26 03:25:44', '2025-08-26 03:25:44'),
(98, 'Set Ortho Kecil 1 IBS LT 2', 'SET-79178623', NULL, 7, 1, '2025-08-26 03:33:29', '2025-08-26 03:33:29'),
(99, 'Set Ortho Kecil 2 IBS LT 2', 'SET-80420068', NULL, 7, 1, '2025-08-26 03:54:07', '2025-08-26 03:54:07'),
(100, 'Trepanasi 1 IBS LT 2', 'SET-81120664', NULL, 7, 1, '2025-08-26 04:05:36', '2025-08-26 04:05:36'),
(101, 'Trepanasi 2 IBS LT 2', 'SET-89862637', NULL, 7, 1, '2025-08-26 06:31:18', '2025-08-26 06:31:18'),
(103, 'Trepanasi 3 IBS LT 2', 'SET-91482343', NULL, 7, 1, '2025-08-26 06:58:24', '2025-08-26 06:58:24'),
(104, 'Treapanasi Anak IBS LT 2', 'SET-93304675', NULL, 7, 1, '2025-08-26 07:28:40', '2025-08-26 07:28:40'),
(105, 'Bedah Kandungan (BK) 4 IBS LT 2', 'SET-59788780', NULL, 7, 1, '2025-08-27 01:57:08', '2025-08-27 01:57:08'),
(106, 'Bedah Anak IBS LT 2', 'SET-60551552', NULL, 7, 1, '2025-08-27 02:09:30', '2025-08-27 02:09:30'),
(107, 'Set Tracheostomy IBS LT 2', 'SET-63867205', NULL, 7, 1, '2025-08-27 03:04:50', '2025-08-27 03:04:50'),
(108, 'Set Bedum 1 IBS LT 2', 'SET-64361425', NULL, 7, 1, '2025-08-27 03:12:56', '2025-08-27 03:12:56'),
(109, 'Set Bedah Anak 2 IBS LT 2', 'SET-64768812', NULL, 7, 1, '2025-08-27 03:19:50', '2025-08-27 03:19:50'),
(110, 'Obsgyn 1 (EMG) IBS LT 2', 'SET-65655852', NULL, 7, 1, '2025-08-27 03:35:28', '2025-08-28 03:29:07'),
(111, 'Obsgyn 2 (EMG) IBS LT 2', 'SET-69164732', NULL, 7, 1, '2025-08-27 04:33:30', '2025-08-28 03:29:18'),
(112, 'Obsgyn 3 (EMG) IBS LT 2', 'SET-73950973', NULL, 7, 1, '2025-08-27 05:52:39', '2025-08-28 03:29:39'),
(113, 'Set BK 2 (STY) IBS LT 2', 'SET-47088528', NULL, 7, 1, '2025-08-28 02:14:08', '2025-08-28 02:14:08'),
(114, 'Set SC Covid 1 IBS LT 2', 'SET-48220450', NULL, 7, 1, '2025-08-28 02:30:54', '2025-08-28 02:30:54'),
(115, 'Set SC Covid 2 IBS LT 2', 'SET-49152904', NULL, 7, 1, '2025-08-28 03:12:21', '2025-08-28 03:12:21'),
(116, 'Obsgyn IBS 1 (IBS LT 2)', 'SET-52910100', NULL, 7, 1, '2025-08-28 03:54:16', '2025-08-28 03:54:16'),
(117, 'Obsgyn IBS 2 (IBS LT 2)', 'SET-54547564', NULL, 7, 1, '2025-08-28 04:17:10', '2025-08-28 04:17:10'),
(118, 'Obsgyn IBS 3 (IBS LT 2)', 'SET-55689258', NULL, 7, 1, '2025-08-28 04:35:12', '2025-08-28 04:35:12'),
(119, 'Obsgyn 4 (EMG) IBS LT 2', 'SET-58097258', NULL, 7, 1, '2025-08-28 05:15:19', '2025-08-28 05:15:19'),
(120, 'Ortho Besar 1 IBS LT 2', 'SET-60537751', NULL, 7, 1, '2025-08-28 05:56:03', '2025-08-28 05:56:03'),
(121, 'Ortho Besar 2 IBS LT 2', 'SET-65199897', NULL, 7, 1, '2025-08-28 07:14:14', '2025-08-28 07:14:14'),
(122, 'Set Ortho Kecil 1 IBS LT 2', 'SET-65652384', NULL, 7, 1, '2025-08-28 07:21:13', '2025-08-28 07:21:13'),
(123, 'Set Ortho Kecil 2 IBS LT 2', 'SET-30648413', NULL, 7, 1, '2025-08-29 01:24:42', '2025-08-29 01:24:42'),
(124, 'Spine Set 1 IBS LT 7', 'SET-32121075', NULL, 7, 1, '2025-08-29 01:49:53', '2025-08-29 01:49:53'),
(125, 'Ortho Kecil Set 1 IBS LT 7', 'SET-33772414', NULL, 7, 1, '2025-08-29 02:18:05', '2025-08-29 02:28:35'),
(126, 'Ortho Kecil Set 2 IBS LT 7', 'SET-34747691', NULL, 7, 1, '2025-08-29 02:32:58', '2025-08-29 02:32:58'),
(127, 'Ortho Kecil Set 3 IBS LT 7', 'SET-35058538', NULL, 7, 1, '2025-08-29 02:37:55', '2025-08-29 02:43:17'),
(128, 'Ortho Kecil Set 4 IBS LT 7', 'SET-35428955', NULL, 7, 1, '2025-08-29 02:44:12', '2025-08-29 02:44:12'),
(129, 'Ortho Kecil Set 5 IBS LT 7', 'SET-35880817', NULL, 7, 1, '2025-08-29 02:52:36', '2025-08-29 02:52:36'),
(130, 'Ortho Besar Set 1-PHR IBS LT 7', 'SET-36438770', NULL, 7, 1, '2025-08-29 03:05:57', '2025-08-29 03:05:57'),
(131, 'Ortho Besar Set 2 IBS LT 7', 'SET-37168818', NULL, 7, 1, '2025-08-29 03:13:09', '2025-08-29 03:13:09'),
(132, 'Ortho Besar Set 3 IBS LT 7', 'SET-37920825', NULL, 7, 1, '2025-08-29 03:25:44', '2025-08-29 03:25:44'),
(133, 'Ortho Besar Set 4 IBS LT 7', 'SET-38369348', NULL, 7, 1, '2025-08-29 03:33:40', '2025-08-29 03:33:40'),
(134, 'Ortho Besar Set 5 IBS LT 7', 'SET-38781256', NULL, 7, 1, '2025-08-29 03:40:27', '2025-08-29 03:40:27'),
(135, 'Ortho Besar Set 6 IBS LT 7', 'SET-48215531', NULL, 7, 1, '2025-08-29 06:17:23', '2025-08-29 06:17:23'),
(136, 'Arthoscopy Basic Set 1 IBS LT 7', 'SET-54095682', NULL, NULL, 1, '2025-08-29 07:59:47', '2025-08-29 07:59:47'),
(137, 'Arthoscopy Basic Set 2 IBS LT 7', 'SET-54729381', NULL, 7, 1, '2025-08-29 08:05:44', '2025-08-29 08:05:44'),
(138, 'Plastik Ortho Set IBS LT 7', 'SET-54880606', NULL, 7, 1, '2025-08-29 08:08:30', '2025-08-29 08:08:30'),
(139, 'Plastik Ortho Set 1 IBS LT 7', 'SET-55256543', NULL, 7, 1, '2025-08-29 08:15:33', '2025-08-29 08:15:33'),
(140, 'Microneuro Set IBS LT 7', 'SET-56529975', NULL, 7, 1, '2025-08-29 08:36:05', '2025-08-29 08:36:05'),
(141, 'Plastik Uro Set IBS LT 7', 'SET-00367804', NULL, 7, 1, '2025-09-01 04:20:38', '2025-09-01 04:20:38'),
(142, 'Bedah Set 1 IBS LT 7', 'SET-00808505', NULL, 7, 1, '2025-09-01 04:27:37', '2025-09-01 04:27:37'),
(143, 'Bedah Set 2 IBS LT 7', 'SET-05573277', NULL, 7, 1, '2025-09-01 05:46:42', '2025-09-01 05:46:42'),
(144, 'Bedah Set 3 IBS LT 7', 'SET-14377632', NULL, 7, 1, '2025-09-01 08:13:23', '2025-09-01 08:13:23'),
(145, 'Bedah Set 4 IBS LT 7', 'SET-15090751', NULL, 7, 1, '2025-09-01 08:39:35', '2025-09-01 08:39:35'),
(146, 'Bedah Set 5 IBS LT 7', 'SET-97535826', NULL, 7, 1, '2025-09-02 07:19:29', '2025-09-02 07:19:29'),
(147, 'ATE SET 1 IBS LT 7', 'SET-98169217', NULL, 7, 1, '2025-09-02 07:29:44', '2025-09-02 07:29:44'),
(148, 'ATE SET 2 IBS LT 7', 'SET-98859733', NULL, 7, 1, '2025-09-02 07:41:19', '2025-09-02 07:41:29'),
(149, 'Bedah THT Set IBS LT 7', 'SET-99962825', NULL, 7, 1, '2025-09-02 08:03:10', '2025-09-02 08:03:10'),
(150, 'Endoscopy THT Set IBS LT 7', 'SET-00741309', NULL, 7, 1, '2025-09-02 08:12:51', '2025-09-02 08:12:51'),
(151, 'CWL Set IBS LT 7', 'SET-02216649', NULL, 7, 1, '2025-09-02 08:37:21', '2025-09-02 08:37:21'),
(152, 'POLYP SET IBS LT 7', 'SET-03857971', NULL, 7, 1, '2025-09-02 09:04:33', '2025-09-02 09:04:33'),
(153, 'Turbinektomy Set IBS LT 7', 'SET-03977972', NULL, 7, 1, '2025-09-02 09:06:40', '2025-09-02 09:06:40'),
(154, 'Telinga THT IBS LT 7', 'SET-04114171', NULL, 7, 1, '2025-09-02 09:08:48', '2025-09-02 09:08:48'),
(155, 'Tracheostomy Set IBS LT 7', 'SET-04354659', NULL, 7, 1, '2025-09-02 09:13:08', '2025-09-02 09:13:08'),
(156, 'KS SET IBS LT 7', 'SET-04786659', NULL, 7, 1, '2025-09-02 09:19:56', '2025-09-02 09:19:56'),
(157, 'Set Plastik 1 IBS LT 8', 'SET-12440852', NULL, 7, 1, '2025-09-02 11:27:35', '2025-09-02 11:27:35'),
(158, 'Set Plastik 2 IBS LT 8', 'SET-12954176', NULL, 7, 1, '2025-09-02 11:36:07', '2025-09-02 11:41:15'),
(159, 'Set Plastik 3 IBS LT 8', 'SET-13307191', NULL, 7, 1, '2025-09-02 11:42:04', '2025-09-02 11:42:04'),
(160, 'Set Plastik 4 IBS LT 8', 'SET-13535044', NULL, 7, 1, '2025-09-02 11:46:48', '2025-09-02 11:46:48'),
(161, 'Set Plastik 5  IBS LT 8', 'SET-13954512', NULL, 7, 1, '2025-09-02 11:52:47', '2025-09-02 11:52:47'),
(162, 'Set Plastik 6 IBS LT 8', 'SET-15038754', NULL, 7, 1, '2025-09-02 12:11:06', '2025-09-02 12:11:06'),
(163, 'Set Plastik 7 IBS LT 8', 'SET-15937035', NULL, 7, 1, '2025-09-02 12:25:57', '2025-09-02 12:25:57'),
(164, 'Set Plastik 8 IBS LT 8', 'SET-16197248', NULL, 7, 1, '2025-09-02 12:30:14', '2025-09-02 12:30:14'),
(165, 'Set Bedah Obsgyn 1 IBS LT 8', 'SET-17264753', NULL, 7, 1, '2025-09-02 12:48:09', '2025-09-02 12:48:09'),
(166, 'Set Obsgyn 2 IBS LT 8', 'SET-17721820', NULL, 7, 1, '2025-09-02 12:56:32', '2025-09-02 12:56:32'),
(167, 'Set Bedah 1 IBS LT 8', 'SET-71438704', NULL, 7, 1, '2025-09-03 03:50:57', '2025-09-03 03:50:57'),
(168, 'Set Bedah 2 IBS LT 8', 'SET-72580397', NULL, 7, 1, '2025-09-03 04:10:06', '2025-09-03 04:10:06'),
(169, 'Set Bedah 3 IBS LT 8', 'SET-74134224', NULL, 7, 1, '2025-09-03 04:35:56', '2025-09-03 04:35:56'),
(170, 'Set Bedah 4 IBS LT 8', 'SET-78181527', NULL, 7, 1, '2025-09-03 05:43:33', '2025-09-03 05:43:33'),
(171, 'Set Bedah 5 IBS LT 8', 'SET-78584484', NULL, 7, 1, '2025-09-03 05:50:57', '2025-09-03 05:50:57'),
(172, 'Bedah Besar 1 IBS LT 8', 'SET-82579976', NULL, 7, 1, '2025-09-03 06:56:48', '2025-09-03 06:56:48'),
(173, 'Bedah Besar 2 IBS LT 8', 'SET-83312030', NULL, 7, 1, '2025-09-03 07:09:19', '2025-09-03 07:09:19'),
(174, 'Bedah Anak IBS LT 8', 'SET-83833982', NULL, 7, 1, '2025-09-03 07:18:28', '2025-09-03 07:18:28'),
(175, 'Set Boor NSK Primado 2 IBS LT 8', 'SET-84528390', NULL, 7, 1, '2025-09-03 07:31:32', '2025-09-03 07:31:32'),
(176, 'Elan 4 Electo Set IBS LT 8', 'SET-85180606', NULL, 7, 1, '2025-09-03 07:40:12', '2025-09-03 07:40:12'),
(177, 'AESCULAP Micro Neurosurgery Set IBS LT 8', 'SET-85771281', NULL, 7, 1, '2025-09-03 07:49:51', '2025-09-03 07:49:51'),
(178, 'AESCULAP Microlumbar Dissectomy Instrument Set IBS LT 8', 'SET-87178753', NULL, 7, 1, '2025-09-03 08:13:23', '2025-09-03 08:13:23'),
(179, 'AESCULAP Kerrison and Rongeurs set 1, Complete IBS LT 8', 'SET-88475010', NULL, 7, 1, '2025-09-03 08:34:58', '2025-09-03 08:34:58'),
(180, 'AESCULAP Caspar Cervical Retractor System set 1 IBS LT 8', 'SET-89072964', NULL, 7, 1, '2025-09-03 08:44:49', '2025-09-03 08:44:49'),
(181, 'AESCULAP WFNS Spinal Set 1/Laminectomy IBS LT 8', 'SET-90132421', NULL, 7, 1, '2025-09-03 09:02:36', '2025-09-03 09:02:36'),
(182, 'AESCULAP Caspar Lumbar Retractor (CLR) Instrument Set IBS LT 8', 'SET-90858589', NULL, NULL, 1, '2025-09-03 09:17:12', '2025-09-03 09:17:12'),
(183, 'Set Amputasi IBS LT 8', 'SET-70731902', NULL, 7, 1, '2025-09-04 07:26:21', '2025-09-04 07:35:07'),
(184, 'Tracheostomy Set IBS LT 8', 'SET-71318206', NULL, 7, 1, '2025-09-04 07:35:58', '2025-09-04 07:35:58'),
(185, 'Onkologi IBS LT 8', 'SET-72359499', NULL, 7, 1, '2025-09-04 07:52:56', '2025-09-04 07:52:56'),
(186, 'Laparascopy IBS LT 8', 'SET-72695277', NULL, 7, 1, '2025-09-04 07:58:43', '2025-09-04 07:58:43'),
(187, 'AV SHUNT 1 IBS LT 8', 'SET-73068672', NULL, 7, 1, '2025-09-04 08:04:52', '2025-09-04 08:04:52'),
(188, 'AV SHUNT 2 IBS LT 8', 'SET-73302142', NULL, 7, 1, '2025-09-04 08:08:53', '2025-09-04 08:08:53'),
(189, 'AV SHUNT 3 IBS LT 8', 'SET-73484628', NULL, 7, 1, '2025-09-04 08:11:37', '2025-09-04 08:11:37');

-- --------------------------------------------------------

--
-- Table structure for table `instrument_set_items`
--

CREATE TABLE `instrument_set_items` (
  `set_item_id` int(11) NOT NULL,
  `set_id` int(11) NOT NULL,
  `instrument_id` int(11) NOT NULL,
  `quantity` int(11) NOT NULL DEFAULT 1
) ENGINE=InnoDB DEFAULT CHARSET=utf8mb4 COLLATE=utf8mb4_general_ci;

--
-- Dumping data for table `instrument_set_items`
--

INSERT INTO `instrument_set_items` (`set_item_id`, `set_id`, `instrument_id`, `quantity`) VALUES
(1507, 83, 138, 3),
(1508, 83, 139, 3),
(1511, 87, 1895, 2),
(1512, 87, 1900, 1),
(1513, 87, 2004, 2),
(1514, 87, 2052, 1),
(1515, 87, 2058, 2),
(1516, 87, 2059, 2),
(1517, 87, 2101, 2),
(1518, 87, 2153, 2),
(1519, 87, 2158, 1),
(1520, 87, 2185, 2),
(1521, 87, 2190, 1),
(1522, 87, 2245, 5),
(1523, 87, 2273, 5),
(1524, 87, 2281, 1),
(1525, 87, 2358, 5),
(1526, 87, 2419, 1),
(1527, 87, 2443, 1),
(1528, 87, 108, 2),
(1529, 87, 109, 5),
(1530, 87, 110, 1),
(1531, 87, 115, 2),
(1532, 87, 116, 1),
(1533, 87, 125, 2),
(1534, 87, 126, 1),
(1535, 87, 127, 4),
(1536, 88, 1895, 2),
(1537, 88, 1900, 1),
(1538, 88, 2004, 2),
(1539, 88, 2036, 1),
(1540, 88, 2058, 2),
(1541, 88, 2059, 2),
(1542, 88, 2101, 2),
(1543, 88, 2126, 2),
(1544, 88, 2185, 2),
(1545, 88, 2190, 2),
(1546, 88, 2245, 5),
(1547, 88, 2273, 4),
(1548, 88, 2281, 1),
(1549, 88, 2358, 5),
(1550, 88, 2419, 1),
(1551, 88, 2443, 1),
(1552, 88, 2452, 1),
(1553, 88, 108, 2),
(1554, 88, 109, 5),
(1555, 88, 110, 2),
(1556, 88, 116, 1),
(1557, 88, 120, 1),
(1558, 88, 125, 2),
(1559, 88, 126, 1),
(1560, 88, 127, 5),
(1610, 89, 1895, 2),
(1611, 89, 1900, 1),
(1612, 89, 2004, 2),
(1613, 89, 2052, 1),
(1614, 89, 2058, 2),
(1615, 89, 2059, 2),
(1616, 89, 2101, 2),
(1617, 89, 2158, 2),
(1618, 89, 2185, 2),
(1619, 89, 2190, 1),
(1620, 89, 2245, 5),
(1621, 89, 2273, 4),
(1622, 89, 2358, 5),
(1623, 89, 2412, 2),
(1624, 89, 2419, 1),
(1625, 89, 2452, 1),
(1626, 89, 108, 2),
(1627, 89, 109, 5),
(1628, 89, 110, 1),
(1629, 89, 116, 1),
(1630, 89, 120, 1),
(1631, 89, 122, 1),
(1632, 89, 125, 2),
(1633, 89, 126, 1),
(1634, 89, 127, 5),
(1789, 95, 1895, 2),
(1790, 95, 1916, 1),
(1791, 95, 2004, 2),
(1792, 95, 106, 1),
(1793, 95, 107, 3),
(1794, 95, 108, 2),
(1795, 95, 109, 6),
(1796, 95, 103, 1),
(1797, 95, 110, 1),
(1798, 95, 111, 2),
(1799, 95, 113, 2),
(1800, 95, 115, 2),
(1801, 95, 117, 1),
(1802, 95, 118, 2),
(1803, 95, 119, 1),
(1804, 95, 121, 1),
(1805, 95, 122, 1),
(1806, 95, 123, 4),
(1807, 95, 124, 1),
(1808, 95, 125, 1),
(1809, 95, 126, 1),
(1810, 95, 127, 4),
(1811, 95, 130, 1),
(1812, 95, 132, 3),
(1813, 95, 133, 1),
(1814, 95, 134, 1),
(1815, 95, 136, 4),
(1901, 96, 1895, 3),
(1902, 96, 2004, 2),
(1903, 96, 104, 1),
(1904, 96, 105, 1),
(1905, 96, 106, 1),
(1906, 96, 107, 3),
(1907, 96, 108, 2),
(1908, 96, 109, 6),
(1909, 96, 103, 2),
(1910, 96, 110, 1),
(1911, 96, 111, 2),
(1912, 96, 112, 2),
(1913, 96, 113, 3),
(1914, 96, 115, 2),
(1915, 96, 114, 2),
(1916, 96, 117, 1),
(1917, 96, 118, 2),
(1918, 96, 119, 1),
(1919, 96, 121, 5),
(1920, 96, 122, 1),
(1921, 96, 123, 3),
(1922, 96, 124, 1),
(1923, 96, 125, 2),
(1924, 96, 126, 1),
(1925, 96, 127, 5),
(1926, 96, 130, 1),
(1927, 96, 132, 3),
(1928, 96, 133, 1),
(1929, 96, 134, 1),
(1930, 96, 135, 2),
(1931, 96, 137, 3),
(1932, 97, 1895, 2),
(1933, 97, 1916, 1),
(1934, 97, 2509, 1),
(1935, 97, 105, 1),
(1936, 97, 106, 1),
(1937, 97, 107, 2),
(1938, 97, 108, 1),
(1939, 97, 109, 6),
(1940, 97, 103, 1),
(1941, 97, 110, 1),
(1942, 97, 111, 2),
(1943, 97, 113, 2),
(1944, 97, 115, 1),
(1945, 97, 114, 2),
(1946, 97, 116, 2),
(1947, 97, 119, 1),
(1948, 97, 121, 4),
(1949, 97, 123, 5),
(1950, 97, 124, 1),
(1951, 97, 125, 1),
(1952, 97, 126, 1),
(1953, 97, 127, 5),
(1954, 97, 129, 2),
(1955, 97, 130, 1),
(1956, 97, 131, 2),
(1957, 97, 133, 1),
(1958, 97, 134, 1),
(1965, 98, 1895, 2),
(1966, 98, 1916, 1),
(1967, 98, 106, 1),
(1968, 98, 107, 2),
(1969, 98, 108, 2),
(1970, 98, 109, 7),
(1971, 98, 103, 1),
(1972, 98, 110, 1),
(1973, 98, 111, 2),
(1974, 98, 113, 1),
(1975, 98, 115, 1),
(1976, 98, 114, 2),
(1977, 98, 116, 2),
(1978, 98, 119, 1),
(1979, 98, 121, 5),
(1980, 98, 123, 4),
(1981, 98, 124, 1),
(1982, 98, 125, 2),
(1983, 98, 126, 1),
(1984, 98, 127, 5),
(1985, 98, 129, 2),
(1986, 98, 130, 1),
(1987, 98, 131, 1),
(1988, 98, 132, 4),
(1989, 98, 133, 1),
(1990, 98, 134, 1),
(1991, 98, 137, 3),
(1992, 99, 1895, 2),
(1993, 99, 1916, 1),
(1994, 99, 106, 1),
(1995, 99, 107, 2),
(1996, 99, 108, 2),
(1997, 99, 109, 7),
(1998, 99, 103, 1),
(1999, 99, 110, 1),
(2000, 99, 111, 2),
(2001, 99, 113, 2),
(2002, 99, 115, 1),
(2003, 99, 114, 2),
(2004, 99, 116, 2),
(2005, 99, 118, 1),
(2006, 99, 119, 1),
(2007, 99, 120, 1),
(2008, 99, 121, 4),
(2009, 99, 123, 4),
(2010, 99, 124, 1),
(2011, 99, 125, 2),
(2012, 99, 126, 1),
(2013, 99, 127, 4),
(2014, 99, 129, 2),
(2015, 99, 130, 1),
(2016, 99, 131, 1),
(2017, 99, 132, 1),
(2018, 99, 133, 1),
(2019, 99, 134, 2),
(2020, 99, 137, 1),
(2105, 100, 1895, 2),
(2106, 100, 2004, 1),
(2107, 100, 2543, 1),
(2108, 100, 2110, 2),
(2109, 100, 2131, 1),
(2110, 100, 2148, 2),
(2111, 100, 2544, 2),
(2112, 100, 2542, 1),
(2113, 100, 2190, 2),
(2114, 100, 2219, 8),
(2115, 100, 2226, 1),
(2116, 100, 2232, 3),
(2117, 100, 2269, 5),
(2118, 100, 2281, 1),
(2119, 100, 2292, 2),
(2120, 100, 2310, 1),
(2121, 100, 2362, 1),
(2122, 100, 2382, 1),
(2123, 100, 2406, 1),
(2124, 100, 2452, 4),
(2125, 100, 2545, 2),
(2126, 100, 2514, 1),
(2127, 100, 108, 3),
(2128, 100, 109, 7),
(2129, 100, 110, 1),
(2130, 100, 116, 2),
(2131, 100, 125, 2),
(2132, 100, 126, 2),
(2133, 100, 127, 5),
(2163, 101, 1895, 2),
(2164, 101, 1905, 2),
(2165, 101, 2084, 1),
(2166, 101, 2104, 1),
(2167, 101, 2114, 2),
(2168, 101, 2131, 1),
(2169, 101, 2148, 2),
(2170, 101, 2542, 1),
(2171, 101, 2546, 2),
(2172, 101, 2190, 2),
(2173, 101, 2219, 9),
(2174, 101, 2223, 1),
(2175, 101, 2232, 5),
(2176, 101, 2269, 5),
(2177, 101, 2292, 2),
(2178, 101, 2362, 1),
(2179, 101, 2363, 1),
(2180, 101, 2381, 1),
(2181, 101, 2386, 1),
(2182, 101, 2415, 1),
(2183, 101, 2443, 1),
(2184, 101, 2455, 4),
(2185, 101, 2545, 2),
(2186, 101, 108, 2),
(2187, 101, 109, 8),
(2188, 101, 110, 1),
(2189, 101, 116, 2),
(2190, 101, 125, 2),
(2191, 101, 126, 1),
(2192, 101, 127, 5),
(2194, 103, 1895, 2),
(2195, 103, 1905, 1),
(2196, 103, 1931, 3),
(2197, 103, 2004, 1),
(2198, 103, 2543, 1),
(2199, 103, 2108, 1),
(2200, 103, 2110, 1),
(2201, 103, 2131, 1),
(2202, 103, 2147, 2),
(2203, 103, 2542, 1),
(2204, 103, 2190, 2),
(2205, 103, 2219, 9),
(2206, 103, 2225, 2),
(2207, 103, 2250, 5),
(2208, 103, 2255, 2),
(2209, 103, 2269, 4),
(2210, 103, 2281, 1),
(2211, 103, 2292, 2),
(2212, 103, 2310, 2),
(2213, 103, 2362, 1),
(2214, 103, 2382, 1),
(2215, 103, 2383, 1),
(2216, 103, 2379, 2),
(2217, 103, 2545, 2),
(2218, 103, 2514, 1),
(2219, 103, 104, 1),
(2220, 103, 108, 3),
(2221, 103, 109, 7),
(2222, 103, 116, 2),
(2223, 103, 125, 2),
(2224, 103, 126, 2),
(2225, 103, 127, 5),
(2254, 104, 1895, 1),
(2255, 104, 1906, 1),
(2256, 104, 1932, 3),
(2257, 104, 2101, 2),
(2258, 104, 2106, 1),
(2259, 104, 2119, 1),
(2260, 104, 2121, 2),
(2261, 104, 2124, 1),
(2262, 104, 2547, 2),
(2263, 104, 2190, 3),
(2264, 104, 2231, 4),
(2265, 104, 2269, 7),
(2266, 104, 2291, 2),
(2267, 104, 2355, 1),
(2268, 104, 2362, 1),
(2269, 104, 2363, 2),
(2270, 104, 2385, 1),
(2271, 104, 2387, 2),
(2272, 104, 2384, 1),
(2273, 104, 2379, 1),
(2274, 104, 2444, 1),
(2275, 104, 2545, 2),
(2276, 104, 108, 1),
(2277, 104, 109, 4),
(2278, 104, 110, 1),
(2279, 104, 116, 2),
(2280, 104, 119, 1),
(2281, 104, 125, 2),
(2282, 104, 127, 5),
(2312, 105, 1895, 2),
(2313, 105, 2541, 2),
(2314, 105, 2004, 2),
(2315, 105, 108, 2),
(2316, 105, 2058, 2),
(2317, 105, 2059, 2),
(2318, 105, 109, 5),
(2319, 105, 2087, 2),
(2320, 105, 2101, 2),
(2321, 105, 110, 1),
(2322, 105, 2118, 1),
(2323, 105, 2147, 2),
(2324, 105, 2158, 1),
(2325, 105, 116, 1),
(2326, 105, 2190, 1),
(2327, 105, 2253, 5),
(2328, 105, 2254, 1),
(2329, 105, 2277, 1),
(2330, 105, 2278, 5),
(2331, 105, 122, 1),
(2332, 105, 2282, 1),
(2333, 105, 2291, 3),
(2334, 105, 125, 2),
(2335, 105, 126, 1),
(2336, 105, 2347, 5),
(2337, 105, 2358, 4),
(2338, 105, 2406, 1),
(2339, 105, 2379, 5),
(2340, 105, 134, 1),
(2341, 105, 2503, 1),
(2395, 106, 1896, 1),
(2396, 106, 1897, 1),
(2397, 106, 1905, 1),
(2398, 106, 106, 1),
(2399, 106, 2005, 2),
(2400, 106, 2006, 1),
(2401, 106, 2044, 2),
(2402, 106, 2058, 2),
(2403, 106, 2059, 2),
(2404, 106, 109, 5),
(2405, 106, 2087, 2),
(2406, 106, 2107, 1),
(2407, 106, 2116, 1),
(2408, 106, 2117, 1),
(2409, 106, 2120, 1),
(2410, 106, 2122, 2),
(2411, 106, 2123, 2),
(2412, 106, 116, 1),
(2413, 106, 2251, 5),
(2414, 106, 2255, 2),
(2415, 106, 2281, 1),
(2416, 106, 2299, 2),
(2417, 106, 125, 2),
(2418, 106, 2348, 5),
(2419, 106, 2349, 5),
(2420, 106, 2359, 5),
(2421, 106, 2379, 1),
(2422, 106, 2443, 1),
(2423, 107, 1895, 2),
(2424, 107, 106, 1),
(2425, 107, 2004, 2),
(2426, 107, 108, 2),
(2427, 107, 109, 5),
(2428, 107, 2101, 2),
(2429, 107, 110, 1),
(2430, 107, 2138, 2),
(2431, 107, 2145, 3),
(2432, 107, 2154, 2),
(2433, 107, 2155, 1),
(2434, 107, 116, 1),
(2435, 107, 118, 2),
(2436, 107, 2182, 1),
(2437, 107, 2233, 5),
(2438, 107, 2278, 5),
(2439, 107, 125, 5),
(2440, 107, 2349, 5),
(2441, 107, 2379, 1),
(2469, 108, 1895, 2),
(2470, 108, 2541, 1),
(2471, 108, 1905, 1),
(2472, 108, 106, 1),
(2473, 108, 2004, 2),
(2474, 108, 2035, 5),
(2475, 108, 2036, 1),
(2476, 108, 2039, 2),
(2477, 108, 2040, 5),
(2478, 108, 108, 2),
(2479, 108, 2052, 1),
(2480, 108, 2058, 2),
(2481, 108, 2059, 2),
(2482, 108, 109, 5),
(2483, 108, 2087, 2),
(2484, 108, 2101, 2),
(2485, 108, 110, 1),
(2486, 108, 2121, 2),
(2487, 108, 2155, 2),
(2488, 108, 116, 1),
(2489, 108, 2292, 2),
(2490, 108, 2314, 4),
(2491, 108, 125, 2),
(2492, 108, 2548, 5),
(2493, 108, 2410, 2),
(2494, 108, 2379, 3),
(2495, 108, 2443, 1),
(2496, 108, 2452, 1),
(2524, 109, 1895, 2),
(2525, 109, 2541, 1),
(2526, 109, 106, 1),
(2527, 109, 2004, 2),
(2528, 109, 2043, 1),
(2529, 109, 108, 2),
(2530, 109, 2053, 1),
(2531, 109, 2058, 2),
(2532, 109, 2059, 2),
(2533, 109, 109, 5),
(2534, 109, 2087, 2),
(2535, 109, 110, 1),
(2536, 109, 2115, 1),
(2537, 109, 2116, 1),
(2538, 109, 116, 1),
(2539, 109, 2227, 1),
(2540, 109, 2244, 5),
(2541, 109, 2245, 5),
(2542, 109, 2256, 1),
(2543, 109, 2273, 5),
(2544, 109, 122, 1),
(2545, 109, 2287, 2),
(2546, 109, 2290, 2),
(2547, 109, 125, 2),
(2548, 109, 126, 1),
(2549, 109, 2548, 5),
(2550, 109, 2359, 5),
(2551, 109, 2491, 1),
(2552, 81, 104, 1),
(2553, 81, 106, 1),
(2554, 81, 107, 3),
(2555, 81, 108, 2),
(2556, 81, 109, 6),
(2557, 81, 103, 1),
(2558, 81, 110, 1),
(2559, 81, 111, 2),
(2560, 81, 113, 2),
(2561, 81, 115, 2),
(2562, 81, 117, 1),
(2563, 81, 118, 2),
(2564, 81, 119, 1),
(2565, 81, 121, 1),
(2566, 81, 122, 1),
(2567, 81, 123, 4),
(2568, 81, 124, 1),
(2569, 81, 125, 1),
(2570, 81, 126, 1),
(2571, 81, 127, 4),
(2572, 81, 128, 2),
(2573, 81, 129, 2),
(2574, 81, 130, 1),
(2575, 81, 132, 3),
(2576, 81, 133, 1),
(2577, 81, 134, 1),
(2578, 81, 136, 4),
(2754, 113, 1895, 2),
(2755, 113, 2541, 1),
(2756, 113, 1906, 1),
(2757, 113, 2004, 2),
(2758, 113, 108, 2),
(2759, 113, 2058, 1),
(2760, 113, 2059, 1),
(2761, 113, 109, 2),
(2762, 113, 2087, 1),
(2763, 113, 2089, 1),
(2764, 113, 2101, 2),
(2765, 113, 110, 1),
(2766, 113, 2118, 1),
(2767, 113, 2122, 1),
(2768, 113, 116, 1),
(2769, 113, 2190, 1),
(2770, 113, 2549, 5),
(2771, 113, 2254, 2),
(2772, 113, 2271, 6),
(2773, 113, 2276, 4),
(2774, 113, 2278, 5),
(2775, 113, 2292, 1),
(2776, 113, 125, 2),
(2777, 113, 126, 2),
(2778, 113, 2347, 5),
(2779, 113, 2358, 5),
(2780, 113, 2379, 5),
(2781, 113, 2443, 1),
(2782, 113, 2457, 1),
(2783, 113, 134, 2),
(2784, 114, 1895, 1),
(2785, 114, 2541, 1),
(2786, 114, 2004, 2),
(2787, 114, 108, 2),
(2788, 114, 2058, 1),
(2789, 114, 2059, 1),
(2790, 114, 109, 5),
(2791, 114, 2087, 2),
(2792, 114, 2089, 1),
(2793, 114, 2101, 1),
(2794, 114, 110, 1),
(2795, 114, 2118, 2),
(2796, 114, 2122, 1),
(2797, 114, 116, 2),
(2798, 114, 2190, 1),
(2799, 114, 2549, 5),
(2800, 114, 2254, 2),
(2801, 114, 2255, 2),
(2802, 114, 2277, 6),
(2803, 114, 2278, 5),
(2804, 114, 122, 1),
(2805, 114, 2281, 2),
(2806, 114, 2292, 1),
(2807, 114, 125, 2),
(2808, 114, 126, 1),
(2809, 114, 2347, 5),
(2810, 114, 2358, 4),
(2811, 114, 2379, 5),
(2812, 114, 2443, 1),
(2813, 114, 134, 1),
(2814, 115, 1895, 1),
(2815, 115, 2541, 1),
(2816, 115, 2004, 2),
(2817, 115, 108, 2),
(2818, 115, 2058, 1),
(2819, 115, 2059, 1),
(2820, 115, 109, 5),
(2821, 115, 2087, 2),
(2822, 115, 2089, 1),
(2823, 115, 2101, 1),
(2824, 115, 110, 1),
(2825, 115, 2118, 2),
(2826, 115, 2147, 1),
(2827, 115, 116, 2),
(2828, 115, 2190, 1),
(2829, 115, 2549, 5),
(2830, 115, 2254, 2),
(2831, 115, 2255, 2),
(2832, 115, 2277, 6),
(2833, 115, 2278, 5),
(2834, 115, 122, 1),
(2835, 115, 2281, 2),
(2836, 115, 2292, 1),
(2837, 115, 125, 2),
(2838, 115, 126, 1),
(2839, 115, 2347, 5),
(2840, 115, 2358, 4),
(2841, 115, 2379, 5),
(2842, 115, 2443, 1),
(2843, 115, 134, 1),
(2844, 91, 1887, 1),
(2845, 91, 1895, 2),
(2846, 91, 2541, 1),
(2847, 91, 1915, 1),
(2848, 91, 106, 1),
(2849, 91, 2004, 2),
(2850, 91, 108, 2),
(2851, 91, 109, 5),
(2852, 91, 2087, 2),
(2853, 91, 2101, 2),
(2854, 91, 110, 1),
(2855, 91, 115, 2),
(2856, 91, 116, 1),
(2857, 91, 120, 1),
(2858, 91, 121, 4),
(2859, 91, 2248, 1),
(2860, 91, 122, 1),
(2861, 91, 123, 5),
(2862, 91, 2279, 5),
(2863, 91, 2286, 2),
(2864, 91, 2329, 1),
(2865, 91, 125, 2),
(2866, 91, 126, 1),
(2867, 91, 2356, 3),
(2868, 91, 2358, 4),
(2869, 91, 2404, 1),
(2870, 91, 2379, 5),
(2871, 91, 2452, 1),
(2872, 92, 1887, 1),
(2873, 92, 1895, 2),
(2874, 92, 2541, 2),
(2875, 92, 1915, 1),
(2876, 92, 106, 1),
(2877, 92, 2004, 2),
(2878, 92, 108, 2),
(2879, 92, 109, 5),
(2880, 92, 2087, 2),
(2881, 92, 2101, 2),
(2882, 92, 110, 1),
(2883, 92, 115, 2),
(2884, 92, 116, 1),
(2885, 92, 120, 1),
(2886, 92, 121, 4),
(2887, 92, 122, 1),
(2888, 92, 123, 5),
(2889, 92, 2279, 5),
(2890, 92, 2286, 2),
(2891, 92, 125, 2),
(2892, 92, 126, 1),
(2893, 92, 2356, 5),
(2894, 92, 2358, 4),
(2895, 92, 2404, 1),
(2896, 92, 2379, 5),
(2897, 93, 1887, 1),
(2898, 93, 1895, 2),
(2899, 93, 2541, 2),
(2900, 93, 1915, 1),
(2901, 93, 106, 1),
(2902, 93, 2004, 2),
(2903, 93, 108, 2),
(2904, 93, 109, 5),
(2905, 93, 2087, 2),
(2906, 93, 2101, 2),
(2907, 93, 110, 1),
(2908, 93, 115, 2),
(2909, 93, 116, 1),
(2910, 93, 120, 1),
(2911, 93, 121, 4),
(2912, 93, 122, 1),
(2913, 93, 123, 5),
(2914, 93, 2279, 5),
(2915, 93, 2286, 2),
(2916, 93, 125, 2),
(2917, 93, 126, 1),
(2918, 93, 2356, 5),
(2919, 93, 2358, 4),
(2920, 93, 2404, 1),
(2921, 93, 2379, 5),
(2922, 94, 1887, 1),
(2923, 94, 1895, 2),
(2924, 94, 2541, 2),
(2925, 94, 1915, 1),
(2926, 94, 106, 1),
(2927, 94, 2004, 2),
(2928, 94, 108, 2),
(2929, 94, 109, 5),
(2930, 94, 2087, 2),
(2931, 94, 2101, 2),
(2932, 94, 110, 1),
(2933, 94, 115, 2),
(2934, 94, 116, 1),
(2935, 94, 120, 1),
(2936, 94, 121, 4),
(2937, 94, 122, 1),
(2938, 94, 123, 5),
(2939, 94, 2279, 5),
(2940, 94, 2286, 2),
(2941, 94, 125, 2),
(2942, 94, 126, 1),
(2943, 94, 2356, 5),
(2944, 94, 2358, 4),
(2945, 94, 2404, 1),
(2946, 94, 2379, 5),
(3007, 110, 1895, 2),
(3008, 110, 2541, 1),
(3009, 110, 106, 1),
(3010, 110, 2004, 2),
(3011, 110, 108, 2),
(3012, 110, 109, 5),
(3013, 110, 2087, 2),
(3014, 110, 2089, 1),
(3015, 110, 2101, 2),
(3016, 110, 110, 1),
(3017, 110, 2118, 1),
(3018, 110, 2121, 2),
(3019, 110, 2155, 2),
(3020, 110, 116, 1),
(3021, 110, 2550, 1),
(3022, 110, 2549, 5),
(3023, 110, 2254, 2),
(3024, 110, 2276, 6),
(3025, 110, 2278, 5),
(3026, 110, 2291, 1),
(3027, 110, 2292, 1),
(3028, 110, 2330, 1),
(3029, 110, 125, 2),
(3030, 110, 126, 1),
(3031, 110, 2347, 5),
(3032, 110, 2358, 4),
(3033, 110, 2379, 5),
(3034, 110, 2456, 1),
(3035, 110, 2457, 1),
(3036, 110, 2503, 1),
(3037, 111, 1895, 2),
(3038, 111, 2541, 1),
(3039, 111, 106, 1),
(3040, 111, 2004, 2),
(3041, 111, 108, 2),
(3042, 111, 109, 5),
(3043, 111, 2087, 2),
(3044, 111, 2089, 1),
(3045, 111, 2101, 2),
(3046, 111, 110, 1),
(3047, 111, 2118, 1),
(3048, 111, 2148, 2),
(3049, 111, 2155, 2),
(3050, 111, 116, 1),
(3051, 111, 2550, 1),
(3052, 111, 2549, 5),
(3053, 111, 2254, 4),
(3054, 111, 2276, 6),
(3055, 111, 2278, 5),
(3056, 111, 2291, 1),
(3057, 111, 2292, 1),
(3058, 111, 2330, 1),
(3059, 111, 125, 2),
(3060, 111, 126, 1),
(3061, 111, 2347, 5),
(3062, 111, 2358, 4),
(3063, 111, 2379, 5),
(3064, 111, 2456, 1),
(3065, 111, 2457, 1),
(3066, 111, 2503, 1),
(3067, 112, 1895, 2),
(3068, 112, 2541, 1),
(3069, 112, 106, 1),
(3070, 112, 2004, 2),
(3071, 112, 108, 2),
(3072, 112, 109, 5),
(3073, 112, 2087, 2),
(3074, 112, 2089, 1),
(3075, 112, 2101, 2),
(3076, 112, 110, 1),
(3077, 112, 2118, 1),
(3078, 112, 2121, 2),
(3079, 112, 2155, 2),
(3080, 112, 116, 1),
(3081, 112, 2550, 1),
(3082, 112, 2549, 5),
(3083, 112, 2254, 2),
(3084, 112, 2276, 6),
(3085, 112, 2278, 5),
(3086, 112, 2291, 1),
(3087, 112, 2292, 1),
(3088, 112, 2330, 1),
(3089, 112, 125, 2),
(3090, 112, 126, 1),
(3091, 112, 2347, 5),
(3092, 112, 2358, 4),
(3093, 112, 2379, 5),
(3094, 112, 2456, 1),
(3095, 112, 2457, 1),
(3096, 112, 2503, 1),
(3123, 116, 1895, 2),
(3124, 116, 2541, 1),
(3125, 116, 1943, 1),
(3126, 116, 2004, 2),
(3127, 116, 108, 2),
(3128, 116, 2552, 1),
(3129, 116, 109, 5),
(3130, 116, 2087, 2),
(3131, 116, 2089, 1),
(3132, 116, 110, 1),
(3133, 116, 2112, 1),
(3134, 116, 2113, 1),
(3135, 116, 2118, 1),
(3136, 116, 2141, 2),
(3137, 116, 2144, 2),
(3138, 116, 116, 1),
(3139, 116, 2233, 5),
(3140, 116, 2234, 2),
(3141, 116, 2248, 1),
(3142, 116, 2276, 5),
(3143, 116, 2278, 5),
(3144, 116, 2329, 1),
(3145, 116, 125, 2),
(3146, 116, 126, 1),
(3147, 116, 2551, 5),
(3148, 116, 2379, 5),
(3149, 116, 2491, 1),
(3150, 116, 2503, 1),
(3177, 117, 1895, 2),
(3178, 117, 2541, 1),
(3179, 117, 1943, 1),
(3180, 117, 2004, 2),
(3181, 117, 108, 2),
(3182, 117, 109, 5),
(3183, 117, 2087, 2),
(3184, 117, 110, 1),
(3185, 117, 2113, 2),
(3186, 117, 2121, 2),
(3187, 117, 2129, 1),
(3188, 117, 116, 1),
(3189, 117, 2233, 3),
(3190, 117, 2234, 2),
(3191, 117, 2248, 1),
(3192, 117, 2278, 5),
(3193, 117, 122, 1),
(3194, 117, 2280, 6),
(3195, 117, 2291, 2),
(3196, 117, 2329, 1),
(3197, 117, 125, 2),
(3198, 117, 126, 1),
(3199, 117, 2344, 5),
(3200, 117, 2345, 1),
(3201, 117, 2551, 1),
(3202, 117, 2415, 5),
(3203, 117, 2491, 1),
(3204, 117, 2503, 1),
(3233, 118, 1895, 2),
(3234, 118, 2541, 1),
(3235, 118, 1943, 1),
(3236, 118, 2004, 2),
(3237, 118, 108, 2),
(3238, 118, 109, 5),
(3239, 118, 2087, 2),
(3240, 118, 110, 1),
(3241, 118, 2112, 1),
(3242, 118, 2113, 1),
(3243, 118, 2129, 1),
(3244, 118, 2148, 2),
(3245, 118, 116, 1),
(3246, 118, 2233, 5),
(3247, 118, 2234, 1),
(3248, 118, 2248, 1),
(3249, 118, 2278, 5),
(3250, 118, 122, 1),
(3251, 118, 2280, 6),
(3252, 118, 2298, 4),
(3253, 118, 2329, 1),
(3254, 118, 125, 2),
(3255, 118, 126, 1),
(3256, 118, 2344, 5),
(3257, 118, 2345, 2),
(3258, 118, 2551, 4),
(3259, 118, 2415, 5),
(3260, 118, 2491, 1),
(3261, 118, 2503, 1),
(3290, 119, 1895, 1),
(3291, 119, 2541, 1),
(3292, 119, 1915, 1),
(3293, 119, 1943, 1),
(3294, 119, 2004, 2),
(3295, 119, 108, 2),
(3296, 119, 109, 5),
(3297, 119, 2087, 2),
(3298, 119, 110, 1),
(3299, 119, 2113, 2),
(3300, 119, 2148, 2),
(3301, 119, 116, 1),
(3302, 119, 120, 1),
(3303, 119, 2238, 5),
(3304, 119, 2248, 1),
(3305, 119, 2271, 4),
(3306, 119, 2278, 5),
(3307, 119, 122, 1),
(3308, 119, 2291, 1),
(3309, 119, 2329, 1),
(3310, 119, 125, 2),
(3311, 119, 126, 1),
(3312, 119, 2351, 5),
(3313, 119, 2355, 2),
(3314, 119, 2358, 5),
(3315, 119, 2404, 1),
(3316, 119, 2415, 5),
(3317, 119, 2491, 1),
(3318, 119, 2503, 1),
(3349, 120, 1895, 2),
(3350, 120, 105, 2),
(3351, 120, 106, 1),
(3352, 120, 2004, 2),
(3353, 120, 108, 2),
(3354, 120, 2053, 1),
(3355, 120, 109, 8),
(3356, 120, 103, 1),
(3357, 120, 2101, 2),
(3358, 120, 110, 1),
(3359, 120, 2122, 2),
(3360, 120, 2553, 2),
(3361, 120, 116, 1),
(3362, 120, 2542, 1),
(3363, 120, 118, 2),
(3364, 120, 2216, 1),
(3365, 120, 2224, 1),
(3366, 120, 2228, 1),
(3367, 120, 2229, 2),
(3368, 120, 2250, 4),
(3369, 120, 2255, 2),
(3370, 120, 2273, 5),
(3371, 120, 2292, 2),
(3372, 120, 125, 2),
(3373, 120, 126, 1),
(3374, 120, 2347, 5),
(3375, 120, 2397, 2),
(3376, 120, 2406, 1),
(3377, 120, 2407, 1),
(3378, 120, 2495, 1),
(3379, 120, 136, 2),
(3416, 121, 1895, 2),
(3417, 121, 104, 1),
(3418, 121, 1926, 1),
(3419, 121, 106, 1),
(3420, 121, 2004, 2),
(3421, 121, 2048, 1),
(3422, 121, 109, 8),
(3423, 121, 103, 1),
(3424, 121, 2101, 2),
(3425, 121, 110, 1),
(3426, 121, 2147, 2),
(3427, 121, 116, 1),
(3428, 121, 2542, 1),
(3429, 121, 118, 2),
(3430, 121, 2215, 1),
(3431, 121, 2216, 1),
(3432, 121, 2224, 1),
(3433, 121, 2228, 1),
(3434, 121, 2230, 2),
(3435, 121, 2250, 5),
(3436, 121, 2255, 2),
(3437, 121, 2257, 2),
(3438, 121, 2273, 5),
(3439, 121, 122, 1),
(3440, 121, 2292, 2),
(3441, 121, 2301, 2),
(3442, 121, 2293, 1),
(3443, 121, 125, 2),
(3444, 121, 126, 1),
(3445, 121, 2347, 5),
(3446, 121, 2354, 1),
(3447, 121, 2397, 3),
(3448, 121, 2407, 1),
(3449, 121, 2379, 1),
(3450, 121, 135, 2),
(3451, 121, 136, 2),
(3452, 121, 2515, 2),
(3453, 122, 1895, 2),
(3454, 122, 2557, 1),
(3455, 122, 105, 2),
(3456, 122, 1944, 2),
(3457, 122, 2033, 2),
(3458, 122, 108, 2),
(3459, 122, 109, 8),
(3460, 122, 110, 1),
(3461, 122, 2111, 2),
(3462, 122, 2146, 1),
(3463, 122, 114, 2),
(3464, 122, 2155, 2),
(3465, 122, 116, 2),
(3466, 122, 118, 2),
(3467, 122, 119, 1),
(3468, 122, 2233, 4),
(3469, 122, 2234, 2),
(3470, 122, 2554, 4),
(3471, 122, 125, 2),
(3472, 122, 126, 1),
(3473, 122, 129, 2),
(3474, 122, 2555, 1),
(3475, 122, 2398, 2),
(3476, 122, 2401, 2),
(3477, 122, 2415, 1),
(3478, 122, 134, 1),
(3479, 122, 2556, 2),
(3480, 122, 2509, 1),
(3508, 123, 2557, 1),
(3509, 123, 105, 2),
(3510, 123, 1944, 2),
(3511, 123, 2033, 2),
(3512, 123, 108, 2),
(3513, 123, 109, 8),
(3514, 123, 110, 1),
(3515, 123, 2111, 2),
(3516, 123, 2146, 1),
(3517, 123, 114, 2),
(3518, 123, 2155, 1),
(3519, 123, 116, 2),
(3520, 123, 118, 2),
(3521, 123, 119, 1),
(3522, 123, 2233, 3),
(3523, 123, 2234, 2),
(3524, 123, 2554, 4),
(3525, 123, 125, 2),
(3526, 123, 126, 2),
(3527, 123, 128, 2),
(3528, 123, 129, 2),
(3529, 123, 2555, 1),
(3530, 123, 2398, 2),
(3531, 123, 2401, 2),
(3532, 123, 2415, 1),
(3533, 123, 134, 1),
(3534, 123, 2556, 2),
(3535, 123, 2509, 1),
(3575, 124, 1895, 1),
(3576, 124, 1903, 2),
(3577, 124, 1905, 2),
(3578, 124, 1917, 5),
(3579, 124, 1935, 2),
(3580, 124, 1937, 1),
(3581, 124, 108, 3),
(3582, 124, 2064, 1),
(3583, 124, 109, 5),
(3584, 124, 2090, 2),
(3585, 124, 2101, 2),
(3586, 124, 110, 1),
(3587, 124, 2131, 2),
(3588, 124, 2169, 1),
(3589, 124, 2542, 1),
(3590, 124, 118, 1),
(3591, 124, 2217, 2),
(3592, 124, 2245, 2),
(3593, 124, 2260, 1),
(3594, 124, 2266, 1),
(3595, 124, 2273, 2),
(3596, 124, 2292, 2),
(3597, 124, 125, 2),
(3598, 124, 2351, 2),
(3599, 124, 2354, 1),
(3600, 124, 2362, 1),
(3601, 124, 2367, 1),
(3602, 124, 2368, 1),
(3603, 124, 2370, 2),
(3604, 124, 2374, 2),
(3605, 124, 2388, 2),
(3606, 124, 2415, 1),
(3607, 124, 2422, 2),
(3608, 124, 2424, 1),
(3609, 124, 2432, 2),
(3610, 124, 134, 2),
(3611, 124, 2501, 2),
(3669, 125, 1895, 2),
(3670, 125, 1905, 1),
(3671, 125, 104, 1),
(3672, 125, 106, 1),
(3673, 125, 2033, 4),
(3674, 125, 108, 1),
(3675, 125, 109, 4),
(3676, 125, 2101, 2),
(3677, 125, 110, 1),
(3678, 125, 2153, 2),
(3679, 125, 2155, 2),
(3680, 125, 116, 2),
(3681, 125, 2236, 2),
(3682, 125, 2242, 2),
(3683, 125, 2273, 1),
(3684, 125, 2268, 2),
(3685, 125, 125, 2),
(3686, 125, 2368, 2),
(3687, 125, 130, 1),
(3688, 125, 2400, 1),
(3689, 125, 2402, 2),
(3690, 125, 2379, 1),
(3691, 125, 2558, 1),
(3692, 125, 134, 1),
(3693, 125, 2509, 2),
(3694, 126, 1895, 1),
(3695, 126, 104, 1),
(3696, 126, 1936, 1),
(3697, 126, 2032, 4),
(3698, 126, 108, 1),
(3699, 126, 109, 5),
(3700, 126, 2101, 2),
(3701, 126, 110, 1),
(3702, 126, 2134, 2),
(3703, 126, 2156, 4),
(3704, 126, 116, 2),
(3705, 126, 2238, 4),
(3706, 126, 2273, 3),
(3707, 126, 125, 2),
(3708, 126, 126, 1),
(3709, 126, 2368, 1),
(3710, 126, 130, 1),
(3711, 126, 2400, 2),
(3712, 126, 2402, 2),
(3713, 126, 2415, 1),
(3714, 126, 136, 2),
(3737, 127, 1895, 2),
(3738, 127, 104, 1),
(3739, 127, 106, 1),
(3740, 127, 2033, 2),
(3741, 127, 108, 2),
(3742, 127, 109, 5),
(3743, 127, 2101, 2),
(3744, 127, 110, 1),
(3745, 127, 2140, 2),
(3746, 127, 116, 2),
(3747, 127, 2242, 3),
(3748, 127, 2272, 1),
(3749, 127, 2274, 3),
(3750, 127, 2288, 2),
(3751, 127, 125, 2),
(3752, 127, 2350, 1),
(3753, 127, 2351, 5),
(3754, 127, 2368, 2),
(3755, 127, 2555, 1),
(3756, 127, 2400, 1),
(3757, 127, 2402, 2),
(3758, 127, 2509, 2),
(3759, 128, 1895, 2),
(3760, 128, 1905, 1),
(3761, 128, 104, 1),
(3762, 128, 1920, 2),
(3763, 128, 106, 1),
(3764, 128, 107, 2),
(3765, 128, 108, 1),
(3766, 128, 109, 5),
(3767, 128, 2101, 2),
(3768, 128, 110, 1),
(3769, 128, 2149, 2),
(3770, 128, 116, 2),
(3771, 128, 2242, 3),
(3772, 128, 2273, 3),
(3773, 128, 2275, 2),
(3774, 128, 2286, 2),
(3775, 128, 125, 1),
(3776, 128, 2368, 2),
(3777, 128, 2384, 1),
(3778, 128, 2400, 2),
(3779, 128, 2403, 2),
(3780, 128, 2414, 1),
(3781, 128, 136, 1),
(3806, 129, 1895, 2),
(3807, 129, 1905, 1),
(3808, 129, 106, 1),
(3809, 129, 107, 2),
(3810, 129, 108, 1),
(3811, 129, 109, 5),
(3812, 129, 103, 1),
(3813, 129, 2101, 2),
(3814, 129, 110, 1),
(3815, 129, 2135, 1),
(3816, 129, 2136, 1),
(3817, 129, 2153, 2),
(3818, 129, 116, 2),
(3819, 129, 2559, 2),
(3820, 129, 2242, 3),
(3821, 129, 2273, 5),
(3822, 129, 2288, 2),
(3823, 129, 125, 2),
(3824, 129, 2352, 3),
(3825, 129, 2368, 2),
(3826, 129, 130, 1),
(3827, 129, 2402, 2),
(3828, 129, 2415, 1),
(3829, 129, 134, 1),
(3830, 129, 2509, 2),
(3831, 130, 1895, 2),
(3832, 130, 104, 1),
(3833, 130, 106, 1),
(3834, 130, 2009, 1),
(3835, 130, 2032, 2),
(3836, 130, 2034, 3),
(3837, 130, 108, 2),
(3838, 130, 109, 6),
(3839, 130, 2101, 2),
(3840, 130, 110, 1),
(3841, 130, 2136, 2),
(3842, 130, 117, 1),
(3843, 130, 2559, 2),
(3844, 130, 2215, 1),
(3845, 130, 2237, 2),
(3846, 130, 2244, 3),
(3847, 130, 2273, 5),
(3848, 130, 2291, 2),
(3849, 130, 125, 2),
(3850, 130, 126, 2),
(3851, 130, 127, 5),
(3852, 130, 2354, 1),
(3853, 130, 2368, 2),
(3854, 130, 130, 1),
(3855, 130, 2399, 3),
(3856, 130, 2415, 1),
(3857, 130, 134, 1),
(3858, 130, 2508, 2),
(3885, 131, 1895, 2),
(3886, 131, 104, 1),
(3887, 131, 106, 1),
(3888, 131, 2008, 2),
(3889, 131, 2032, 1),
(3890, 131, 2034, 2),
(3891, 131, 2552, 1),
(3892, 131, 109, 6),
(3893, 131, 2086, 1),
(3894, 131, 2101, 2),
(3895, 131, 110, 1),
(3896, 131, 2151, 2),
(3897, 131, 117, 1),
(3898, 131, 2559, 1),
(3899, 131, 2215, 1),
(3900, 131, 2222, 1),
(3901, 131, 2242, 3),
(3902, 131, 2273, 5),
(3903, 131, 2292, 2),
(3904, 131, 125, 2),
(3905, 131, 127, 4),
(3906, 131, 2354, 1),
(3907, 131, 2368, 2),
(3908, 131, 130, 1),
(3909, 131, 2399, 2),
(3910, 131, 2379, 1),
(3911, 131, 2508, 3),
(3912, 132, 1895, 2),
(3913, 132, 104, 1),
(3914, 132, 106, 1),
(3915, 132, 2008, 1),
(3916, 132, 2032, 1),
(3917, 132, 2034, 2),
(3918, 132, 2046, 1),
(3919, 132, 109, 6),
(3920, 132, 2086, 1),
(3921, 132, 2101, 2),
(3922, 132, 110, 1),
(3923, 132, 2150, 1),
(3924, 132, 117, 1),
(3925, 132, 2559, 1),
(3926, 132, 2215, 1),
(3927, 132, 120, 2),
(3928, 132, 2242, 2),
(3929, 132, 2271, 1),
(3930, 132, 2273, 4),
(3931, 132, 2294, 2),
(3932, 132, 125, 2),
(3933, 132, 126, 1),
(3934, 132, 127, 4),
(3935, 132, 2368, 2),
(3936, 132, 130, 1),
(3937, 132, 2399, 3),
(3938, 132, 2415, 1),
(3939, 132, 2508, 3),
(3940, 133, 1895, 1),
(3941, 133, 104, 1),
(3942, 133, 106, 1),
(3943, 133, 2008, 2),
(3944, 133, 2032, 1),
(3945, 133, 2034, 2),
(3946, 133, 2046, 2),
(3947, 133, 109, 6),
(3948, 133, 2086, 1),
(3949, 133, 2101, 2),
(3950, 133, 110, 1),
(3951, 133, 2152, 2),
(3952, 133, 117, 1),
(3953, 133, 2559, 2),
(3954, 133, 120, 2),
(3955, 133, 2245, 2),
(3956, 133, 2273, 4),
(3957, 133, 2294, 2),
(3958, 133, 125, 2),
(3959, 133, 126, 1),
(3960, 133, 2354, 1),
(3961, 133, 2368, 2),
(3962, 133, 130, 1),
(3963, 133, 2399, 3),
(3964, 133, 2508, 1),
(3965, 133, 2509, 1),
(3966, 133, 2510, 1),
(3969, 134, 1895, 2),
(3970, 134, 1905, 1),
(3971, 134, 104, 1),
(3972, 134, 105, 1),
(3973, 134, 106, 1),
(3974, 134, 2008, 1),
(3975, 134, 2034, 3),
(3976, 134, 2552, 1),
(3977, 134, 109, 6),
(3978, 134, 2101, 2),
(3979, 134, 110, 1),
(3980, 134, 2149, 2),
(3981, 134, 117, 1),
(3982, 134, 2559, 2),
(3983, 134, 2237, 3),
(3984, 134, 2271, 1),
(3985, 134, 2273, 3),
(3986, 134, 2275, 1),
(3987, 134, 2296, 2),
(3988, 134, 125, 2),
(3989, 134, 2368, 2),
(3990, 134, 130, 1),
(3991, 134, 2399, 3),
(3992, 134, 2415, 1),
(3993, 134, 2508, 3),
(3994, 135, 1895, 1),
(3995, 135, 104, 2),
(3996, 135, 106, 1),
(3997, 135, 2008, 1),
(3998, 135, 107, 4),
(3999, 135, 2552, 1),
(4000, 135, 109, 5),
(4001, 135, 2101, 2),
(4002, 135, 110, 1),
(4003, 135, 2149, 2),
(4004, 135, 117, 1),
(4005, 135, 2559, 1),
(4006, 135, 2212, 4),
(4007, 135, 2273, 4),
(4008, 135, 2296, 2),
(4009, 135, 125, 2),
(4010, 135, 126, 1),
(4011, 135, 2368, 2),
(4012, 135, 130, 1),
(4013, 135, 2399, 3),
(4014, 135, 2415, 1),
(4015, 135, 2508, 2),
(4016, 136, 2007, 1),
(4017, 136, 108, 1),
(4018, 136, 109, 5),
(4019, 136, 2097, 1),
(4020, 136, 2099, 1),
(4021, 136, 2101, 2),
(4022, 136, 110, 1),
(4023, 136, 116, 2),
(4024, 136, 2212, 3),
(4025, 136, 2273, 2),
(4026, 136, 2291, 2),
(4027, 136, 125, 1),
(4028, 136, 2352, 1),
(4029, 136, 2368, 2),
(4030, 136, 2374, 1),
(4031, 136, 2375, 1),
(4032, 136, 2376, 1),
(4033, 136, 2378, 1),
(4034, 136, 2410, 1),
(4035, 136, 2415, 1),
(4036, 136, 2452, 1),
(4037, 136, 2503, 1),
(4038, 137, 1914, 4),
(4039, 137, 2052, 1),
(4040, 137, 2098, 1),
(4041, 137, 2099, 1),
(4042, 137, 2311, 1),
(4043, 137, 2312, 2),
(4044, 137, 2374, 2),
(4045, 137, 2375, 1),
(4046, 137, 2376, 1),
(4047, 137, 2377, 1),
(4048, 137, 2410, 1),
(4049, 137, 2415, 1),
(4050, 137, 2438, 4),
(4051, 137, 2504, 1),
(4052, 137, 2506, 1),
(4053, 138, 1895, 2),
(4054, 138, 2541, 1),
(4055, 138, 1905, 1),
(4056, 138, 108, 2),
(4057, 138, 109, 5),
(4058, 138, 2087, 2),
(4059, 138, 2101, 2),
(4060, 138, 110, 1),
(4061, 138, 116, 1),
(4062, 138, 2220, 5),
(4063, 138, 2270, 1),
(4064, 138, 2273, 5),
(4065, 138, 2291, 2),
(4066, 138, 2297, 2),
(4067, 138, 125, 2),
(4068, 138, 2368, 2),
(4069, 138, 2423, 2),
(4070, 138, 2452, 1),
(4071, 138, 2471, 1),
(4072, 138, 2505, 1),
(4073, 139, 1895, 1),
(4074, 139, 106, 1),
(4075, 139, 108, 2),
(4076, 139, 2052, 1),
(4077, 139, 109, 5),
(4078, 139, 2087, 1),
(4079, 139, 2101, 2),
(4080, 139, 110, 1),
(4081, 139, 2137, 2),
(4082, 139, 116, 1),
(4083, 139, 2221, 5),
(4084, 139, 2236, 2),
(4085, 139, 2242, 3),
(4086, 139, 2271, 1),
(4087, 139, 2273, 4),
(4088, 139, 2289, 2),
(4089, 139, 2295, 2),
(4090, 139, 125, 2),
(4091, 139, 2360, 1),
(4092, 139, 2366, 1),
(4093, 139, 2368, 1),
(4094, 139, 2390, 1),
(4095, 139, 2415, 1),
(4096, 139, 2443, 1),
(4097, 139, 2452, 1),
(4098, 140, 2520, 1),
(4099, 140, 2521, 1),
(4100, 140, 2523, 1),
(4101, 140, 2524, 1),
(4102, 140, 2526, 1),
(4103, 140, 2530, 1),
(4104, 140, 2531, 1),
(4105, 140, 2532, 1),
(4106, 140, 2537, 1),
(4107, 140, 2538, 1),
(4108, 140, 2539, 1),
(4109, 140, 2540, 1),
(4130, 141, 1895, 2),
(4131, 141, 1916, 1),
(4132, 141, 1938, 1),
(4133, 141, 1940, 1),
(4134, 141, 108, 2),
(4135, 141, 109, 5),
(4136, 141, 2087, 2),
(4137, 141, 2101, 2),
(4138, 141, 110, 1),
(4139, 141, 2560, 2),
(4140, 141, 116, 1),
(4141, 141, 2220, 5),
(4142, 141, 2238, 5),
(4143, 141, 2270, 1),
(4144, 141, 2273, 5),
(4145, 141, 2286, 2),
(4146, 141, 125, 2),
(4147, 141, 2368, 2),
(4148, 141, 2423, 2),
(4149, 141, 2452, 1),
(4150, 141, 2471, 1),
(4151, 142, 1895, 2),
(4152, 142, 2541, 1),
(4153, 142, 1905, 1),
(4154, 142, 106, 1),
(4155, 142, 108, 2),
(4156, 142, 2052, 1),
(4157, 142, 2058, 2),
(4158, 142, 2059, 2),
(4159, 142, 109, 4),
(4160, 142, 2087, 2),
(4161, 142, 2101, 2),
(4162, 142, 110, 1),
(4163, 142, 2132, 2),
(4164, 142, 116, 1),
(4165, 142, 2220, 5),
(4166, 142, 2236, 2),
(4167, 142, 2242, 4),
(4168, 142, 2273, 5),
(4169, 142, 122, 2),
(4170, 142, 2288, 2),
(4171, 142, 2289, 1),
(4172, 142, 125, 2),
(4173, 142, 2358, 5),
(4174, 142, 2368, 2),
(4175, 142, 2411, 2),
(4176, 142, 2415, 2),
(4177, 142, 2558, 1),
(4178, 142, 2447, 1),
(4179, 142, 134, 1),
(4180, 142, 2471, 1),
(4224, 143, 1895, 2),
(4225, 143, 2541, 1),
(4226, 143, 106, 1),
(4227, 143, 108, 1),
(4228, 143, 2052, 1),
(4229, 143, 2058, 2),
(4230, 143, 2059, 2),
(4231, 143, 109, 5),
(4232, 143, 2087, 4),
(4233, 143, 2101, 2),
(4234, 143, 110, 1),
(4235, 143, 2129, 1),
(4236, 143, 2132, 2),
(4237, 143, 2137, 2),
(4238, 143, 2155, 1),
(4239, 143, 116, 1),
(4240, 143, 2542, 1),
(4241, 143, 2220, 5),
(4242, 143, 2237, 2),
(4243, 143, 2245, 5),
(4244, 143, 2271, 1),
(4245, 143, 2273, 3),
(4246, 143, 2288, 2),
(4247, 143, 125, 2),
(4248, 143, 126, 1),
(4249, 143, 2358, 5),
(4250, 143, 2368, 2),
(4251, 143, 2411, 1),
(4252, 143, 2415, 2),
(4253, 143, 2558, 1),
(4254, 143, 134, 1),
(4255, 143, 2472, 1),
(4256, 144, 1895, 1),
(4257, 144, 2541, 1),
(4258, 144, 106, 1),
(4259, 144, 108, 3),
(4260, 144, 2058, 1),
(4261, 144, 2059, 1),
(4262, 144, 109, 5),
(4263, 144, 2087, 4),
(4264, 144, 2101, 2),
(4265, 144, 110, 1),
(4266, 144, 2133, 2),
(4267, 144, 2137, 2),
(4268, 144, 116, 1),
(4269, 144, 2542, 1),
(4270, 144, 2220, 5),
(4271, 144, 2237, 2),
(4272, 144, 2238, 5),
(4273, 144, 2271, 2),
(4274, 144, 2273, 5),
(4275, 144, 2288, 2),
(4276, 144, 2289, 1),
(4277, 144, 125, 2),
(4278, 144, 126, 1),
(4279, 144, 2358, 5),
(4280, 144, 2367, 1),
(4281, 144, 2368, 2),
(4282, 144, 2411, 3),
(4283, 144, 2415, 3),
(4284, 144, 2423, 1),
(4285, 144, 2558, 1),
(4286, 144, 134, 1),
(4287, 144, 2472, 1),
(4288, 144, 2475, 1),
(4289, 144, 2476, 4),
(4290, 144, 2505, 1),
(4292, 145, 1895, 2),
(4293, 145, 2541, 1),
(4294, 145, 106, 1),
(4295, 145, 108, 2),
(4296, 145, 2044, 1),
(4297, 145, 2058, 2),
(4298, 145, 2059, 2),
(4299, 145, 109, 1),
(4300, 145, 2087, 1),
(4301, 145, 2101, 2),
(4302, 145, 110, 1),
(4303, 145, 2132, 2),
(4304, 145, 2137, 4),
(4305, 145, 116, 1),
(4306, 145, 2220, 5),
(4307, 145, 2237, 2),
(4308, 145, 2238, 5),
(4309, 145, 2271, 2),
(4310, 145, 2273, 5),
(4311, 145, 2288, 2),
(4312, 145, 125, 2),
(4313, 145, 2358, 4),
(4314, 145, 2367, 1),
(4315, 145, 2368, 2),
(4316, 145, 2411, 4),
(4317, 145, 2415, 3),
(4318, 145, 2423, 1),
(4319, 145, 2425, 2),
(4320, 145, 134, 1),
(4321, 145, 2473, 1),
(4322, 145, 2474, 1),
(4323, 145, 2476, 4),
(4324, 145, 2505, 1),
(4325, 146, 1895, 1),
(4326, 146, 2541, 1),
(4327, 146, 1905, 1),
(4328, 146, 106, 1),
(4329, 146, 108, 2),
(4330, 146, 2058, 2),
(4331, 146, 2059, 2),
(4332, 146, 109, 5),
(4333, 146, 2087, 4),
(4334, 146, 2101, 2),
(4335, 146, 110, 1),
(4336, 146, 2133, 2),
(4337, 146, 2137, 2),
(4338, 146, 2170, 1),
(4339, 146, 116, 1),
(4340, 146, 2220, 5),
(4341, 146, 2237, 2),
(4342, 146, 2238, 5),
(4343, 146, 2271, 2),
(4344, 146, 2273, 5),
(4345, 146, 2281, 1),
(4346, 146, 2288, 2),
(4347, 146, 125, 2),
(4348, 146, 2358, 5),
(4349, 146, 2360, 1),
(4350, 146, 2368, 2),
(4351, 146, 2411, 3),
(4352, 146, 2415, 4),
(4353, 146, 2423, 1),
(4354, 146, 2558, 1),
(4355, 146, 134, 1),
(4356, 146, 2468, 2),
(4357, 146, 2473, 1),
(4358, 146, 2474, 1),
(4359, 146, 2476, 4),
(4360, 146, 2505, 1),
(4412, 147, 1893, 1),
(4413, 147, 1895, 2),
(4414, 147, 1905, 1),
(4415, 147, 1936, 1),
(4416, 147, 1938, 1),
(4417, 147, 108, 2),
(4418, 147, 2067, 1),
(4419, 147, 109, 6),
(4420, 147, 2101, 1),
(4421, 147, 110, 2),
(4422, 147, 2561, 1),
(4423, 147, 118, 1),
(4424, 147, 122, 2),
(4425, 147, 2332, 1),
(4426, 147, 2333, 1),
(4427, 147, 2334, 1),
(4428, 147, 2336, 2),
(4429, 147, 2337, 1),
(4430, 147, 2338, 1),
(4431, 147, 2362, 1),
(4432, 147, 2368, 3),
(4433, 147, 2372, 1),
(4434, 147, 2390, 1),
(4435, 147, 2410, 4),
(4436, 147, 2413, 1),
(4437, 147, 2458, 1),
(4438, 147, 2488, 1),
(4439, 147, 2491, 1),
(4440, 148, 1893, 1),
(4441, 148, 1895, 1),
(4442, 148, 1905, 1),
(4443, 148, 1936, 1),
(4444, 148, 1938, 1),
(4445, 148, 108, 2),
(4446, 148, 109, 1),
(4447, 148, 2101, 1),
(4448, 148, 110, 2),
(4449, 148, 2128, 1),
(4450, 148, 2143, 1),
(4451, 148, 116, 1),
(4452, 148, 122, 1),
(4453, 148, 2332, 1),
(4454, 148, 2335, 1),
(4455, 148, 2336, 1),
(4456, 148, 2337, 1),
(4457, 148, 2338, 1),
(4458, 148, 125, 1),
(4459, 148, 2390, 2),
(4460, 148, 2410, 6),
(4461, 148, 2492, 1),
(4462, 148, 2493, 1),
(4463, 149, 1895, 3),
(4464, 149, 1905, 1),
(4465, 149, 1907, 1),
(4466, 149, 1936, 1),
(4467, 149, 1938, 1),
(4468, 149, 108, 2),
(4469, 149, 109, 5),
(4470, 149, 2087, 2),
(4471, 149, 2101, 1),
(4472, 149, 110, 1),
(4473, 149, 2137, 2),
(4474, 149, 2155, 5),
(4475, 149, 2157, 2),
(4476, 149, 2171, 1),
(4477, 149, 2172, 1),
(4478, 149, 2175, 1),
(4479, 149, 118, 2),
(4480, 149, 119, 3),
(4481, 149, 2249, 3),
(4482, 149, 2271, 5),
(4483, 149, 2273, 4),
(4484, 149, 2268, 5),
(4485, 149, 2332, 1),
(4486, 149, 2333, 1),
(4487, 149, 2334, 1),
(4488, 149, 2335, 1),
(4489, 149, 2336, 1),
(4490, 149, 2337, 1),
(4491, 149, 2338, 1),
(4492, 149, 125, 3),
(4493, 149, 2548, 5),
(4494, 149, 2362, 1),
(4495, 149, 2368, 4),
(4496, 149, 2413, 1),
(4497, 149, 2379, 1),
(4498, 149, 2447, 1),
(4499, 149, 2462, 1),
(4500, 149, 2491, 1),
(4501, 150, 1895, 1),
(4502, 150, 1901, 1),
(4503, 150, 1905, 2),
(4504, 150, 1907, 1),
(4505, 150, 1909, 1),
(4506, 150, 1910, 1),
(4507, 150, 1911, 1),
(4508, 150, 1912, 1),
(4509, 150, 1913, 1),
(4510, 150, 1939, 2),
(4511, 150, 1941, 2),
(4512, 150, 1942, 2),
(4513, 150, 106, 3),
(4514, 150, 108, 2),
(4515, 150, 2048, 1),
(4516, 150, 2049, 1),
(4517, 150, 2050, 1),
(4518, 150, 2051, 1),
(4519, 150, 109, 4),
(4520, 150, 2087, 1),
(4521, 150, 2101, 1),
(4522, 150, 2102, 2),
(4523, 150, 2105, 1),
(4524, 150, 110, 1),
(4525, 150, 2168, 2),
(4526, 150, 2249, 1),
(4527, 150, 2259, 2),
(4528, 150, 2267, 2),
(4529, 150, 2310, 4),
(4530, 150, 125, 2),
(4531, 150, 2362, 1),
(4532, 150, 2368, 1),
(4533, 150, 2390, 1),
(4534, 150, 2391, 1),
(4535, 150, 2392, 1),
(4536, 150, 2413, 1),
(4537, 150, 2379, 1),
(4538, 150, 2446, 1),
(4539, 150, 2448, 2),
(4540, 150, 2449, 1),
(4541, 150, 2462, 2),
(4542, 150, 2490, 2),
(4543, 150, 2491, 2),
(4544, 150, 2503, 1),
(4545, 151, 1895, 3),
(4546, 151, 1905, 1),
(4547, 151, 1908, 1),
(4548, 151, 106, 1),
(4549, 151, 108, 2),
(4550, 151, 2048, 2),
(4551, 151, 109, 5),
(4552, 151, 2087, 1),
(4553, 151, 2101, 1),
(4554, 151, 110, 2),
(4555, 151, 2129, 2),
(4556, 151, 2138, 1),
(4557, 151, 2157, 1),
(4558, 151, 2161, 1),
(4559, 151, 2168, 1),
(4560, 151, 2175, 1),
(4561, 151, 2215, 1),
(4562, 151, 2273, 6),
(4563, 151, 2332, 1),
(4564, 151, 125, 2),
(4565, 151, 2343, 1),
(4566, 151, 2548, 1),
(4567, 151, 2362, 2),
(4568, 151, 2368, 2),
(4569, 151, 2390, 2),
(4570, 151, 2410, 5),
(4571, 151, 2413, 1),
(4572, 151, 2415, 1),
(4573, 151, 2459, 1),
(4574, 151, 2460, 1),
(4575, 151, 2488, 1),
(4576, 151, 2494, 2),
(4577, 151, 2491, 1),
(4578, 152, 1895, 1),
(4579, 152, 106, 1),
(4580, 152, 108, 1),
(4581, 152, 2101, 2),
(4582, 152, 110, 1),
(4583, 152, 116, 1),
(4584, 152, 2267, 1),
(4585, 152, 125, 1),
(4586, 152, 2548, 1),
(4587, 152, 2362, 2),
(4588, 152, 2368, 1),
(4589, 152, 2390, 1),
(4590, 152, 2410, 1),
(4591, 153, 106, 1),
(4592, 153, 108, 1),
(4593, 153, 2052, 1),
(4594, 153, 109, 1),
(4595, 153, 2101, 2),
(4596, 153, 110, 1),
(4597, 153, 116, 1),
(4598, 153, 2548, 1),
(4599, 153, 2362, 2),
(4600, 153, 2364, 1),
(4601, 153, 2365, 1),
(4602, 153, 2368, 1),
(4603, 153, 2415, 1),
(4604, 153, 2462, 1),
(4605, 154, 1895, 1),
(4606, 154, 1913, 2),
(4607, 154, 106, 2),
(4608, 154, 108, 2),
(4609, 154, 2054, 2),
(4610, 154, 2066, 1),
(4611, 154, 2067, 2),
(4612, 154, 109, 2),
(4613, 154, 2101, 2),
(4614, 154, 110, 1),
(4615, 154, 116, 1),
(4616, 154, 2184, 1),
(4617, 154, 2231, 1),
(4618, 154, 2273, 4),
(4619, 154, 2548, 2),
(4620, 154, 2362, 2),
(4621, 154, 2364, 1),
(4622, 154, 2368, 1),
(4623, 154, 2393, 1),
(4624, 154, 2463, 2),
(4625, 154, 2488, 2),
(4626, 154, 2491, 1),
(4648, 155, 1895, 2),
(4649, 155, 106, 1),
(4650, 155, 108, 3),
(4651, 155, 109, 4),
(4652, 155, 2101, 1),
(4653, 155, 110, 2),
(4654, 155, 2155, 3),
(4655, 155, 2157, 3),
(4656, 155, 116, 1),
(4657, 155, 118, 2),
(4658, 155, 2564, 2),
(4659, 155, 2236, 3),
(4660, 155, 2242, 1),
(4661, 155, 2273, 6),
(4662, 155, 2310, 1),
(4663, 155, 125, 2),
(4664, 155, 2365, 1),
(4665, 155, 2368, 2),
(4666, 155, 2415, 1),
(4667, 155, 134, 1),
(4668, 155, 2462, 1),
(4669, 155, 2562, 1),
(4670, 155, 2491, 1),
(4671, 155, 2563, 1),
(4672, 156, 1905, 1),
(4673, 156, 106, 1),
(4674, 156, 108, 2),
(4675, 156, 109, 1),
(4676, 156, 2101, 2),
(4677, 156, 110, 1),
(4678, 156, 116, 1),
(4679, 156, 2548, 2),
(4680, 156, 2362, 2),
(4681, 156, 2368, 1),
(4682, 156, 2462, 1),
(4683, 156, 2491, 2),
(4702, 157, 1895, 2),
(4703, 157, 2541, 1),
(4704, 157, 106, 1),
(4705, 157, 2004, 2),
(4706, 157, 108, 2),
(4707, 157, 2052, 1),
(4708, 157, 109, 5),
(4709, 157, 2087, 2),
(4710, 157, 2101, 2),
(4711, 157, 110, 1),
(4712, 157, 2565, 2),
(4713, 157, 113, 2),
(4714, 157, 116, 1),
(4715, 157, 120, 1),
(4716, 157, 2238, 5),
(4717, 157, 2273, 5),
(4718, 157, 125, 2),
(4719, 157, 2410, 1),
(4720, 157, 2415, 1),
(4737, 158, 1895, 2),
(4738, 158, 2541, 1),
(4739, 158, 2004, 2),
(4740, 158, 108, 2),
(4741, 158, 2052, 1),
(4742, 158, 109, 5),
(4743, 158, 2087, 1),
(4744, 158, 2101, 1),
(4745, 158, 110, 2),
(4746, 158, 2185, 2),
(4747, 158, 2142, 2),
(4748, 158, 116, 1),
(4749, 158, 2238, 5),
(4750, 158, 2273, 5),
(4751, 158, 125, 2),
(4752, 158, 2417, 1),
(4753, 159, 1895, 2),
(4754, 159, 106, 1),
(4755, 159, 2004, 3),
(4756, 159, 108, 2),
(4757, 159, 109, 5),
(4758, 159, 2087, 2),
(4759, 159, 2101, 2),
(4760, 159, 110, 2),
(4761, 159, 2185, 2),
(4762, 159, 2142, 2),
(4763, 159, 116, 1),
(4764, 159, 118, 2),
(4765, 159, 2238, 5),
(4766, 159, 2273, 5),
(4767, 159, 125, 2),
(4768, 159, 2415, 1),
(4769, 160, 1895, 2),
(4770, 160, 2541, 1),
(4771, 160, 106, 1),
(4772, 160, 2004, 2),
(4773, 160, 108, 2),
(4774, 160, 109, 5),
(4775, 160, 2087, 1),
(4776, 160, 2101, 1),
(4777, 160, 110, 2),
(4778, 160, 2565, 2),
(4779, 160, 113, 2),
(4780, 160, 116, 1),
(4781, 160, 120, 1),
(4782, 160, 2238, 5),
(4783, 160, 2273, 5),
(4784, 160, 125, 2),
(4785, 160, 2410, 1),
(4786, 160, 2379, 1),
(4787, 161, 1895, 2),
(4788, 161, 2541, 1),
(4789, 161, 106, 1),
(4790, 161, 2004, 2),
(4791, 161, 108, 2),
(4792, 161, 2052, 1),
(4793, 161, 109, 5),
(4794, 161, 2087, 2),
(4795, 161, 2101, 2),
(4796, 161, 110, 1),
(4797, 161, 2565, 2),
(4798, 161, 113, 2),
(4799, 161, 116, 1),
(4800, 161, 120, 1),
(4801, 161, 2238, 5),
(4802, 161, 2273, 5),
(4803, 161, 125, 2),
(4804, 161, 2410, 2),
(4805, 161, 2379, 1),
(4820, 162, 1895, 2),
(4821, 162, 106, 1),
(4822, 162, 2004, 2),
(4823, 162, 108, 2),
(4824, 162, 2052, 1),
(4825, 162, 109, 5),
(4826, 162, 2101, 1),
(4827, 162, 110, 2),
(4828, 162, 2566, 2),
(4829, 162, 113, 2),
(4830, 162, 116, 1),
(4831, 162, 120, 1),
(4832, 162, 2238, 5),
(4833, 162, 2273, 5),
(4834, 162, 125, 2),
(4835, 163, 1895, 2),
(4836, 163, 2541, 1),
(4837, 163, 106, 1),
(4838, 163, 2004, 2),
(4839, 163, 108, 2),
(4840, 163, 2052, 1),
(4841, 163, 109, 5),
(4842, 163, 2087, 1),
(4843, 163, 2101, 1),
(4844, 163, 110, 2),
(4845, 163, 2565, 2),
(4846, 163, 113, 2),
(4847, 163, 116, 1),
(4848, 163, 2238, 5),
(4849, 163, 2273, 5),
(4850, 163, 125, 2),
(4851, 163, 2410, 1),
(4852, 163, 2454, 1),
(4853, 163, 2465, 1),
(4854, 164, 1895, 2),
(4855, 164, 2541, 1),
(4856, 164, 106, 1),
(4857, 164, 2004, 2),
(4858, 164, 2052, 1),
(4859, 164, 109, 5),
(4860, 164, 2087, 2),
(4861, 164, 2101, 2),
(4862, 164, 110, 1),
(4863, 164, 2565, 2),
(4864, 164, 113, 2),
(4865, 164, 116, 1),
(4866, 164, 2239, 5),
(4867, 164, 2274, 5),
(4868, 164, 125, 2),
(4869, 164, 2410, 2),
(4870, 164, 2379, 1),
(4871, 165, 1887, 1),
(4872, 165, 1895, 2),
(4873, 165, 2541, 1),
(4874, 165, 1905, 1),
(4875, 165, 1915, 1),
(4876, 165, 106, 1),
(4877, 165, 2004, 2),
(4878, 165, 108, 2),
(4879, 165, 109, 5),
(4880, 165, 2087, 2),
(4881, 165, 2101, 2),
(4882, 165, 110, 1),
(4883, 165, 113, 2),
(4884, 165, 115, 2),
(4885, 165, 116, 1),
(4886, 165, 2542, 1),
(4887, 165, 121, 5),
(4888, 165, 2247, 1),
(4889, 165, 123, 5),
(4890, 165, 2279, 5),
(4891, 165, 125, 2),
(4892, 165, 2358, 4),
(4893, 165, 2404, 1),
(4894, 165, 2379, 4),
(4895, 165, 2465, 1),
(4920, 166, 1887, 1),
(4921, 166, 1895, 2),
(4922, 166, 2541, 1),
(4923, 166, 1905, 1),
(4924, 166, 1915, 1),
(4925, 166, 2004, 2),
(4926, 166, 108, 2),
(4927, 166, 109, 5),
(4928, 166, 2087, 2),
(4929, 166, 2101, 2),
(4930, 166, 110, 1),
(4931, 166, 2129, 1),
(4932, 166, 115, 2),
(4933, 166, 116, 1),
(4934, 166, 121, 5),
(4935, 166, 2244, 4),
(4936, 166, 123, 5),
(4937, 166, 2279, 5),
(4938, 166, 2286, 2),
(4939, 166, 2567, 1),
(4940, 166, 125, 2),
(4941, 166, 2354, 5),
(4942, 166, 2358, 4),
(4943, 166, 2404, 1),
(4944, 166, 2379, 4),
(4945, 167, 1895, 2),
(4946, 167, 2541, 1),
(4947, 167, 2004, 2),
(4948, 167, 108, 2),
(4949, 167, 2058, 2),
(4950, 167, 2059, 2),
(4951, 167, 109, 5),
(4952, 167, 2087, 2),
(4953, 167, 2101, 1),
(4954, 167, 110, 2),
(4955, 167, 2185, 2),
(4956, 167, 2146, 2),
(4957, 167, 2158, 1),
(4958, 167, 116, 1),
(4959, 167, 120, 1),
(4960, 167, 2238, 5),
(4961, 167, 2281, 1),
(4962, 167, 125, 2),
(4963, 167, 127, 5),
(4964, 167, 2410, 3),
(4965, 167, 2379, 1),
(4966, 168, 1895, 2),
(4967, 168, 2541, 2),
(4968, 168, 2004, 2),
(4969, 168, 108, 2),
(4970, 168, 2058, 2),
(4971, 168, 2059, 2),
(4972, 168, 109, 5),
(4973, 168, 2087, 1),
(4974, 168, 2101, 1),
(4975, 168, 110, 2),
(4976, 168, 113, 2),
(4977, 168, 115, 2),
(4978, 168, 2158, 1),
(4979, 168, 116, 1),
(4980, 168, 120, 1),
(4981, 168, 2238, 5),
(4982, 168, 2273, 5),
(4983, 168, 122, 1),
(4984, 168, 2281, 1),
(4985, 168, 125, 2),
(4986, 168, 127, 5),
(4987, 168, 2358, 4),
(4988, 168, 2410, 2),
(4989, 168, 2379, 1),
(4990, 169, 1895, 2),
(4991, 169, 2541, 1),
(4992, 169, 2004, 2),
(4993, 169, 108, 2),
(4994, 169, 2058, 2),
(4995, 169, 2059, 2),
(4996, 169, 109, 5),
(4997, 169, 2087, 2),
(4998, 169, 2101, 2),
(4999, 169, 110, 1),
(5000, 169, 2185, 2),
(5001, 169, 115, 2),
(5002, 169, 116, 1),
(5003, 169, 120, 1),
(5004, 169, 2238, 5),
(5005, 169, 2273, 5),
(5006, 169, 122, 1),
(5007, 169, 2281, 1),
(5008, 169, 125, 1),
(5009, 169, 127, 5),
(5010, 169, 2410, 2),
(5011, 169, 2379, 1),
(5012, 170, 1895, 2),
(5013, 170, 1933, 1),
(5014, 170, 2004, 2),
(5015, 170, 2038, 5),
(5016, 170, 108, 2),
(5017, 170, 2068, 2),
(5018, 170, 2069, 2),
(5019, 170, 109, 5),
(5020, 170, 2087, 2),
(5021, 170, 2101, 2),
(5022, 170, 110, 1),
(5023, 170, 2122, 2),
(5024, 170, 2185, 2),
(5025, 170, 2155, 1),
(5026, 170, 116, 1),
(5027, 170, 120, 1),
(5028, 170, 2245, 1),
(5029, 170, 2281, 1),
(5030, 170, 125, 1),
(5031, 170, 2347, 5),
(5032, 170, 2358, 4),
(5033, 170, 2410, 2),
(5034, 170, 2416, 1),
(5036, 171, 1895, 2),
(5037, 171, 1933, 1),
(5038, 171, 2004, 1),
(5039, 171, 2038, 5),
(5040, 171, 108, 2),
(5041, 171, 2058, 2),
(5042, 171, 2059, 2),
(5043, 171, 109, 5),
(5044, 171, 2087, 2),
(5045, 171, 2101, 2),
(5046, 171, 110, 1),
(5047, 171, 2185, 2),
(5048, 171, 2147, 2),
(5049, 171, 2155, 1),
(5050, 171, 116, 1),
(5051, 171, 120, 1),
(5052, 171, 2238, 5),
(5053, 171, 2281, 1),
(5054, 171, 125, 1),
(5055, 171, 2347, 5),
(5056, 171, 2358, 4),
(5057, 171, 2410, 2),
(5058, 171, 2416, 1),
(5059, 172, 1895, 2),
(5060, 172, 1933, 1),
(5061, 172, 106, 1),
(5062, 172, 2038, 5),
(5063, 172, 2039, 1),
(5064, 172, 108, 2),
(5065, 172, 2068, 2),
(5066, 172, 2069, 2),
(5067, 172, 109, 5),
(5068, 172, 2087, 2),
(5069, 172, 2101, 2),
(5070, 172, 110, 1),
(5071, 172, 2185, 2),
(5072, 172, 2155, 1),
(5073, 172, 116, 1),
(5074, 172, 120, 1),
(5075, 172, 2238, 5),
(5076, 172, 125, 1),
(5077, 172, 2347, 5),
(5078, 172, 2358, 4),
(5079, 172, 2368, 2),
(5080, 172, 2410, 3),
(5081, 172, 2416, 4),
(5082, 172, 2452, 1),
(5083, 172, 2470, 1),
(5084, 173, 1895, 2),
(5085, 173, 1933, 1),
(5086, 173, 106, 1),
(5087, 173, 2038, 5),
(5088, 173, 2039, 1),
(5089, 173, 108, 2),
(5090, 173, 2068, 2),
(5091, 173, 2069, 2),
(5092, 173, 109, 5),
(5093, 173, 2087, 2),
(5094, 173, 2101, 2),
(5095, 173, 110, 1),
(5096, 173, 2185, 2),
(5097, 173, 2155, 1),
(5098, 173, 116, 1),
(5099, 173, 120, 1),
(5100, 173, 2238, 5),
(5101, 173, 125, 1),
(5102, 173, 2347, 5),
(5103, 173, 2358, 4),
(5104, 173, 2368, 2),
(5105, 173, 2410, 3),
(5106, 173, 2416, 4),
(5107, 173, 2452, 1),
(5108, 173, 2470, 1),
(5127, 174, 1895, 2),
(5128, 174, 2541, 1),
(5129, 174, 106, 1),
(5130, 174, 2004, 2),
(5131, 174, 108, 2),
(5132, 174, 109, 5),
(5133, 174, 2087, 2),
(5134, 174, 2101, 2),
(5135, 174, 110, 1),
(5136, 174, 2565, 2),
(5137, 174, 113, 2),
(5138, 174, 116, 1),
(5139, 174, 120, 1),
(5140, 174, 2245, 5),
(5141, 174, 2273, 5),
(5142, 174, 125, 2),
(5143, 174, 2379, 1),
(5149, 175, 2568, 1),
(5150, 175, 2570, 1),
(5151, 175, 2070, 1),
(5152, 175, 2088, 1),
(5153, 175, 2162, 1),
(5154, 175, 2163, 1),
(5155, 175, 2164, 1),
(5156, 175, 2166, 1),
(5157, 175, 2315, 1),
(5158, 175, 2331, 1),
(5159, 175, 2569, 1),
(5160, 176, 2071, 1),
(5161, 176, 2072, 1),
(5162, 176, 2073, 1),
(5163, 176, 2074, 1),
(5164, 176, 2075, 1),
(5165, 176, 2076, 2),
(5166, 176, 2077, 1),
(5167, 176, 2078, 1),
(5168, 176, 2079, 1),
(5169, 176, 2080, 1),
(5170, 176, 2081, 1),
(5171, 176, 2082, 1),
(5172, 176, 2083, 1),
(5173, 176, 2309, 1),
(5226, 177, 1888, 3),
(5227, 177, 1889, 3),
(5228, 177, 1890, 1),
(5229, 177, 1891, 1),
(5230, 177, 1929, 1),
(5231, 177, 1930, 1),
(5232, 177, 2263, 1),
(5233, 177, 2264, 1),
(5234, 177, 2265, 1),
(5235, 177, 2316, 1),
(5236, 177, 2317, 1),
(5237, 177, 2318, 1),
(5238, 177, 2319, 1),
(5239, 177, 2320, 1),
(5240, 177, 2321, 1),
(5241, 177, 2322, 1),
(5242, 177, 2323, 1),
(5243, 177, 2324, 1),
(5244, 177, 2325, 1),
(5245, 177, 2326, 1),
(5246, 177, 2327, 1),
(5247, 177, 2328, 1),
(5248, 177, 2339, 1),
(5249, 177, 2421, 1),
(5250, 177, 2439, 3),
(5251, 177, 2440, 1),
(5252, 177, 2479, 1),
(5253, 177, 2480, 1),
(5254, 177, 2481, 1),
(5255, 177, 2482, 1),
(5256, 177, 2483, 1),
(5257, 177, 2484, 1),
(5258, 177, 2485, 1),
(5259, 177, 2486, 1),
(5260, 177, 2507, 1),
(5261, 177, 2516, 1),
(5262, 177, 2517, 1),
(5263, 177, 2518, 1),
(5264, 177, 2522, 1),
(5265, 177, 2525, 1),
(5266, 177, 2526, 1),
(5267, 177, 2527, 1),
(5268, 177, 2528, 1),
(5269, 177, 2529, 1),
(5270, 177, 2530, 1),
(5271, 177, 2533, 1),
(5272, 177, 2534, 1),
(5273, 177, 2536, 1),
(5274, 177, 2537, 1),
(5275, 177, 2538, 1),
(5276, 177, 2540, 1),
(5277, 178, 1886, 2),
(5278, 178, 1898, 1),
(5279, 178, 1902, 2),
(5280, 178, 1945, 1),
(5281, 178, 1946, 1),
(5282, 178, 1947, 1),
(5283, 178, 1948, 1),
(5284, 178, 1949, 1),
(5285, 178, 1950, 1),
(5286, 178, 1951, 1),
(5287, 178, 1952, 1),
(5288, 178, 1953, 1),
(5289, 178, 1954, 1),
(5290, 178, 1955, 1),
(5291, 178, 1956, 1),
(5292, 178, 1957, 1),
(5293, 178, 1958, 1),
(5294, 178, 1961, 1),
(5295, 178, 1962, 1),
(5296, 178, 1964, 1),
(5297, 178, 1966, 1),
(5298, 178, 1968, 1),
(5299, 178, 1970, 1),
(5300, 178, 1974, 1),
(5301, 178, 1975, 1),
(5302, 178, 2060, 1),
(5303, 178, 2061, 2),
(5304, 178, 2062, 2),
(5305, 178, 2065, 1),
(5306, 178, 2100, 2),
(5307, 178, 2160, 4),
(5308, 178, 2176, 2),
(5309, 178, 2183, 1),
(5310, 178, 2195, 1),
(5311, 178, 2196, 1),
(5312, 178, 2197, 1),
(5313, 178, 2198, 1),
(5314, 178, 2199, 1),
(5315, 178, 2214, 1),
(5316, 178, 2262, 1),
(5317, 178, 2284, 1),
(5318, 178, 2285, 1),
(5319, 178, 2308, 2),
(5320, 178, 2395, 1),
(5321, 178, 2396, 1),
(5322, 178, 2408, 1),
(5323, 178, 2409, 1),
(5324, 178, 2426, 1),
(5325, 178, 2429, 1),
(5326, 178, 2434, 1),
(5327, 178, 2436, 1),
(5328, 178, 2441, 2),
(5329, 178, 2464, 1),
(5330, 178, 2466, 2),
(5331, 178, 2478, 1),
(5332, 178, 2486, 1),
(5333, 178, 2487, 1),
(5334, 178, 2496, 1),
(5335, 178, 2497, 1),
(5336, 178, 2498, 1),
(5337, 178, 2499, 1),
(5338, 178, 2500, 1),
(5339, 178, 2502, 1),
(5340, 178, 2512, 1),
(5341, 178, 2513, 1),
(5342, 178, 2518, 1),
(5343, 178, 2535, 1),
(5344, 179, 1885, 1),
(5345, 179, 1928, 1),
(5346, 179, 1959, 1),
(5347, 179, 1960, 1),
(5348, 179, 1963, 1),
(5349, 179, 1965, 1),
(5350, 179, 1967, 1),
(5351, 179, 1969, 1),
(5352, 179, 1971, 1),
(5353, 179, 2191, 1),
(5354, 179, 2192, 1),
(5355, 179, 2193, 1),
(5356, 179, 2194, 1),
(5357, 179, 2200, 1),
(5358, 179, 2201, 1),
(5359, 179, 2202, 1),
(5360, 179, 2203, 1),
(5361, 179, 2204, 1),
(5362, 179, 2205, 1),
(5363, 179, 2206, 1),
(5364, 179, 2207, 1),
(5365, 179, 2208, 1),
(5366, 179, 2209, 1),
(5367, 179, 2210, 1),
(5368, 179, 2211, 1),
(5369, 179, 2373, 1),
(5370, 179, 2380, 2),
(5371, 180, 1972, 2),
(5372, 180, 1976, 1),
(5373, 180, 1977, 1),
(5374, 180, 1978, 1),
(5375, 180, 1979, 1),
(5376, 180, 1980, 1),
(5377, 180, 1981, 1),
(5378, 180, 1982, 1),
(5379, 180, 1983, 1),
(5380, 180, 1984, 1),
(5381, 180, 1985, 1),
(5382, 180, 1986, 1),
(5383, 180, 1987, 1),
(5384, 180, 1988, 1),
(5385, 180, 1989, 1),
(5386, 180, 1990, 1),
(5387, 180, 1991, 1),
(5388, 180, 1992, 1),
(5389, 180, 1993, 1),
(5390, 180, 1994, 1),
(5391, 180, 1995, 1),
(5392, 180, 1996, 1),
(5393, 180, 1997, 1),
(5394, 180, 1998, 1),
(5395, 180, 1999, 1),
(5396, 180, 2000, 1),
(5397, 180, 2001, 1),
(5398, 180, 2002, 1),
(5399, 180, 2003, 1),
(5400, 181, 1885, 1),
(5401, 181, 1902, 8),
(5402, 181, 1904, 2),
(5403, 181, 1919, 1),
(5404, 181, 1927, 1),
(5405, 181, 1958, 2),
(5406, 181, 1963, 1),
(5407, 181, 1965, 1),
(5408, 181, 1969, 1),
(5409, 181, 1973, 1),
(5410, 181, 1974, 1),
(5411, 181, 2031, 1),
(5412, 181, 2055, 1),
(5413, 181, 2056, 1),
(5414, 181, 2063, 1),
(5415, 181, 2093, 2),
(5416, 181, 2094, 1),
(5417, 181, 2095, 1),
(5418, 181, 2195, 1),
(5419, 181, 2196, 1),
(5420, 181, 2197, 1),
(5421, 181, 2198, 1),
(5422, 181, 2213, 1),
(5423, 181, 2283, 1),
(5424, 181, 2284, 1),
(5425, 181, 2285, 1),
(5426, 181, 2300, 1),
(5427, 181, 2302, 1),
(5428, 181, 2303, 1),
(5429, 181, 2305, 1),
(5430, 181, 2306, 1),
(5431, 181, 2313, 1),
(5432, 181, 2340, 1),
(5433, 181, 2342, 1),
(5434, 181, 2373, 1),
(5435, 181, 2427, 1),
(5436, 181, 2428, 1),
(5437, 181, 2430, 1),
(5438, 181, 2431, 1),
(5439, 181, 2433, 1),
(5440, 181, 2435, 1),
(5441, 181, 2437, 1),
(5442, 181, 2441, 1),
(5443, 181, 2467, 1),
(5444, 181, 2469, 1),
(5445, 181, 2487, 1),
(5446, 181, 2511, 2),
(5447, 182, 1972, 1),
(5448, 182, 1999, 1),
(5449, 182, 2010, 1),
(5450, 182, 2011, 1),
(5451, 182, 2012, 1),
(5452, 182, 2013, 1),
(5453, 182, 2014, 1),
(5454, 182, 2015, 1),
(5455, 182, 2016, 1),
(5456, 182, 2017, 1),
(5457, 182, 2018, 1),
(5458, 182, 2019, 1),
(5459, 182, 2020, 1),
(5460, 182, 2021, 1),
(5461, 182, 2022, 1),
(5462, 182, 2023, 1),
(5463, 182, 2024, 1),
(5464, 182, 2025, 1),
(5465, 182, 2026, 1),
(5466, 182, 2027, 1),
(5467, 182, 2028, 1),
(5468, 182, 2029, 1),
(5469, 182, 2030, 1),
(5470, 182, 2177, 1),
(5471, 182, 2445, 1),
(5497, 183, 1895, 2),
(5498, 183, 1905, 1),
(5499, 183, 105, 1),
(5500, 183, 106, 1),
(5501, 183, 2004, 2),
(5502, 183, 107, 1),
(5503, 183, 108, 1),
(5504, 183, 2052, 1),
(5505, 183, 109, 5),
(5506, 183, 2085, 1),
(5507, 183, 2096, 1),
(5508, 183, 2101, 2),
(5509, 183, 110, 1),
(5510, 183, 2134, 2),
(5511, 183, 2185, 2),
(5512, 183, 2170, 1),
(5513, 183, 116, 1),
(5514, 183, 2215, 1),
(5515, 183, 119, 1),
(5516, 183, 2238, 3),
(5517, 183, 2273, 5),
(5518, 183, 125, 2),
(5519, 183, 2357, 2),
(5520, 183, 130, 1),
(5521, 183, 2451, 1),
(5522, 184, 1895, 1),
(5523, 184, 1905, 1),
(5524, 184, 106, 1),
(5525, 184, 2004, 2),
(5526, 184, 108, 1),
(5527, 184, 109, 5),
(5528, 184, 2101, 1),
(5529, 184, 110, 2),
(5530, 184, 2130, 2),
(5531, 184, 2185, 3),
(5532, 184, 2565, 2),
(5533, 184, 116, 1),
(5534, 184, 2180, 2),
(5535, 184, 118, 2),
(5536, 184, 2273, 3),
(5537, 184, 125, 2),
(5538, 184, 2379, 1),
(5556, 185, 1895, 2),
(5557, 185, 106, 1),
(5558, 185, 2004, 2),
(5559, 185, 2046, 1),
(5560, 185, 2047, 1),
(5561, 185, 109, 5),
(5562, 185, 2087, 2),
(5563, 185, 2101, 2);
INSERT INTO `instrument_set_items` (`set_item_id`, `set_id`, `instrument_id`, `quantity`) VALUES
(5564, 185, 110, 1),
(5565, 185, 2565, 2),
(5566, 185, 113, 2),
(5567, 185, 116, 1),
(5568, 185, 2181, 2),
(5569, 185, 2231, 5),
(5570, 185, 2267, 5),
(5571, 185, 125, 2),
(5572, 185, 130, 1),
(5573, 185, 2379, 1),
(5574, 186, 1895, 2),
(5575, 186, 1905, 1),
(5576, 186, 2004, 2),
(5577, 186, 108, 2),
(5578, 186, 109, 5),
(5579, 186, 2101, 2),
(5580, 186, 110, 1),
(5581, 186, 2185, 2),
(5582, 186, 116, 1),
(5583, 186, 2238, 5),
(5584, 186, 2248, 1),
(5585, 186, 2271, 2),
(5586, 186, 2273, 5),
(5587, 186, 125, 2),
(5588, 186, 2379, 1),
(5589, 186, 2450, 1),
(5590, 186, 2461, 2),
(5605, 187, 1895, 3),
(5606, 187, 1934, 1),
(5607, 187, 2004, 1),
(5608, 187, 108, 2),
(5609, 187, 109, 4),
(5610, 187, 2101, 1),
(5611, 187, 110, 1),
(5612, 187, 2109, 1),
(5613, 187, 2565, 2),
(5614, 187, 116, 2),
(5615, 187, 2239, 2),
(5616, 187, 2273, 3),
(5617, 187, 125, 2),
(5618, 187, 2465, 1),
(5619, 187, 2468, 1),
(5620, 188, 1895, 3),
(5621, 188, 1934, 1),
(5622, 188, 2004, 1),
(5623, 188, 108, 2),
(5624, 188, 109, 4),
(5625, 188, 2101, 1),
(5626, 188, 110, 1),
(5627, 188, 2109, 1),
(5628, 188, 2565, 2),
(5629, 188, 116, 2),
(5630, 188, 2239, 2),
(5631, 188, 2274, 4),
(5632, 188, 125, 2),
(5633, 188, 2379, 1),
(5634, 188, 2468, 1),
(5635, 189, 1895, 3),
(5636, 189, 1934, 1),
(5637, 189, 2004, 1),
(5638, 189, 108, 2),
(5639, 189, 109, 4),
(5640, 189, 2101, 1),
(5641, 189, 110, 1),
(5642, 189, 2109, 1),
(5643, 189, 2565, 2),
(5644, 189, 116, 2),
(5645, 189, 2239, 2),
(5646, 189, 2274, 3),
(5647, 189, 125, 2),
(5648, 189, 2465, 1),
(5649, 189, 2468, 1);

-- --------------------------------------------------------

--
-- Table structure for table `instrument_types`
--

CREATE TABLE `instrument_types` (
  `type_id` int(11) NOT NULL,
  `type_name` varchar(100) NOT NULL,
  `is_active` tinyint(1) NOT NULL DEFAULT 1,
  `created_at` timestamp NOT NULL DEFAULT current_timestamp()
) ENGINE=InnoDB DEFAULT CHARSET=utf8mb4 COLLATE=utf8mb4_general_ci COMMENT='Master data untuk tipe atau kategori instrumen.';

--
-- Dumping data for table `instrument_types`
--

INSERT INTO `instrument_types` (`type_id`, `type_name`, `is_active`, `created_at`) VALUES
(9, 'Tromol Instrument', 1, '2025-08-11 02:34:53'),
(10, 'Tromol Instrument Linen', 1, '2025-08-11 02:36:12'),
(11, 'Instrument Bungkus', 1, '2025-08-11 02:36:25'),
(12, 'Instrument Pouches', 1, '2025-08-11 02:36:58'),
(13, 'Linen', 1, '2025-08-11 03:16:00'),
(14, 'Instrument', 1, '2025-08-21 08:34:23'),
(15, 'Kassa', 1, '2025-09-03 02:23:37'),
(16, 'Karet', 1, '2025-09-03 02:23:42'),
(17, 'Kaca', 1, '2025-09-03 02:23:50');

-- --------------------------------------------------------

--
-- Table structure for table `machines`
--

CREATE TABLE `machines` (
  `machine_id` int(11) NOT NULL,
  `machine_name` varchar(100) NOT NULL,
  `machine_code` varchar(10) NOT NULL,
  `is_active` tinyint(1) NOT NULL DEFAULT 1
) ENGINE=InnoDB DEFAULT CHARSET=latin1 COLLATE=latin1_swedish_ci;

--
-- Dumping data for table `machines`
--

INSERT INTO `machines` (`machine_id`, `machine_name`, `machine_code`, `is_active`) VALUES
(9, 'Autoclave Steam', 'AA', 1),
(10, 'Plasma', 'BB', 1),
(11, 'Ethylene Oxide (EO)', 'CC', 1);

-- --------------------------------------------------------

--
-- Table structure for table `print_queue`
--

CREATE TABLE `print_queue` (
  `queue_id` int(11) NOT NULL,
  `record_id` int(11) NOT NULL,
  `load_id` int(11) NOT NULL,
  `added_at` timestamp NOT NULL DEFAULT current_timestamp()
) ENGINE=InnoDB DEFAULT CHARSET=utf8mb4 COLLATE=utf8mb4_general_ci;

-- --------------------------------------------------------

--
-- Table structure for table `sterilization_cycles`
--

CREATE TABLE `sterilization_cycles` (
  `cycle_id` int(11) NOT NULL,
  `machine_name` varchar(255) NOT NULL,
  `cycle_number` varchar(100) NOT NULL,
  `cycle_date` datetime NOT NULL,
  `operator_user_id` int(11) DEFAULT NULL,
  `status` varchar(50) NOT NULL DEFAULT 'menunggu_validasi' COMMENT 'completed, failed, menunggu_validasi',
  `notes` text DEFAULT NULL,
  `created_at` timestamp NOT NULL DEFAULT current_timestamp()
) ENGINE=InnoDB DEFAULT CHARSET=utf8mb4 COLLATE=utf8mb4_general_ci;

--
-- Dumping data for table `sterilization_cycles`
--

INSERT INTO `sterilization_cycles` (`cycle_id`, `machine_name`, `cycle_number`, `cycle_date`, `operator_user_id`, `status`, `notes`, `created_at`) VALUES
(53, 'Autoclave Steam', 'SIKLUS-AA-110825-01', '2025-08-11 10:31:28', 1, 'completed', NULL, '2025-08-11 03:31:28'),
(54, 'Autoclave Steam', 'SIKLUS-AA-120825-01', '2025-08-12 10:36:44', 1, 'completed', NULL, '2025-08-12 03:36:44'),
(55, 'Autoclave Steam', 'SIKLUS-AA-200825-01', '2025-08-20 09:36:32', 1, 'completed', NULL, '2025-08-20 02:36:32'),
(56, 'Autoclave Steam', 'SIKLUS-AA-250825-01', '2025-08-25 08:43:38', 1, 'completed', NULL, '2025-08-25 01:43:38'),
(57, 'Autoclave Steam', 'SIKLUS-AA-250825-02', '2025-08-25 09:45:22', 1, 'completed', NULL, '2025-08-25 02:45:22'),
(58, 'Autoclave Steam', 'SIKLUS-AA-290825-01', '2025-08-29 13:01:00', 1, 'completed', NULL, '2025-08-29 06:01:00'),
(59, 'Autoclave Steam', 'SIKLUS-AA-010925-01', '2025-09-01 08:49:26', 1, 'completed', NULL, '2025-09-01 01:49:26'),
(60, 'Autoclave Steam', 'SIKLUS-AA-010925-02', '2025-09-01 14:12:13', 1, 'completed', NULL, '2025-09-01 07:12:13'),
(61, 'Autoclave Steam', 'SIKLUS-AA-030925-01', '2025-09-03 13:12:17', 1, 'completed', NULL, '2025-09-03 06:12:17');

-- --------------------------------------------------------

--
-- Table structure for table `sterilization_loads`
--

CREATE TABLE `sterilization_loads` (
  `load_id` int(11) NOT NULL,
  `load_name` varchar(255) NOT NULL COMMENT 'Nama deskriptif untuk muatan, misal: Autoklaf A - Pagi 25/06',
  `notes` text DEFAULT NULL,
  `created_by_user_id` int(11) DEFAULT NULL,
  `machine_id` int(11) DEFAULT NULL,
  `load_type` enum('Rutin','Cito/Darurat','Jadwal Operasi') NOT NULL DEFAULT 'Rutin' COMMENT 'Jenis muatan untuk klasifikasi',
  `priority` enum('Normal','Tinggi','Urgent') NOT NULL DEFAULT 'Normal' COMMENT 'Prioritas pengerjaan muatan',
  `destination_department_id` int(11) DEFAULT NULL,
  `cycle_id` int(11) DEFAULT NULL COMMENT 'Diisi saat muatan dijalankan dalam siklus',
  `status` varchar(50) NOT NULL DEFAULT 'persiapan' COMMENT 'persiapan, berjalan, menunggu_validasi, selesai, gagal',
  `created_at` timestamp NULL DEFAULT current_timestamp(),
  `updated_at` timestamp NULL DEFAULT current_timestamp() ON UPDATE current_timestamp()
) ENGINE=InnoDB DEFAULT CHARSET=utf8mb4 COLLATE=utf8mb4_general_ci;

--
-- Dumping data for table `sterilization_loads`
--

INSERT INTO `sterilization_loads` (`load_id`, `load_name`, `notes`, `created_by_user_id`, `machine_id`, `load_type`, `priority`, `destination_department_id`, `cycle_id`, `status`, `created_at`, `updated_at`) VALUES
(73, 'MUATAN-110825-01', NULL, 1, 9, 'Rutin', 'Normal', 11, 53, 'selesai', '2025-08-11 03:30:48', '2025-08-11 03:31:28'),
(75, 'MUATAN-120825-01', NULL, 1, 9, 'Rutin', 'Normal', 11, 54, 'selesai', '2025-08-12 03:36:06', '2025-08-12 03:36:44'),
(76, 'MUATAN-200825-01', NULL, 1, 9, 'Rutin', 'Normal', 11, 55, 'selesai', '2025-08-20 02:36:09', '2025-08-20 02:36:32'),
(79, 'MUATAN-250825-01', NULL, 1, 9, 'Rutin', 'Normal', 12, 56, 'selesai', '2025-08-25 01:43:25', '2025-08-25 01:43:39'),
(80, 'MUATAN-250825-02', NULL, 1, 9, 'Rutin', 'Normal', 12, NULL, 'persiapan', '2025-08-25 02:36:06', '2025-08-25 02:36:06'),
(81, 'MUATAN-250825-03', NULL, 1, 9, 'Rutin', 'Normal', 12, 57, 'selesai', '2025-08-25 02:44:51', '2025-08-25 02:45:22'),
(82, 'MUATAN-250825-04', NULL, 1, 9, 'Rutin', 'Normal', 12, NULL, 'persiapan', '2025-08-25 03:06:43', '2025-08-25 03:06:43'),
(83, 'MUATAN-250825-05', NULL, 1, 9, 'Rutin', 'Normal', 11, NULL, 'persiapan', '2025-08-25 03:41:40', '2025-08-25 03:41:40'),
(84, 'MUATAN-250825-06', NULL, 1, 9, 'Rutin', 'Normal', 12, NULL, 'persiapan', '2025-08-25 11:22:20', '2025-08-25 11:22:20'),
(85, 'MUATAN-290825-01', NULL, 1, 9, 'Rutin', 'Normal', 12, NULL, 'persiapan', '2025-08-29 05:59:03', '2025-08-29 05:59:03'),
(86, 'MUATAN-290825-02', NULL, 1, 9, 'Rutin', 'Normal', 12, NULL, 'persiapan', '2025-08-29 05:59:39', '2025-08-29 05:59:39'),
(87, 'MUATAN-290825-03', 'pinset tidak ada', 1, 9, 'Rutin', 'Normal', 12, 58, 'selesai', '2025-08-29 06:00:08', '2025-08-29 06:01:00'),
(88, 'MUATAN-010925-01', NULL, 1, 9, 'Rutin', 'Normal', 12, 59, 'selesai', '2025-09-01 01:43:35', '2025-09-01 01:49:26'),
(89, 'MUATAN-010925-02', NULL, 1, 9, 'Rutin', 'Normal', 12, NULL, 'persiapan', '2025-09-01 01:52:24', '2025-09-01 01:52:24'),
(90, 'MUATAN-010925-03', NULL, 1, 9, 'Rutin', 'Normal', 12, 60, 'selesai', '2025-09-01 02:18:18', '2025-09-01 07:12:13'),
(91, 'MUATAN-020925-01', NULL, 1, 9, 'Rutin', 'Normal', 48, NULL, 'persiapan', '2025-09-01 23:24:13', '2025-09-01 23:24:13'),
(92, 'MUATAN-030925-01', NULL, 1, 9, 'Rutin', 'Normal', 12, 61, 'selesai', '2025-09-03 06:11:49', '2025-09-03 06:12:17'),
(93, 'MUATAN-030925-02', NULL, 1, 9, 'Rutin', 'Normal', 12, NULL, 'persiapan', '2025-09-03 11:53:49', '2025-09-03 11:53:49'),
(94, 'MUATAN-030925-03', NULL, 1, 9, 'Rutin', 'Normal', 11, NULL, 'persiapan', '2025-09-03 14:49:58', '2025-09-03 14:49:58'),
(95, 'MUATAN-030925-04', NULL, 1, 9, 'Rutin', 'Normal', 12, NULL, 'persiapan', '2025-09-03 14:53:04', '2025-09-03 14:53:04'),
(96, 'MUATAN-030925-05', NULL, 1, 9, 'Rutin', 'Normal', 11, NULL, 'persiapan', '2025-09-03 14:53:47', '2025-09-03 14:53:47');

-- --------------------------------------------------------

--
-- Table structure for table `sterilization_load_items`
--

CREATE TABLE `sterilization_load_items` (
  `load_item_id` int(11) NOT NULL,
  `load_id` int(11) NOT NULL,
  `item_id` int(11) NOT NULL COMMENT 'Bisa merujuk ke instrument_id atau set_id',
  `item_type` enum('instrument','set') NOT NULL,
  `quantity` int(11) NOT NULL DEFAULT 1,
  `item_snapshot` text DEFAULT NULL COMMENT 'JSON snapshot dari isi set pada saat ditambahkan ke muatan, memungkinkan modifikasi on-the-fly'
) ENGINE=InnoDB DEFAULT CHARSET=utf8mb4 COLLATE=utf8mb4_general_ci;

--
-- Dumping data for table `sterilization_load_items`
--

INSERT INTO `sterilization_load_items` (`load_item_id`, `load_id`, `item_id`, `item_type`, `quantity`, `item_snapshot`) VALUES
(233, 73, 83, 'set', 1, '[{\"instrument_id\":138,\"quantity\":3},{\"instrument_id\":139,\"quantity\":3}]'),
(234, 75, 81, 'set', 1, '[{\"instrument_id\":104,\"quantity\":1},{\"instrument_id\":106,\"quantity\":1},{\"instrument_id\":107,\"quantity\":3},{\"instrument_id\":108,\"quantity\":2},{\"instrument_id\":109,\"quantity\":6},{\"instrument_id\":103,\"quantity\":1},{\"instrument_id\":110,\"quantity\":1},{\"instrument_id\":111,\"quantity\":2},{\"instrument_id\":113,\"quantity\":2},{\"instrument_id\":115,\"quantity\":2},{\"instrument_id\":117,\"quantity\":1},{\"instrument_id\":118,\"quantity\":2},{\"instrument_id\":119,\"quantity\":1},{\"instrument_id\":121,\"quantity\":1},{\"instrument_id\":122,\"quantity\":1},{\"instrument_id\":123,\"quantity\":4},{\"instrument_id\":124,\"quantity\":1},{\"instrument_id\":125,\"quantity\":1},{\"instrument_id\":126,\"quantity\":1},{\"instrument_id\":127,\"quantity\":4},{\"instrument_id\":128,\"quantity\":2},{\"instrument_id\":129,\"quantity\":2},{\"instrument_id\":130,\"quantity\":1},{\"instrument_id\":132,\"quantity\":3},{\"instrument_id\":133,\"quantity\":1},{\"instrument_id\":134,\"quantity\":1},{\"instrument_id\":136,\"quantity\":4}]'),
(235, 76, 83, 'set', 1, '[{\"instrument_id\":138,\"quantity\":3},{\"instrument_id\":139,\"quantity\":3}]'),
(237, 79, 87, 'set', 1, '[{\"instrument_id\":1895,\"quantity\":2},{\"instrument_id\":1900,\"quantity\":1},{\"instrument_id\":2004,\"quantity\":2},{\"instrument_id\":2052,\"quantity\":1},{\"instrument_id\":2058,\"quantity\":2},{\"instrument_id\":2059,\"quantity\":2},{\"instrument_id\":2101,\"quantity\":2},{\"instrument_id\":2153,\"quantity\":2},{\"instrument_id\":2158,\"quantity\":1},{\"instrument_id\":2185,\"quantity\":2},{\"instrument_id\":2190,\"quantity\":1},{\"instrument_id\":2245,\"quantity\":5},{\"instrument_id\":2273,\"quantity\":5},{\"instrument_id\":2281,\"quantity\":1},{\"instrument_id\":2358,\"quantity\":5},{\"instrument_id\":2419,\"quantity\":1},{\"instrument_id\":2443,\"quantity\":1},{\"instrument_id\":108,\"quantity\":2},{\"instrument_id\":109,\"quantity\":5},{\"instrument_id\":110,\"quantity\":1},{\"instrument_id\":115,\"quantity\":2},{\"instrument_id\":116,\"quantity\":1},{\"instrument_id\":125,\"quantity\":2},{\"instrument_id\":126,\"quantity\":1},{\"instrument_id\":127,\"quantity\":4}]'),
(238, 80, 87, 'set', 1, '[{\"instrument_id\":1895,\"quantity\":2},{\"instrument_id\":1900,\"quantity\":1},{\"instrument_id\":2004,\"quantity\":2},{\"instrument_id\":2052,\"quantity\":1},{\"instrument_id\":2058,\"quantity\":2},{\"instrument_id\":2059,\"quantity\":2},{\"instrument_id\":2101,\"quantity\":2},{\"instrument_id\":2153,\"quantity\":2},{\"instrument_id\":2158,\"quantity\":1},{\"instrument_id\":2185,\"quantity\":2},{\"instrument_id\":2190,\"quantity\":1},{\"instrument_id\":2245,\"quantity\":5},{\"instrument_id\":2273,\"quantity\":5},{\"instrument_id\":2281,\"quantity\":1},{\"instrument_id\":2358,\"quantity\":5},{\"instrument_id\":2419,\"quantity\":1},{\"instrument_id\":2443,\"quantity\":1},{\"instrument_id\":108,\"quantity\":2},{\"instrument_id\":109,\"quantity\":5},{\"instrument_id\":110,\"quantity\":1},{\"instrument_id\":115,\"quantity\":2},{\"instrument_id\":116,\"quantity\":1},{\"instrument_id\":125,\"quantity\":2},{\"instrument_id\":126,\"quantity\":1},{\"instrument_id\":127,\"quantity\":4}]'),
(239, 81, 88, 'set', 1, '[{\"instrument_id\":1895,\"quantity\":2},{\"instrument_id\":1900,\"quantity\":1},{\"instrument_id\":2004,\"quantity\":2},{\"instrument_id\":2036,\"quantity\":1},{\"instrument_id\":2058,\"quantity\":2},{\"instrument_id\":2059,\"quantity\":2},{\"instrument_id\":2101,\"quantity\":2},{\"instrument_id\":2126,\"quantity\":2},{\"instrument_id\":2185,\"quantity\":2},{\"instrument_id\":2190,\"quantity\":2},{\"instrument_id\":2245,\"quantity\":5},{\"instrument_id\":2273,\"quantity\":4},{\"instrument_id\":2281,\"quantity\":1},{\"instrument_id\":2358,\"quantity\":5},{\"instrument_id\":2419,\"quantity\":1},{\"instrument_id\":2443,\"quantity\":1},{\"instrument_id\":2452,\"quantity\":1},{\"instrument_id\":108,\"quantity\":2},{\"instrument_id\":109,\"quantity\":5},{\"instrument_id\":110,\"quantity\":2},{\"instrument_id\":116,\"quantity\":1},{\"instrument_id\":120,\"quantity\":1},{\"instrument_id\":125,\"quantity\":2},{\"instrument_id\":126,\"quantity\":1},{\"instrument_id\":127,\"quantity\":5}]'),
(240, 82, 87, 'set', 1, '[{\"instrument_id\":1895,\"quantity\":2},{\"instrument_id\":1900,\"quantity\":1},{\"instrument_id\":2004,\"quantity\":2},{\"instrument_id\":2052,\"quantity\":1},{\"instrument_id\":2058,\"quantity\":2},{\"instrument_id\":2059,\"quantity\":2},{\"instrument_id\":2101,\"quantity\":2},{\"instrument_id\":2153,\"quantity\":2},{\"instrument_id\":2158,\"quantity\":1},{\"instrument_id\":2185,\"quantity\":2},{\"instrument_id\":2190,\"quantity\":1},{\"instrument_id\":2245,\"quantity\":5},{\"instrument_id\":2273,\"quantity\":5},{\"instrument_id\":2281,\"quantity\":1},{\"instrument_id\":2358,\"quantity\":5},{\"instrument_id\":2419,\"quantity\":1},{\"instrument_id\":2443,\"quantity\":1},{\"instrument_id\":108,\"quantity\":2},{\"instrument_id\":109,\"quantity\":5},{\"instrument_id\":110,\"quantity\":1},{\"instrument_id\":115,\"quantity\":2},{\"instrument_id\":116,\"quantity\":1},{\"instrument_id\":125,\"quantity\":2},{\"instrument_id\":126,\"quantity\":1},{\"instrument_id\":127,\"quantity\":4}]'),
(241, 83, 87, 'set', 1, '[{\"instrument_id\":1895,\"quantity\":2},{\"instrument_id\":1900,\"quantity\":1},{\"instrument_id\":2004,\"quantity\":2},{\"instrument_id\":2052,\"quantity\":1},{\"instrument_id\":2058,\"quantity\":2},{\"instrument_id\":2059,\"quantity\":2},{\"instrument_id\":2101,\"quantity\":2},{\"instrument_id\":2153,\"quantity\":2},{\"instrument_id\":2158,\"quantity\":1},{\"instrument_id\":2185,\"quantity\":2},{\"instrument_id\":2190,\"quantity\":1},{\"instrument_id\":2245,\"quantity\":5},{\"instrument_id\":2273,\"quantity\":5},{\"instrument_id\":2281,\"quantity\":1},{\"instrument_id\":2358,\"quantity\":5},{\"instrument_id\":2419,\"quantity\":1},{\"instrument_id\":2443,\"quantity\":1},{\"instrument_id\":108,\"quantity\":2},{\"instrument_id\":109,\"quantity\":5},{\"instrument_id\":110,\"quantity\":1},{\"instrument_id\":115,\"quantity\":2},{\"instrument_id\":116,\"quantity\":1},{\"instrument_id\":125,\"quantity\":2},{\"instrument_id\":126,\"quantity\":1},{\"instrument_id\":127,\"quantity\":4}]'),
(242, 84, 87, 'set', 1, '[{\"instrument_id\":108,\"quantity\":2},{\"instrument_id\":109,\"quantity\":5},{\"instrument_id\":110,\"quantity\":1},{\"instrument_id\":115,\"quantity\":2},{\"instrument_id\":116,\"quantity\":1},{\"instrument_id\":125,\"quantity\":2},{\"instrument_id\":126,\"quantity\":1},{\"instrument_id\":127,\"quantity\":4},{\"instrument_id\":1895,\"quantity\":2},{\"instrument_id\":1900,\"quantity\":1},{\"instrument_id\":2004,\"quantity\":2},{\"instrument_id\":2052,\"quantity\":1},{\"instrument_id\":2058,\"quantity\":2},{\"instrument_id\":2059,\"quantity\":2},{\"instrument_id\":2101,\"quantity\":2},{\"instrument_id\":2153,\"quantity\":2},{\"instrument_id\":2158,\"quantity\":1},{\"instrument_id\":2185,\"quantity\":2},{\"instrument_id\":2190,\"quantity\":1},{\"instrument_id\":2245,\"quantity\":5},{\"instrument_id\":2273,\"quantity\":5},{\"instrument_id\":2281,\"quantity\":1},{\"instrument_id\":2358,\"quantity\":5},{\"instrument_id\":2419,\"quantity\":1},{\"instrument_id\":2443,\"quantity\":1}]'),
(243, 85, 106, 'set', 1, '[{\"instrument_id\":106,\"quantity\":1},{\"instrument_id\":109,\"quantity\":5},{\"instrument_id\":116,\"quantity\":1},{\"instrument_id\":125,\"quantity\":2},{\"instrument_id\":1896,\"quantity\":1},{\"instrument_id\":1897,\"quantity\":1},{\"instrument_id\":1905,\"quantity\":1},{\"instrument_id\":2005,\"quantity\":2},{\"instrument_id\":2006,\"quantity\":1},{\"instrument_id\":2044,\"quantity\":2},{\"instrument_id\":2058,\"quantity\":2},{\"instrument_id\":2059,\"quantity\":2},{\"instrument_id\":2087,\"quantity\":2},{\"instrument_id\":2107,\"quantity\":1},{\"instrument_id\":2116,\"quantity\":1},{\"instrument_id\":2117,\"quantity\":1},{\"instrument_id\":2120,\"quantity\":1},{\"instrument_id\":2122,\"quantity\":2},{\"instrument_id\":2123,\"quantity\":2},{\"instrument_id\":2251,\"quantity\":5},{\"instrument_id\":2255,\"quantity\":2},{\"instrument_id\":2281,\"quantity\":1},{\"instrument_id\":2299,\"quantity\":2},{\"instrument_id\":2348,\"quantity\":5},{\"instrument_id\":2349,\"quantity\":5},{\"instrument_id\":2359,\"quantity\":5},{\"instrument_id\":2379,\"quantity\":1},{\"instrument_id\":2443,\"quantity\":1}]'),
(244, 86, 106, 'set', 1, '[{\"instrument_id\":106,\"quantity\":1},{\"instrument_id\":109,\"quantity\":5},{\"instrument_id\":116,\"quantity\":1},{\"instrument_id\":125,\"quantity\":2},{\"instrument_id\":1896,\"quantity\":1},{\"instrument_id\":1897,\"quantity\":1},{\"instrument_id\":1905,\"quantity\":1},{\"instrument_id\":2005,\"quantity\":2},{\"instrument_id\":2006,\"quantity\":1},{\"instrument_id\":2044,\"quantity\":2},{\"instrument_id\":2058,\"quantity\":2},{\"instrument_id\":2059,\"quantity\":2},{\"instrument_id\":2087,\"quantity\":2},{\"instrument_id\":2107,\"quantity\":1},{\"instrument_id\":2116,\"quantity\":1},{\"instrument_id\":2117,\"quantity\":1},{\"instrument_id\":2120,\"quantity\":1},{\"instrument_id\":2122,\"quantity\":2},{\"instrument_id\":2123,\"quantity\":2},{\"instrument_id\":2251,\"quantity\":5},{\"instrument_id\":2255,\"quantity\":2},{\"instrument_id\":2281,\"quantity\":1},{\"instrument_id\":2299,\"quantity\":2},{\"instrument_id\":2348,\"quantity\":5},{\"instrument_id\":2349,\"quantity\":5},{\"instrument_id\":2359,\"quantity\":5},{\"instrument_id\":2379,\"quantity\":1},{\"instrument_id\":2443,\"quantity\":1}]'),
(245, 87, 106, 'set', 1, '[{\"instrument_id\":1897,\"quantity\":1},{\"instrument_id\":1905,\"quantity\":1},{\"instrument_id\":106,\"quantity\":1},{\"instrument_id\":2005,\"quantity\":2},{\"instrument_id\":2006,\"quantity\":1},{\"instrument_id\":2044,\"quantity\":2},{\"instrument_id\":2058,\"quantity\":2},{\"instrument_id\":2059,\"quantity\":2},{\"instrument_id\":109,\"quantity\":5},{\"instrument_id\":2087,\"quantity\":2},{\"instrument_id\":2107,\"quantity\":1},{\"instrument_id\":2116,\"quantity\":1},{\"instrument_id\":2117,\"quantity\":1},{\"instrument_id\":2120,\"quantity\":1},{\"instrument_id\":2122,\"quantity\":2},{\"instrument_id\":2123,\"quantity\":2},{\"instrument_id\":116,\"quantity\":1},{\"instrument_id\":2251,\"quantity\":5},{\"instrument_id\":2255,\"quantity\":2},{\"instrument_id\":2281,\"quantity\":1},{\"instrument_id\":2299,\"quantity\":2},{\"instrument_id\":125,\"quantity\":2},{\"instrument_id\":2348,\"quantity\":5},{\"instrument_id\":2349,\"quantity\":5},{\"instrument_id\":2359,\"quantity\":5},{\"instrument_id\":2379,\"quantity\":1},{\"instrument_id\":2443,\"quantity\":1}]'),
(246, 88, 119, 'set', 1, '[{\"instrument_id\":108,\"quantity\":2},{\"instrument_id\":109,\"quantity\":5},{\"instrument_id\":110,\"quantity\":1},{\"instrument_id\":116,\"quantity\":1},{\"instrument_id\":120,\"quantity\":1},{\"instrument_id\":122,\"quantity\":1},{\"instrument_id\":125,\"quantity\":2},{\"instrument_id\":126,\"quantity\":1},{\"instrument_id\":1895,\"quantity\":1},{\"instrument_id\":1915,\"quantity\":1},{\"instrument_id\":1943,\"quantity\":1},{\"instrument_id\":2004,\"quantity\":2},{\"instrument_id\":2087,\"quantity\":2},{\"instrument_id\":2113,\"quantity\":2},{\"instrument_id\":2148,\"quantity\":2},{\"instrument_id\":2238,\"quantity\":5},{\"instrument_id\":2248,\"quantity\":1},{\"instrument_id\":2271,\"quantity\":4},{\"instrument_id\":2278,\"quantity\":5},{\"instrument_id\":2291,\"quantity\":1},{\"instrument_id\":2329,\"quantity\":1},{\"instrument_id\":2351,\"quantity\":5},{\"instrument_id\":2355,\"quantity\":2},{\"instrument_id\":2358,\"quantity\":5},{\"instrument_id\":2404,\"quantity\":1},{\"instrument_id\":2415,\"quantity\":5},{\"instrument_id\":2491,\"quantity\":1},{\"instrument_id\":2503,\"quantity\":1},{\"instrument_id\":2541,\"quantity\":1}]'),
(247, 89, 125, 'set', 1, '[{\"instrument_id\":104,\"quantity\":1},{\"instrument_id\":106,\"quantity\":1},{\"instrument_id\":108,\"quantity\":1},{\"instrument_id\":109,\"quantity\":4},{\"instrument_id\":110,\"quantity\":1},{\"instrument_id\":116,\"quantity\":2},{\"instrument_id\":125,\"quantity\":2},{\"instrument_id\":130,\"quantity\":1},{\"instrument_id\":134,\"quantity\":1},{\"instrument_id\":1895,\"quantity\":2},{\"instrument_id\":1905,\"quantity\":1},{\"instrument_id\":2033,\"quantity\":4},{\"instrument_id\":2101,\"quantity\":2},{\"instrument_id\":2153,\"quantity\":2},{\"instrument_id\":2155,\"quantity\":2},{\"instrument_id\":2236,\"quantity\":2},{\"instrument_id\":2242,\"quantity\":2},{\"instrument_id\":2268,\"quantity\":2},{\"instrument_id\":2273,\"quantity\":1},{\"instrument_id\":2368,\"quantity\":2},{\"instrument_id\":2379,\"quantity\":1},{\"instrument_id\":2400,\"quantity\":1},{\"instrument_id\":2402,\"quantity\":2},{\"instrument_id\":2509,\"quantity\":2},{\"instrument_id\":2558,\"quantity\":1}]'),
(248, 90, 136, 'set', 1, '[{\"instrument_id\":108,\"quantity\":1},{\"instrument_id\":109,\"quantity\":5},{\"instrument_id\":110,\"quantity\":1},{\"instrument_id\":116,\"quantity\":2},{\"instrument_id\":125,\"quantity\":1},{\"instrument_id\":2007,\"quantity\":1},{\"instrument_id\":2097,\"quantity\":1},{\"instrument_id\":2099,\"quantity\":1},{\"instrument_id\":2101,\"quantity\":2},{\"instrument_id\":2212,\"quantity\":3},{\"instrument_id\":2273,\"quantity\":2},{\"instrument_id\":2291,\"quantity\":2},{\"instrument_id\":2352,\"quantity\":1},{\"instrument_id\":2368,\"quantity\":2},{\"instrument_id\":2374,\"quantity\":1},{\"instrument_id\":2375,\"quantity\":1},{\"instrument_id\":2376,\"quantity\":1},{\"instrument_id\":2378,\"quantity\":1},{\"instrument_id\":2410,\"quantity\":1},{\"instrument_id\":2415,\"quantity\":1},{\"instrument_id\":2452,\"quantity\":1},{\"instrument_id\":2503,\"quantity\":1}]'),
(249, 91, 136, 'set', 1, '[{\"instrument_id\":108,\"quantity\":1},{\"instrument_id\":109,\"quantity\":5},{\"instrument_id\":110,\"quantity\":1},{\"instrument_id\":116,\"quantity\":2},{\"instrument_id\":125,\"quantity\":1},{\"instrument_id\":2007,\"quantity\":1},{\"instrument_id\":2097,\"quantity\":1},{\"instrument_id\":2099,\"quantity\":1},{\"instrument_id\":2101,\"quantity\":2},{\"instrument_id\":2212,\"quantity\":3},{\"instrument_id\":2273,\"quantity\":2},{\"instrument_id\":2291,\"quantity\":2},{\"instrument_id\":2352,\"quantity\":1},{\"instrument_id\":2368,\"quantity\":2},{\"instrument_id\":2374,\"quantity\":1},{\"instrument_id\":2375,\"quantity\":1},{\"instrument_id\":2376,\"quantity\":1},{\"instrument_id\":2378,\"quantity\":1},{\"instrument_id\":2410,\"quantity\":1},{\"instrument_id\":2415,\"quantity\":1},{\"instrument_id\":2452,\"quantity\":1},{\"instrument_id\":2503,\"quantity\":1}]'),
(250, 92, 109, 'set', 1, '[{\"instrument_id\":106,\"quantity\":1},{\"instrument_id\":108,\"quantity\":2},{\"instrument_id\":109,\"quantity\":5},{\"instrument_id\":110,\"quantity\":1},{\"instrument_id\":116,\"quantity\":1},{\"instrument_id\":122,\"quantity\":1},{\"instrument_id\":125,\"quantity\":2},{\"instrument_id\":126,\"quantity\":1},{\"instrument_id\":1895,\"quantity\":2},{\"instrument_id\":2004,\"quantity\":2},{\"instrument_id\":2043,\"quantity\":1},{\"instrument_id\":2053,\"quantity\":1},{\"instrument_id\":2058,\"quantity\":2},{\"instrument_id\":2059,\"quantity\":2},{\"instrument_id\":2087,\"quantity\":2},{\"instrument_id\":2115,\"quantity\":1},{\"instrument_id\":2116,\"quantity\":1},{\"instrument_id\":2227,\"quantity\":1},{\"instrument_id\":2244,\"quantity\":5},{\"instrument_id\":2245,\"quantity\":5},{\"instrument_id\":2256,\"quantity\":1},{\"instrument_id\":2273,\"quantity\":5},{\"instrument_id\":2287,\"quantity\":2},{\"instrument_id\":2290,\"quantity\":2},{\"instrument_id\":2359,\"quantity\":5},{\"instrument_id\":2491,\"quantity\":1},{\"instrument_id\":2541,\"quantity\":1},{\"instrument_id\":2548,\"quantity\":5}]');

-- --------------------------------------------------------

--
-- Table structure for table `sterilization_records`
--

CREATE TABLE `sterilization_records` (
  `record_id` int(11) NOT NULL,
  `label_unique_id` varchar(50) NOT NULL,
  `item_id` int(11) NOT NULL,
  `cycle_id` int(11) DEFAULT NULL,
  `load_id` int(11) DEFAULT NULL,
  `destination_department_id` int(11) DEFAULT NULL,
  `load_item_id` int(11) DEFAULT NULL,
  `item_type` enum('instrument','set') NOT NULL,
  `label_title` varchar(255) NOT NULL,
  `created_by_user_id` int(11) DEFAULT NULL,
  `created_at` timestamp NULL DEFAULT current_timestamp(),
  `expiry_date` timestamp NULL DEFAULT NULL,
  `status` varchar(25) NOT NULL,
  `used_at` timestamp NULL DEFAULT NULL COMMENT 'Tanggal dan waktu label ditandai sebagai digunakan',
  `validated_by_user_id` int(11) DEFAULT NULL COMMENT 'ID pengguna yang melakukan validasi (mengubah status dari pending_validation ke active)',
  `validated_at` timestamp NULL DEFAULT NULL COMMENT 'Tanggal dan waktu label divalidasi dan diaktifkan',
  `notes` text DEFAULT NULL,
  `label_items_snapshot` text DEFAULT NULL COMMENT 'JSON snapshot dari item dan kuantitas untuk label ini jika item_type adalah set',
  `print_status` varchar(20) NOT NULL DEFAULT 'pending' COMMENT 'pending, printed',
  `action_ip_address` varchar(45) DEFAULT NULL COMMENT 'IP address from public action',
  `action_user_agent` text DEFAULT NULL COMMENT 'User agent details from public action',
  `usage_proof_filename` varchar(255) DEFAULT NULL,
  `issue_proof_filename` varchar(255) DEFAULT NULL,
  `print_count` int(11) NOT NULL DEFAULT 0 COMMENT 'Menghitung berapa kali label dicetak'
) ENGINE=InnoDB DEFAULT CHARSET=utf8mb4 COLLATE=utf8mb4_general_ci COMMENT='Judul atau nama deskriptif untuk label ini, diberikan oleh pengguna.';

--
-- Dumping data for table `sterilization_records`
--

INSERT INTO `sterilization_records` (`record_id`, `label_unique_id`, `item_id`, `cycle_id`, `load_id`, `destination_department_id`, `load_item_id`, `item_type`, `label_title`, `created_by_user_id`, `created_at`, `expiry_date`, `status`, `used_at`, `validated_by_user_id`, `validated_at`, `notes`, `label_items_snapshot`, `print_status`, `action_ip_address`, `action_user_agent`, `usage_proof_filename`, `issue_proof_filename`, `print_count`) VALUES
(292, '37DFCC5F', 83, 53, 73, 11, 233, 'set', 'Set Jas Operasi', 1, '2025-08-11 03:31:32', '2025-08-18 03:31:32', 'used', '2025-08-11 05:09:45', NULL, NULL, 'USED: 11-08-2025 12:09 - Oleh: Ratna\n-----------------\n', '[{\"instrument_id\":138,\"quantity\":3},{\"instrument_id\":139,\"quantity\":3}]', 'printed', '114.125.102.202', 'Mozilla/5.0 (iPhone; CPU iPhone OS 18_5 like Mac OS X) AppleWebKit/605.1.15 (KHTML, like Gecko) Version/18.5 Mobile/15E148 Safari/604.1', NULL, NULL, 1),
(293, '07DC57E9', 81, 54, 75, 11, 234, 'set', 'SET ORTHO BESAR 1 RIGID', 1, '2025-08-12 03:36:49', '2026-08-07 03:36:49', 'used', '2025-08-12 03:52:56', NULL, NULL, 'USED: 12-08-2025 10:52 - Oleh: Ilfa , tn sarbani , Roi hunerus\n-----------------\n', '[{\"instrument_id\":104,\"quantity\":1},{\"instrument_id\":106,\"quantity\":1},{\"instrument_id\":107,\"quantity\":3},{\"instrument_id\":108,\"quantity\":2},{\"instrument_id\":109,\"quantity\":6},{\"instrument_id\":103,\"quantity\":1},{\"instrument_id\":110,\"quantity\":1},{\"instrument_id\":111,\"quantity\":2},{\"instrument_id\":113,\"quantity\":2},{\"instrument_id\":115,\"quantity\":2},{\"instrument_id\":117,\"quantity\":1},{\"instrument_id\":118,\"quantity\":2},{\"instrument_id\":119,\"quantity\":1},{\"instrument_id\":121,\"quantity\":1},{\"instrument_id\":122,\"quantity\":1},{\"instrument_id\":123,\"quantity\":4},{\"instrument_id\":124,\"quantity\":1},{\"instrument_id\":125,\"quantity\":1},{\"instrument_id\":126,\"quantity\":1},{\"instrument_id\":127,\"quantity\":4},{\"instrument_id\":128,\"quantity\":2},{\"instrument_id\":129,\"quantity\":2},{\"instrument_id\":130,\"quantity\":1},{\"instrument_id\":132,\"quantity\":3},{\"instrument_id\":133,\"quantity\":1},{\"instrument_id\":134,\"quantity\":1},{\"instrument_id\":136,\"quantity\":4}]', 'printed', '36.73.208.139', 'Mozilla/5.0 (Linux; U; Android 11; in-id; CPH2001 Build/RP1A.200720.011) AppleWebKit/537.36 (KHTML, like Gecko) Chrome/125.0.6422.72 Mobile Safari/537.36 HeyTapBrowser/45.12.8.1', NULL, NULL, 1),
(294, '63E0C295', 83, 55, 76, 11, 235, 'set', 'Set Jas Operasi', 1, '2025-08-20 02:36:58', '2025-08-27 02:36:58', 'expired', NULL, NULL, NULL, NULL, '[{\"instrument_id\":138,\"quantity\":3},{\"instrument_id\":139,\"quantity\":3}]', 'printed', NULL, NULL, NULL, NULL, 1),
(295, 'E01556BA', 87, 56, 79, 12, 237, 'set', 'Set Bedah Anak 1 IBS LT 2', 1, '2025-08-25 01:44:10', '2025-09-01 01:44:10', 'recalled', NULL, NULL, NULL, 'RECALLED (public): 29-08-2025 13:04 - Anatomi pinset tidak ada\n-----------------\n', '[{\"instrument_id\":1895,\"quantity\":2},{\"instrument_id\":1900,\"quantity\":1},{\"instrument_id\":2004,\"quantity\":2},{\"instrument_id\":2052,\"quantity\":1},{\"instrument_id\":2058,\"quantity\":2},{\"instrument_id\":2059,\"quantity\":2},{\"instrument_id\":2101,\"quantity\":2},{\"instrument_id\":2153,\"quantity\":2},{\"instrument_id\":2158,\"quantity\":1},{\"instrument_id\":2185,\"quantity\":2},{\"instrument_id\":2190,\"quantity\":1},{\"instrument_id\":2245,\"quantity\":5},{\"instrument_id\":2273,\"quantity\":5},{\"instrument_id\":2281,\"quantity\":1},{\"instrument_id\":2358,\"quantity\":5},{\"instrument_id\":2419,\"quantity\":1},{\"instrument_id\":2443,\"quantity\":1},{\"instrument_id\":108,\"quantity\":2},{\"instrument_id\":109,\"quantity\":5},{\"instrument_id\":110,\"quantity\":1},{\"instrument_id\":115,\"quantity\":2},{\"instrument_id\":116,\"quantity\":1},{\"instrument_id\":125,\"quantity\":2},{\"instrument_id\":126,\"quantity\":1},{\"instrument_id\":127,\"quantity\":4}]', 'printed', '114.10.152.234', 'Mozilla/5.0 (X11; Linux x86_64) AppleWebKit/537.36 (KHTML, like Gecko) Chrome/139.0.0.0 Safari/537.36', NULL, NULL, 2),
(296, '52B48ECA', 88, 57, 81, 12, 239, 'set', 'Set Bedah Anak 2 IBS LT 2', 1, '2025-08-25 02:45:25', '2025-09-01 02:45:25', 'recalled', NULL, NULL, NULL, 'RECALLED (public): 25-08-2025 10:03 - Retur, kadaluarsa\n-----------------\n', '[{\"instrument_id\":1895,\"quantity\":2},{\"instrument_id\":1900,\"quantity\":1},{\"instrument_id\":2004,\"quantity\":2},{\"instrument_id\":2036,\"quantity\":1},{\"instrument_id\":2058,\"quantity\":2},{\"instrument_id\":2059,\"quantity\":2},{\"instrument_id\":2101,\"quantity\":2},{\"instrument_id\":2126,\"quantity\":2},{\"instrument_id\":2185,\"quantity\":2},{\"instrument_id\":2190,\"quantity\":2},{\"instrument_id\":2245,\"quantity\":5},{\"instrument_id\":2273,\"quantity\":4},{\"instrument_id\":2281,\"quantity\":1},{\"instrument_id\":2358,\"quantity\":5},{\"instrument_id\":2419,\"quantity\":1},{\"instrument_id\":2443,\"quantity\":1},{\"instrument_id\":2452,\"quantity\":1},{\"instrument_id\":108,\"quantity\":2},{\"instrument_id\":109,\"quantity\":5},{\"instrument_id\":110,\"quantity\":2},{\"instrument_id\":116,\"quantity\":1},{\"instrument_id\":120,\"quantity\":1},{\"instrument_id\":125,\"quantity\":2},{\"instrument_id\":126,\"quantity\":1},{\"instrument_id\":127,\"quantity\":5}]', 'printed', '182.6.82.44', 'Mozilla/5.0 (Linux; Android 10; K) AppleWebKit/537.36 (KHTML, like Gecko) SamsungBrowser/28.0 Chrome/130.0.0.0 Mobile Safari/537.36', NULL, NULL, 2),
(297, 'E31B4423', 106, 58, 87, 12, 245, 'set', 'Bedah Anak IBS LT 2', 1, '2025-08-29 06:01:10', '2025-09-05 06:01:10', 'expired', NULL, NULL, NULL, NULL, '[{\"instrument_id\":1897,\"quantity\":1},{\"instrument_id\":1905,\"quantity\":1},{\"instrument_id\":106,\"quantity\":1},{\"instrument_id\":2005,\"quantity\":2},{\"instrument_id\":2006,\"quantity\":1},{\"instrument_id\":2044,\"quantity\":2},{\"instrument_id\":2058,\"quantity\":2},{\"instrument_id\":2059,\"quantity\":2},{\"instrument_id\":109,\"quantity\":5},{\"instrument_id\":2087,\"quantity\":2},{\"instrument_id\":2107,\"quantity\":1},{\"instrument_id\":2116,\"quantity\":1},{\"instrument_id\":2117,\"quantity\":1},{\"instrument_id\":2120,\"quantity\":1},{\"instrument_id\":2122,\"quantity\":2},{\"instrument_id\":2123,\"quantity\":2},{\"instrument_id\":116,\"quantity\":1},{\"instrument_id\":2251,\"quantity\":5},{\"instrument_id\":2255,\"quantity\":2},{\"instrument_id\":2281,\"quantity\":1},{\"instrument_id\":2299,\"quantity\":2},{\"instrument_id\":125,\"quantity\":2},{\"instrument_id\":2348,\"quantity\":5},{\"instrument_id\":2349,\"quantity\":5},{\"instrument_id\":2359,\"quantity\":5},{\"instrument_id\":2379,\"quantity\":1},{\"instrument_id\":2443,\"quantity\":1}]', 'printed', NULL, NULL, NULL, NULL, 1),
(298, 'BFE892B3', 119, 59, 88, 12, 246, 'set', 'Obsgyn 4 (EMG) IBS LT 2', 1, '2025-09-01 01:49:29', '2025-09-08 01:49:29', 'active', NULL, NULL, NULL, NULL, '[{\"instrument_id\":108,\"quantity\":2},{\"instrument_id\":109,\"quantity\":5},{\"instrument_id\":110,\"quantity\":1},{\"instrument_id\":116,\"quantity\":1},{\"instrument_id\":120,\"quantity\":1},{\"instrument_id\":122,\"quantity\":1},{\"instrument_id\":125,\"quantity\":2},{\"instrument_id\":126,\"quantity\":1},{\"instrument_id\":1895,\"quantity\":1},{\"instrument_id\":1915,\"quantity\":1},{\"instrument_id\":1943,\"quantity\":1},{\"instrument_id\":2004,\"quantity\":2},{\"instrument_id\":2087,\"quantity\":2},{\"instrument_id\":2113,\"quantity\":2},{\"instrument_id\":2148,\"quantity\":2},{\"instrument_id\":2238,\"quantity\":5},{\"instrument_id\":2248,\"quantity\":1},{\"instrument_id\":2271,\"quantity\":4},{\"instrument_id\":2278,\"quantity\":5},{\"instrument_id\":2291,\"quantity\":1},{\"instrument_id\":2329,\"quantity\":1},{\"instrument_id\":2351,\"quantity\":5},{\"instrument_id\":2355,\"quantity\":2},{\"instrument_id\":2358,\"quantity\":5},{\"instrument_id\":2404,\"quantity\":1},{\"instrument_id\":2415,\"quantity\":5},{\"instrument_id\":2491,\"quantity\":1},{\"instrument_id\":2503,\"quantity\":1},{\"instrument_id\":2541,\"quantity\":1}]', 'printed', NULL, NULL, NULL, NULL, 1),
(299, '3EEB84C3', 136, 60, 90, 12, 248, 'set', 'Arthoscopy Basic Set 1 IBS LT 7', 1, '2025-09-01 07:12:15', '2025-09-08 07:12:15', 'voided', NULL, NULL, NULL, 'LABEL DIBATALKAN (03-09-2025 09:34 oleh Administrator): Tidak jadi disterilkan\n-----------------\n', '[{\"instrument_id\":108,\"quantity\":1},{\"instrument_id\":109,\"quantity\":5},{\"instrument_id\":110,\"quantity\":1},{\"instrument_id\":116,\"quantity\":2},{\"instrument_id\":125,\"quantity\":1},{\"instrument_id\":2007,\"quantity\":1},{\"instrument_id\":2097,\"quantity\":1},{\"instrument_id\":2099,\"quantity\":1},{\"instrument_id\":2101,\"quantity\":2},{\"instrument_id\":2212,\"quantity\":3},{\"instrument_id\":2273,\"quantity\":2},{\"instrument_id\":2291,\"quantity\":2},{\"instrument_id\":2352,\"quantity\":1},{\"instrument_id\":2368,\"quantity\":2},{\"instrument_id\":2374,\"quantity\":1},{\"instrument_id\":2375,\"quantity\":1},{\"instrument_id\":2376,\"quantity\":1},{\"instrument_id\":2378,\"quantity\":1},{\"instrument_id\":2410,\"quantity\":1},{\"instrument_id\":2415,\"quantity\":1},{\"instrument_id\":2452,\"quantity\":1},{\"instrument_id\":2503,\"quantity\":1}]', 'printed', NULL, NULL, NULL, NULL, 2),
(300, 'B97F00F7', 109, 61, 92, 12, 250, 'set', 'Set Bedah Anak 2 IBS LT 2', 1, '2025-09-03 06:12:21', '2025-09-10 06:12:21', 'active', NULL, NULL, NULL, NULL, '[{\"instrument_id\":106,\"quantity\":1},{\"instrument_id\":108,\"quantity\":2},{\"instrument_id\":109,\"quantity\":5},{\"instrument_id\":110,\"quantity\":1},{\"instrument_id\":116,\"quantity\":1},{\"instrument_id\":122,\"quantity\":1},{\"instrument_id\":125,\"quantity\":2},{\"instrument_id\":126,\"quantity\":1},{\"instrument_id\":1895,\"quantity\":2},{\"instrument_id\":2004,\"quantity\":2},{\"instrument_id\":2043,\"quantity\":1},{\"instrument_id\":2053,\"quantity\":1},{\"instrument_id\":2058,\"quantity\":2},{\"instrument_id\":2059,\"quantity\":2},{\"instrument_id\":2087,\"quantity\":2},{\"instrument_id\":2115,\"quantity\":1},{\"instrument_id\":2116,\"quantity\":1},{\"instrument_id\":2227,\"quantity\":1},{\"instrument_id\":2244,\"quantity\":5},{\"instrument_id\":2245,\"quantity\":5},{\"instrument_id\":2256,\"quantity\":1},{\"instrument_id\":2273,\"quantity\":5},{\"instrument_id\":2287,\"quantity\":2},{\"instrument_id\":2290,\"quantity\":2},{\"instrument_id\":2359,\"quantity\":5},{\"instrument_id\":2491,\"quantity\":1},{\"instrument_id\":2541,\"quantity\":1},{\"instrument_id\":2548,\"quantity\":5}]', 'printed', NULL, NULL, NULL, NULL, 1);

-- --------------------------------------------------------

--
-- Table structure for table `users`
--

CREATE TABLE `users` (
  `user_id` int(11) NOT NULL,
  `username` varchar(50) NOT NULL,
  `email` varchar(100) DEFAULT NULL,
  `password_hash` varchar(255) NOT NULL,
  `full_name` varchar(100) DEFAULT NULL,
  `role` enum('admin','staff','supervisor') NOT NULL DEFAULT 'staff',
  `created_at` timestamp NULL DEFAULT current_timestamp()
) ENGINE=InnoDB DEFAULT CHARSET=utf8mb4 COLLATE=utf8mb4_general_ci;

--
-- Dumping data for table `users`
--

INSERT INTO `users` (`user_id`, `username`, `email`, `password_hash`, `full_name`, `role`, `created_at`) VALUES
(1, 'admin', NULL, '$2y$10$Lz6oPEt0sw95yFnVm6YY7ucuYsbjZcTzIaLgvnQfaKRM2NRT/APp.', 'Administrator', 'admin', '2025-05-29 09:08:25');

-- --------------------------------------------------------

--
-- Table structure for table `user_notifications`
--

CREATE TABLE `user_notifications` (
  `notification_id` int(11) NOT NULL,
  `user_id` int(11) NOT NULL COMMENT 'ID pengguna penerima notifikasi',
  `icon` varchar(50) DEFAULT 'campaign',
  `title` varchar(255) NOT NULL,
  `message` text NOT NULL,
  `link` varchar(255) DEFAULT NULL,
  `is_read` tinyint(1) NOT NULL DEFAULT 0,
  `created_at` timestamp NOT NULL DEFAULT current_timestamp()
) ENGINE=InnoDB DEFAULT CHARSET=utf8mb4 COLLATE=utf8mb4_general_ci;

--
-- Indexes for dumped tables
--

--
-- Indexes for table `activity_log`
--
ALTER TABLE `activity_log`
  ADD PRIMARY KEY (`log_id`),
  ADD KEY `idx_user_id` (`user_id`),
  ADD KEY `idx_action_type` (`action_type`),
  ADD KEY `idx_target` (`target_type`,`target_id`);

--
-- Indexes for table `app_settings`
--
ALTER TABLE `app_settings`
  ADD PRIMARY KEY (`setting_name`);

--
-- Indexes for table `departments`
--
ALTER TABLE `departments`
  ADD PRIMARY KEY (`department_id`),
  ADD UNIQUE KEY `department_name_unique` (`department_name`);

--
-- Indexes for table `instruments`
--
ALTER TABLE `instruments`
  ADD PRIMARY KEY (`instrument_id`),
  ADD UNIQUE KEY `instrument_code` (`instrument_code`),
  ADD KEY `created_by_user_id` (`created_by_user_id`),
  ADD KEY `fk_instrument_type` (`instrument_type_id`),
  ADD KEY `fk_instrument_department` (`department_id`);

--
-- Indexes for table `instrument_history`
--
ALTER TABLE `instrument_history`
  ADD PRIMARY KEY (`history_id`),
  ADD KEY `fk_history_instrument` (`instrument_id`),
  ADD KEY `fk_history_user` (`user_id`);

--
-- Indexes for table `instrument_sets`
--
ALTER TABLE `instrument_sets`
  ADD PRIMARY KEY (`set_id`),
  ADD UNIQUE KEY `set_code` (`set_code`),
  ADD KEY `created_by_user_id` (`created_by_user_id`);

--
-- Indexes for table `instrument_set_items`
--
ALTER TABLE `instrument_set_items`
  ADD PRIMARY KEY (`set_item_id`),
  ADD UNIQUE KEY `unique_set_instrument` (`set_id`,`instrument_id`),
  ADD KEY `instrument_id` (`instrument_id`);

--
-- Indexes for table `instrument_types`
--
ALTER TABLE `instrument_types`
  ADD PRIMARY KEY (`type_id`),
  ADD UNIQUE KEY `type_name_unique` (`type_name`);

--
-- Indexes for table `machines`
--
ALTER TABLE `machines`
  ADD PRIMARY KEY (`machine_id`),
  ADD UNIQUE KEY `machine_code_unique` (`machine_code`);

--
-- Indexes for table `print_queue`
--
ALTER TABLE `print_queue`
  ADD PRIMARY KEY (`queue_id`),
  ADD UNIQUE KEY `unique_record_id` (`record_id`),
  ADD KEY `fk_queue_to_record` (`record_id`),
  ADD KEY `fk_queue_to_load` (`load_id`);

--
-- Indexes for table `sterilization_cycles`
--
ALTER TABLE `sterilization_cycles`
  ADD PRIMARY KEY (`cycle_id`),
  ADD UNIQUE KEY `cycle_number_unique` (`cycle_number`),
  ADD KEY `fk_cycle_operator` (`operator_user_id`);

--
-- Indexes for table `sterilization_loads`
--
ALTER TABLE `sterilization_loads`
  ADD PRIMARY KEY (`load_id`),
  ADD KEY `fk_load_user` (`created_by_user_id`),
  ADD KEY `fk_load_cycle` (`cycle_id`),
  ADD KEY `fk_load_to_machine` (`machine_id`),
  ADD KEY `fk_load_to_department` (`destination_department_id`);

--
-- Indexes for table `sterilization_load_items`
--
ALTER TABLE `sterilization_load_items`
  ADD PRIMARY KEY (`load_item_id`),
  ADD KEY `fk_item_to_load` (`load_id`);

--
-- Indexes for table `sterilization_records`
--
ALTER TABLE `sterilization_records`
  ADD PRIMARY KEY (`record_id`),
  ADD UNIQUE KEY `label_unique_id` (`label_unique_id`),
  ADD KEY `created_by_user_id` (`created_by_user_id`),
  ADD KEY `idx_item_id_type` (`item_id`,`item_type`),
  ADD KEY `idx_status` (`status`),
  ADD KEY `idx_expiry_date` (`expiry_date`),
  ADD KEY `fk_validated_by` (`validated_by_user_id`),
  ADD KEY `fk_record_to_cycle` (`cycle_id`),
  ADD KEY `fk_label_destination_dept` (`destination_department_id`),
  ADD KEY `fk_record_to_load` (`load_id`),
  ADD KEY `fk_record_to_load_item` (`load_item_id`);

--
-- Indexes for table `users`
--
ALTER TABLE `users`
  ADD PRIMARY KEY (`user_id`),
  ADD UNIQUE KEY `username` (`username`),
  ADD UNIQUE KEY `email` (`email`);

--
-- Indexes for table `user_notifications`
--
ALTER TABLE `user_notifications`
  ADD PRIMARY KEY (`notification_id`),
  ADD KEY `idx_user_read_status` (`user_id`,`is_read`);

--
-- AUTO_INCREMENT for dumped tables
--

--
-- AUTO_INCREMENT for table `activity_log`
--
ALTER TABLE `activity_log`
  MODIFY `log_id` int(11) NOT NULL AUTO_INCREMENT, AUTO_INCREMENT=972;

--
-- AUTO_INCREMENT for table `departments`
--
ALTER TABLE `departments`
  MODIFY `department_id` int(11) NOT NULL AUTO_INCREMENT, AUTO_INCREMENT=49;

--
-- AUTO_INCREMENT for table `instruments`
--
ALTER TABLE `instruments`
  MODIFY `instrument_id` int(11) NOT NULL AUTO_INCREMENT, AUTO_INCREMENT=2571;

--
-- AUTO_INCREMENT for table `instrument_history`
--
ALTER TABLE `instrument_history`
  MODIFY `history_id` int(11) NOT NULL AUTO_INCREMENT, AUTO_INCREMENT=14;

--
-- AUTO_INCREMENT for table `instrument_sets`
--
ALTER TABLE `instrument_sets`
  MODIFY `set_id` int(11) NOT NULL AUTO_INCREMENT, AUTO_INCREMENT=190;

--
-- AUTO_INCREMENT for table `instrument_set_items`
--
ALTER TABLE `instrument_set_items`
  MODIFY `set_item_id` int(11) NOT NULL AUTO_INCREMENT, AUTO_INCREMENT=5650;

--
-- AUTO_INCREMENT for table `instrument_types`
--
ALTER TABLE `instrument_types`
  MODIFY `type_id` int(11) NOT NULL AUTO_INCREMENT, AUTO_INCREMENT=18;

--
-- AUTO_INCREMENT for table `machines`
--
ALTER TABLE `machines`
  MODIFY `machine_id` int(11) NOT NULL AUTO_INCREMENT, AUTO_INCREMENT=12;

--
-- AUTO_INCREMENT for table `print_queue`
--
ALTER TABLE `print_queue`
  MODIFY `queue_id` int(11) NOT NULL AUTO_INCREMENT, AUTO_INCREMENT=298;

--
-- AUTO_INCREMENT for table `sterilization_cycles`
--
ALTER TABLE `sterilization_cycles`
  MODIFY `cycle_id` int(11) NOT NULL AUTO_INCREMENT, AUTO_INCREMENT=62;

--
-- AUTO_INCREMENT for table `sterilization_loads`
--
ALTER TABLE `sterilization_loads`
  MODIFY `load_id` int(11) NOT NULL AUTO_INCREMENT, AUTO_INCREMENT=97;

--
-- AUTO_INCREMENT for table `sterilization_load_items`
--
ALTER TABLE `sterilization_load_items`
  MODIFY `load_item_id` int(11) NOT NULL AUTO_INCREMENT, AUTO_INCREMENT=251;

--
-- AUTO_INCREMENT for table `sterilization_records`
--
ALTER TABLE `sterilization_records`
  MODIFY `record_id` int(11) NOT NULL AUTO_INCREMENT, AUTO_INCREMENT=301;

--
-- AUTO_INCREMENT for table `users`
--
ALTER TABLE `users`
  MODIFY `user_id` int(11) NOT NULL AUTO_INCREMENT, AUTO_INCREMENT=10;

--
-- AUTO_INCREMENT for table `user_notifications`
--
ALTER TABLE `user_notifications`
  MODIFY `notification_id` int(11) NOT NULL AUTO_INCREMENT, AUTO_INCREMENT=24;

--
-- Constraints for dumped tables
--

--
-- Constraints for table `instruments`
--
ALTER TABLE `instruments`
  ADD CONSTRAINT `fk_instrument_department` FOREIGN KEY (`department_id`) REFERENCES `departments` (`department_id`) ON UPDATE CASCADE,
  ADD CONSTRAINT `fk_instrument_type` FOREIGN KEY (`instrument_type_id`) REFERENCES `instrument_types` (`type_id`) ON DELETE SET NULL ON UPDATE CASCADE,
  ADD CONSTRAINT `instruments_ibfk_1` FOREIGN KEY (`created_by_user_id`) REFERENCES `users` (`user_id`) ON DELETE SET NULL;

--
-- Constraints for table `instrument_history`
--
ALTER TABLE `instrument_history`
  ADD CONSTRAINT `fk_history_instrument` FOREIGN KEY (`instrument_id`) REFERENCES `instruments` (`instrument_id`) ON DELETE CASCADE ON UPDATE CASCADE,
  ADD CONSTRAINT `fk_history_user` FOREIGN KEY (`user_id`) REFERENCES `users` (`user_id`) ON DELETE SET NULL ON UPDATE CASCADE;

--
-- Constraints for table `instrument_sets`
--
ALTER TABLE `instrument_sets`
  ADD CONSTRAINT `instrument_sets_ibfk_1` FOREIGN KEY (`created_by_user_id`) REFERENCES `users` (`user_id`) ON DELETE SET NULL;

--
-- Constraints for table `instrument_set_items`
--
ALTER TABLE `instrument_set_items`
  ADD CONSTRAINT `instrument_set_items_ibfk_1` FOREIGN KEY (`set_id`) REFERENCES `instrument_sets` (`set_id`) ON DELETE CASCADE,
  ADD CONSTRAINT `instrument_set_items_ibfk_2` FOREIGN KEY (`instrument_id`) REFERENCES `instruments` (`instrument_id`) ON DELETE CASCADE;

--
-- Constraints for table `print_queue`
--
ALTER TABLE `print_queue`
  ADD CONSTRAINT `fk_queue_to_load` FOREIGN KEY (`load_id`) REFERENCES `sterilization_loads` (`load_id`) ON DELETE CASCADE,
  ADD CONSTRAINT `fk_queue_to_record` FOREIGN KEY (`record_id`) REFERENCES `sterilization_records` (`record_id`) ON DELETE CASCADE;

--
-- Constraints for table `sterilization_cycles`
--
ALTER TABLE `sterilization_cycles`
  ADD CONSTRAINT `fk_cycle_operator` FOREIGN KEY (`operator_user_id`) REFERENCES `users` (`user_id`) ON DELETE SET NULL ON UPDATE CASCADE;

--
-- Constraints for table `sterilization_loads`
--
ALTER TABLE `sterilization_loads`
  ADD CONSTRAINT `fk_load_cycle` FOREIGN KEY (`cycle_id`) REFERENCES `sterilization_cycles` (`cycle_id`) ON DELETE SET NULL,
  ADD CONSTRAINT `fk_load_to_department` FOREIGN KEY (`destination_department_id`) REFERENCES `departments` (`department_id`) ON DELETE SET NULL ON UPDATE CASCADE,
  ADD CONSTRAINT `fk_load_to_machine` FOREIGN KEY (`machine_id`) REFERENCES `machines` (`machine_id`) ON DELETE SET NULL,
  ADD CONSTRAINT `fk_load_user` FOREIGN KEY (`created_by_user_id`) REFERENCES `users` (`user_id`) ON DELETE SET NULL;

--
-- Constraints for table `sterilization_load_items`
--
ALTER TABLE `sterilization_load_items`
  ADD CONSTRAINT `fk_item_to_load` FOREIGN KEY (`load_id`) REFERENCES `sterilization_loads` (`load_id`) ON DELETE CASCADE;

--
-- Constraints for table `sterilization_records`
--
ALTER TABLE `sterilization_records`
  ADD CONSTRAINT `fk_label_destination_dept` FOREIGN KEY (`destination_department_id`) REFERENCES `departments` (`department_id`) ON DELETE SET NULL,
  ADD CONSTRAINT `fk_record_to_cycle` FOREIGN KEY (`cycle_id`) REFERENCES `sterilization_cycles` (`cycle_id`) ON DELETE SET NULL ON UPDATE CASCADE,
  ADD CONSTRAINT `fk_record_to_load` FOREIGN KEY (`load_id`) REFERENCES `sterilization_loads` (`load_id`) ON DELETE SET NULL,
  ADD CONSTRAINT `fk_validated_by` FOREIGN KEY (`validated_by_user_id`) REFERENCES `users` (`user_id`) ON DELETE SET NULL ON UPDATE CASCADE,
  ADD CONSTRAINT `sterilization_records_ibfk_1` FOREIGN KEY (`created_by_user_id`) REFERENCES `users` (`user_id`) ON DELETE SET NULL;
COMMIT;

/*!40101 SET CHARACTER_SET_CLIENT=@OLD_CHARACTER_SET_CLIENT */;
/*!40101 SET CHARACTER_SET_RESULTS=@OLD_CHARACTER_SET_RESULTS */;
/*!40101 SET COLLATION_CONNECTION=@OLD_COLLATION_CONNECTION */;
