-- phpMyAdmin SQL Dump
-- version 5.2.2
-- https://www.phpmyadmin.net/
--
-- Host: localhost:3306
-- Generation Time: Sep 06, 2025 at 08:26 PM
-- Server version: 10.11.13-MariaDB-cll-lve
-- PHP Version: 8.4.10

SET SQL_MODE = "NO_AUTO_VALUE_ON_ZERO";
START TRANSACTION;
SET time_zone = "+00:00";


/*!40101 SET @OLD_CHARACTER_SET_CLIENT=@@CHARACTER_SET_CLIENT */;
/*!40101 SET @OLD_CHARACTER_SET_RESULTS=@@CHARACTER_SET_RESULTS */;
/*!40101 SET @OLD_COLLATION_CONNECTION=@@COLLATION_CONNECTION */;
/*!40101 SET NAMES utf8mb4 */;

--
-- Database: `edfa6624_steril`
--

-- --------------------------------------------------------

--
-- Table structure for table `activity_log`
--

CREATE TABLE `activity_log` (
  `log_id` int(11) NOT NULL,
  `user_id` int(11) DEFAULT NULL COMMENT 'ID pengguna yang melakukan aksi, NULL jika oleh sistem.',
  `action_type` varchar(50) NOT NULL COMMENT 'Tipe aksi, e.g., LOGIN, CREATE_USER, UPDATE_INSTRUMENT.',
  `target_type` varchar(50) DEFAULT NULL COMMENT 'Tipe item yang terpengaruh, e.g., user, instrument, label.',
  `target_id` int(11) DEFAULT NULL COMMENT 'ID dari item yang terpengaruh.',
  `details` text DEFAULT NULL COMMENT 'Detail tambahan tentang aksi dalam format teks atau JSON.',
  `ip_address` varchar(45) DEFAULT NULL,
  `log_timestamp` timestamp NOT NULL DEFAULT current_timestamp()
) ENGINE=InnoDB DEFAULT CHARSET=utf8mb4 COLLATE=utf8mb4_general_ci COMMENT='Mencatat semua aktivitas penting dalam sistem.';

--
-- Dumping data for table `activity_log`
--

INSERT INTO `activity_log` (`log_id`, `user_id`, `action_type`, `target_type`, `target_id`, `details`, `ip_address`, `log_timestamp`) VALUES
(1, 1, 'CREATE_INSTRUMENT', 'instrument', 84, 'Instrumen baru ditambahkan: \'Gunting jaringan\' (Kode: N/A).', '101.128.90.62', '2025-06-25 11:49:05'),
(2, 1, 'EXPORT_LABELS', NULL, NULL, 'Mengekspor data riwayat label ke CSV.', '101.128.90.62', '2025-06-25 12:22:32'),
(3, 1, 'MARK_LABEL_USED', 'label', 99, 'Label (UID: 3F5A3E3B) ditandai sebagai \'Digunakan\'.', '101.128.90.62', '2025-06-25 12:30:30'),
(4, 1, 'CREATE_LABEL', 'label', 111, 'Label baru dibuat untuk Instrument: \'BAK ALAT\' (UID: 83DAFFFC, Status: active).', '101.128.90.62', '2025-06-25 12:40:25'),
(5, 1, 'CREATE_SET', 'set', 47, 'Set instrumen baru ditambahkan: \'3123213123\' (Kode: N/A) dengan 0 item.', '101.128.90.62', '2025-06-25 13:47:53'),
(6, 1, 'CREATE_CYCLE', 'cycle', 1, 'Siklus sterilisasi baru ditambahkan: A-4324324 pada mesin Autoclave A', '101.128.90.62', '2025-06-25 15:39:29'),
(7, 1, 'CREATE_CYCLE', 'cycle', 2, 'Siklus sterilisasi baru ditambahkan: 123 pada mesin Autoclave B', '101.128.90.62', '2025-06-25 15:39:41'),
(8, 1, 'CREATE_CYCLE', 'cycle', 3, 'Siklus sterilisasi baru ditambahkan: adsa pada mesin Autoclave', '101.128.90.62', '2025-06-25 15:40:02'),
(9, 1, 'CREATE_CYCLE', 'cycle', 4, 'Siklus sterilisasi baru ditambahkan: 421412415 pada mesin Autoclave C', '101.128.90.62', '2025-06-25 15:49:17'),
(10, 1, 'DELETE_CYCLE', 'cycle', 1, 'Siklus sterilisasi dihapus: A-4324324 (ID: 1)', '101.128.90.62', '2025-06-25 15:49:58'),
(11, 1, 'DELETE_CYCLE', 'cycle', 2, 'Siklus sterilisasi dihapus: 123 (ID: 2)', '101.128.90.62', '2025-06-25 15:50:04'),
(12, 1, 'DELETE_CYCLE', 'cycle', 3, 'Siklus sterilisasi dihapus: adsa (ID: 3)', '101.128.90.62', '2025-06-25 15:50:07'),
(13, 1, 'CREATE_INSTRUMENT', 'instrument', 85, 'Instrumen baru ditambahkan: \'Gunting\' (Kode: test).', '101.128.90.62', '2025-06-25 16:40:14'),
(14, 1, 'CREATE_LABEL', 'label', 112, 'Label baru dibuat untuk Instrument: \'ABORTUS TANG BENGKOK\' (UID: B1A8479C, Status: active, Siklus ID: 4).', '101.128.90.62', '2025-06-25 16:49:52'),
(15, 1, 'UPDATE_INSTRUMENT_STATUS', 'instrument', 70, 'Status instrumen (ID: 70) diubah menjadi \'rusak\'. Catatan: Test', '101.128.90.62', '2025-06-25 17:00:33'),
(16, 1, 'UPDATE_INSTRUMENT_STATUS', 'instrument', 71, 'Status instrumen (ID: 71) diubah menjadi \'sterilisasi\'.', '101.128.90.62', '2025-06-25 17:00:46'),
(17, 1, 'UPDATE_INSTRUMENT_STATUS', 'instrument', 5, 'Status instrumen (ID: 5) diubah menjadi \'rusak\'. Catatan: GG', '101.128.90.62', '2025-06-25 17:01:40'),
(18, 1, 'UPDATE_INSTRUMENT_STATUS', 'instrument', 6, 'Status instrumen (ID: 6) diubah menjadi \'sterilisasi\'.', '101.128.90.62', '2025-06-25 17:04:00'),
(19, 1, 'UPDATE_INSTRUMENT_STATUS', 'instrument', 6, 'Status instrumen (ID: 6) diubah menjadi \'perbaikan\'.', '101.128.90.62', '2025-06-25 17:04:53'),
(20, 1, 'UPDATE_INSTRUMENT_STATUS', 'instrument', 70, 'Status instrumen (ID: 70) diubah menjadi \'tersedia\'.', '101.128.90.62', '2025-06-26 00:18:35'),
(21, 1, 'UPDATE_INSTRUMENT_STATUS', 'instrument', 71, 'Status instrumen (ID: 71) diubah menjadi \'tersedia\'.', '101.128.90.62', '2025-06-26 00:20:58'),
(22, 1, 'DELETE_SET', 'set', 47, 'Set instrumen dihapus: \'3123213123\' (ID: 47).', '36.65.118.24', '2025-06-26 04:14:06'),
(23, 1, 'CREATE_LABEL', 'label', 113, 'Label baru dibuat untuk Set: \'ABORTUS TANG BENGKOK\' (UID: CC5739BA, Status: active, Siklus ID: 4).', '36.65.118.24', '2025-06-26 06:32:06'),
(24, 1, 'TOGGLE_INSTRUMENT_TYPE_STATUS', NULL, NULL, 'Status diubah untuk ID: 7', '101.128.90.62', '2025-06-26 15:44:43'),
(25, 1, 'TOGGLE_INSTRUMENT_TYPE_STATUS', NULL, NULL, 'Status diubah untuk ID: 7', '101.128.90.62', '2025-06-26 15:44:47'),
(26, 1, 'CREATE_LABEL', 'label', 114, 'Label baru dibuat untuk Set: \'Set Lahiran Caesar\' (UID: 40CA7683, Status: active, Siklus ID: 4).', '101.128.90.62', '2025-06-26 16:00:55'),
(27, 1, 'CREATE_LABEL', 'label', 115, 'Label baru dibuat untuk Set: \'Set Bedah Mayor\' (UID: B5392700, Status: active, Siklus ID: 4).', '101.128.90.62', '2025-06-27 02:10:47'),
(28, 1, 'CREATE_LABEL', 'label', 116, 'Label baru dibuat untuk Set: \'Ellys klem\' (UID: FA67B4FC, Status: active, Siklus ID: 4).', '101.128.90.62', '2025-06-27 02:13:54'),
(29, 1, 'CREATE_LABEL', 'label', 117, 'Label baru dibuat untuk Set: \'SET BEDAH ORTHO\' (UID: C1BD61FE).', '101.128.90.62', '2025-06-27 02:17:39'),
(30, 1, 'CREATE_LABEL', 'label', 118, 'Label baru dibuat untuk Instrument: \'Testing\' (UID: 6F49299D).', '101.128.90.62', '2025-06-27 02:19:15'),
(31, 1, 'CREATE_LABEL', 'label', 119, 'Label baru dibuat untuk Instrument: \'Nama judul\' (UID: F9141CE8).', '101.128.90.62', '2025-06-27 02:25:38'),
(32, 1, 'CREATE_LABEL', 'label', 120, 'Label baru dibuat untuk Instrument: \'Namaaaa\' (UID: 5342B291).', '101.128.90.62', '2025-06-27 02:31:22'),
(33, 1, 'CREATE_LABEL', 'label', 121, 'Label baru dibuat untuk Instrument: \'Namaaaa\' (UID: C0281A66).', '101.128.90.62', '2025-06-27 02:34:54'),
(34, 1, 'CREATE_LABEL', 'label', 122, 'Label baru dibuat untuk Set: \'Namaaaa\' (UID: 46977432).', '101.128.90.62', '2025-06-27 02:37:54'),
(35, 1, 'CREATE_LABEL', 'label', 123, 'Label baru dibuat untuk Set: \'3242432\' (UID: CB3B9D60).', '101.128.90.62', '2025-06-27 02:42:44'),
(36, 1, 'PROCESS_LOAD', NULL, NULL, 'Muatan (ID: 1) diproses dan ditautkan ke Siklus baru (ID: 5).', '101.128.90.62', '2025-06-27 04:23:18'),
(37, 1, 'RECALL_LOAD', NULL, NULL, 'Siklus (ID: 5) gagal. 0 label dari Muatan ID: 1 ditarik kembali (recalled).', '101.128.90.62', '2025-06-27 04:23:48'),
(38, 1, 'VALIDATE_CYCLE', NULL, NULL, 'Siklus (ID: 5) divalidasi. Hasil: failed', '101.128.90.62', '2025-06-27 04:23:48'),
(39, 1, 'PROCESS_LOAD', NULL, NULL, 'Muatan (ID: 3) diproses dan ditautkan ke Siklus baru (ID: 7).', '101.128.90.62', '2025-06-27 04:25:41'),
(40, 1, 'VALIDATE_CYCLE', NULL, NULL, 'Siklus (ID: 7) divalidasi. Hasil: completed', '101.128.90.62', '2025-06-27 04:25:49'),
(41, 1, 'GENERATE_LABELS', NULL, NULL, 'Membuat 7 label untuk Muatan ID: 3.', '101.128.90.62', '2025-06-27 04:25:52'),
(42, 1, 'GENERATE_LABELS', NULL, NULL, 'Membuat 7 label untuk Muatan ID: 3.', '101.128.90.62', '2025-06-27 04:28:11'),
(43, 1, 'CREATE_DEPARTMENT', NULL, NULL, 'Master data Departemen baru ditambahkan: Administrasi', '101.128.90.62', '2025-06-27 04:35:52'),
(44, 1, 'CREATE_MACHINE', NULL, NULL, 'Master data Mesin baru ditambahkan: Autoklaf A (Kode: AA)', '101.128.90.62', '2025-06-27 04:39:00'),
(45, 1, 'CREATE_LOAD', 'load', 4, 'Muatan baru dibuat: AA-270625-PAGI - Alat Perang', '101.128.90.62', '2025-06-27 04:39:17'),
(46, 1, 'CREATE_LOAD', 'load', 5, 'Muatan baru dibuat: AA-270625-SIANG - Alat Cukur', '101.128.90.62', '2025-06-27 04:41:57'),
(47, 1, 'CREATE_LOAD', 'load', 6, 'Muatan baru dibuat: AA-270625-SORE - Alat Bedah', '101.128.90.62', '2025-06-27 04:47:46'),
(48, 1, 'PROCESS_LOAD', NULL, NULL, 'Muatan (ID: 6) diproses dan ditautkan ke Siklus baru (ID: 8) dengan nomor AA-270625-01.', '101.128.90.62', '2025-06-27 05:20:01'),
(49, 1, 'VALIDATE_CYCLE', NULL, NULL, 'Siklus (ID: 8) divalidasi. Hasil: completed', '101.128.90.62', '2025-06-27 05:21:08'),
(50, 1, 'GENERATE_LABELS', NULL, NULL, 'Membuat 3 label untuk Muatan ID: 6.', '101.128.90.62', '2025-06-27 05:21:11'),
(51, 1, 'GENERATE_LABELS', NULL, NULL, 'Membuat 3 label untuk Muatan ID: 6.', '101.128.90.62', '2025-06-27 08:49:25'),
(52, 1, 'GENERATE_LABELS', NULL, NULL, 'Membuat 3 label untuk Muatan ID: 6.', '101.128.90.62', '2025-06-27 08:51:06'),
(53, 1, 'GENERATE_LABELS', NULL, NULL, 'Membuat 3 label untuk Muatan ID: 6.', '101.128.90.62', '2025-06-27 08:57:04'),
(54, 1, 'CREATE_LOAD', 'load', 7, 'Muatan baru dibuat: AA-270625-MALAM - Alat Perang', '101.128.90.62', '2025-06-27 10:07:13'),
(55, 1, 'PROCESS_LOAD', NULL, NULL, 'Muatan (ID: 7) diproses dan ditautkan ke Siklus baru (ID: 9) dengan nomor AA-270625-02.', '101.128.90.62', '2025-06-27 10:07:22'),
(56, 1, 'EXPORT_LABELS', NULL, NULL, 'Mengekspor data riwayat label ke CSV.', '101.128.90.62', '2025-06-27 15:09:58'),
(57, 1, 'CREATE_USER', 'user', 6, 'Pengguna baru ditambahkan: spv (Nama: Supervisor, Peran: supervisor).', '101.128.90.62', '2025-06-27 23:47:22'),
(58, 6, 'CREATE_LOAD', 'load', 8, 'Muatan baru dibuat: AA-280625-PAGI - ABC', '101.128.90.62', '2025-06-27 23:56:04'),
(59, 6, 'CREATE_LOAD', 'load', 9, 'Muatan baru dibuat: AA-280625-PAGI - ABC', '101.128.90.62', '2025-06-27 23:56:16'),
(60, NULL, 'PUBLIC_MARK_USED', 'label', 147, 'Label (UID: B1D590CD) ditandai \'Digunakan\' via aksi publik dengan verifikasi PIN.', '101.128.90.62', '2025-06-28 03:30:45'),
(61, NULL, 'PUBLIC_MARK_USED', 'label', 149, 'Label (UID: 5F8D3F3D) ditandai \'Digunakan\' via aksi publik dengan verifikasi PIN.', '101.128.90.62', '2025-06-28 03:38:42'),
(62, 5, 'GENERATE_LABELS', NULL, NULL, 'Membuat 3 label untuk Muatan ID: 6.', '101.128.90.62', '2025-06-28 06:22:02'),
(63, 5, 'GENERATE_LABELS', NULL, NULL, 'Membuat 3 label untuk Muatan ID: 6.', '101.128.90.62', '2025-06-28 06:22:26'),
(64, 5, 'GENERATE_LABELS', NULL, NULL, 'Membuat 3 label untuk Muatan ID: 6.', '101.128.90.62', '2025-06-28 06:22:33'),
(65, 5, 'GENERATE_LABELS', NULL, NULL, 'Membuat 3 label untuk Muatan ID: 6.', '101.128.90.62', '2025-06-28 06:22:41'),
(66, 5, 'GENERATE_LABELS', NULL, NULL, 'Membuat 3 label untuk Muatan ID: 6.', '101.128.90.62', '2025-06-28 06:22:46'),
(67, 5, 'CREATE_LOAD', 'load', 10, 'Muatan baru dibuat: AA-280625-03', '101.128.90.62', '2025-06-28 06:27:56'),
(68, 1, 'PROCESS_LOAD', NULL, NULL, 'Muatan (ID: 10) diproses dan ditautkan ke Siklus baru (ID: 10) dengan nomor AA-280625-01.', '101.128.90.62', '2025-06-28 08:13:27'),
(69, 5, 'CREATE_LOAD', 'load', 11, 'Muatan baru dibuat: MUATAN-280625-02', '101.128.90.62', '2025-06-28 08:49:58'),
(70, 5, 'PROCESS_LOAD', NULL, NULL, 'Muatan (ID: 11) diproses dan ditautkan ke Siklus baru (ID: 11) dengan nomor SIKLUS-AA-280625-01.', '101.128.90.62', '2025-06-28 08:50:22'),
(71, 1, 'CREATE_LOAD', 'load', 12, 'Muatan baru dibuat: MUATAN-280625-03', '101.128.90.62', '2025-06-28 08:53:36'),
(72, 1, 'PROCESS_LOAD', NULL, NULL, 'Muatan (ID: 12) diproses dan ditautkan ke Siklus baru (ID: 12) dengan nomor SIKLUS-AA-280625-02.', '101.128.90.62', '2025-06-28 08:53:57'),
(73, 6, 'CREATE_LOAD', 'load', 13, 'Muatan baru dibuat: MUATAN-280625-04', '101.128.90.62', '2025-06-28 09:25:28'),
(74, 6, 'MERGE_LOAD_TO_CYCLE', NULL, NULL, 'Muatan ID: 13 digabungkan ke Siklus ID: 12.', '101.128.90.62', '2025-06-28 09:26:08'),
(75, 1, 'CREATE_LOAD', 'load', 14, 'Muatan baru dibuat: MUATAN-280625-05', '101.128.90.62', '2025-06-28 09:40:29'),
(76, 1, 'CREATE_CYCLE_FROM_LOAD', NULL, NULL, 'Siklus baru (ID: 13, No: SIKLUS-AA-280625-03) dibuat untuk Muatan ID: 14.', '101.128.90.62', '2025-06-28 09:41:00'),
(77, 1, 'CREATE_LOAD', 'load', 15, 'Muatan baru dibuat: MUATAN-280625-06', '101.128.90.62', '2025-06-28 10:01:46'),
(78, 1, 'UPDATE_LOAD', 'load', 15, 'Detail muatan (ID: 15) telah diperbarui via modal.', '101.128.90.62', '2025-06-28 10:24:27'),
(79, 1, 'CREATE_CYCLE_FROM_LOAD', NULL, NULL, 'Siklus baru (ID: 14, No: SIKLUS-AA-280625-04) dibuat untuk Muatan ID: 15.', '101.128.90.62', '2025-06-28 10:27:05'),
(80, 1, 'UPDATE_LOAD', 'load', 9, 'Detail muatan (ID: 9) telah diperbarui via modal.', '101.128.90.62', '2025-06-28 10:42:48'),
(81, 1, 'CREATE_MACHINE', NULL, NULL, 'Master data Mesin baru ditambahkan: Autoklaf B (Kode: AB)', '101.128.90.62', '2025-06-28 17:25:46'),
(82, 1, 'TOGGLE_SESSION_STATUS', NULL, NULL, 'Status diubah untuk ID: 1 di tabel sessions', '101.128.90.62', '2025-06-28 17:28:02'),
(83, 1, 'TOGGLE_SESSION_STATUS', NULL, NULL, 'Status diubah untuk ID: 1 di tabel sessions', '101.128.90.62', '2025-06-28 17:28:05'),
(84, 1, 'TOGGLE_SESSION_STATUS', NULL, NULL, 'Status diubah untuk ID: 1 di tabel sessions', '101.128.90.62', '2025-06-28 17:29:57'),
(85, 1, 'TOGGLE_SESSION_STATUS', NULL, NULL, 'Status diubah untuk ID: 1 di tabel sessions', '101.128.90.62', '2025-06-28 17:29:59'),
(86, 1, 'CREATE_INSTRUMENT', 'instrument', 86, 'Instrumen baru ditambahkan: \'Kasa\' (Kode: JOJOLE).', '101.128.90.62', '2025-06-28 17:31:52'),
(87, 1, 'CREATE_USER', 'user', 7, 'Pengguna baru ditambahkan: staff (Nama: Staff EDR, Peran: staff).', '101.128.90.62', '2025-06-28 18:06:08'),
(88, 1, 'TOGGLE_MASTER_STATUS', NULL, NULL, 'Status diubah untuk machine ID: 2 di tabel machines', '101.128.90.62', '2025-06-28 20:41:31'),
(89, 1, 'TOGGLE_MASTER_STATUS', NULL, NULL, 'Status diubah untuk machine ID: 2 di tabel machines', '101.128.90.62', '2025-06-28 20:41:33'),
(90, 1, 'CREATE_CYCLE_FROM_LOAD', NULL, NULL, 'Siklus baru (ID: 15, No: SIKLUS-AA-290625-01) dibuat untuk Muatan ID: 9.', '101.128.90.62', '2025-06-28 20:53:04'),
(91, 1, 'UPDATE_LOAD_ITEM_SNAPSHOT', 'load_item', 45, 'Snapshot untuk load_item_id: 45 diperbarui.', '101.128.90.62', '2025-06-29 01:39:09'),
(92, 1, 'UPDATE_LOAD_ITEM_SNAPSHOT', 'load_item', 45, 'Snapshot untuk load_item_id: 45 diperbarui.', '101.128.90.62', '2025-06-29 01:39:22'),
(93, 1, 'CREATE_LOAD', 'load', 16, 'Muatan baru dibuat: MUATAN-290625-01', '146.75.160.27', '2025-06-29 02:29:25'),
(94, 1, 'EXPORT_LOADS', NULL, NULL, 'Mengekspor data riwayat muatan ke CSV.', '101.128.90.62', '2025-06-29 02:49:34'),
(95, 1, 'EXPORT_LOADS', NULL, NULL, 'Mengekspor data riwayat muatan ke CSV.', '101.128.90.62', '2025-06-29 03:08:08'),
(96, 1, 'EXPORT_LOADS', NULL, NULL, 'Mengekspor data riwayat muatan ke CSV.', '101.128.90.62', '2025-06-29 03:21:39'),
(97, 1, 'EXPORT_LOADS', NULL, NULL, 'Mengekspor data riwayat muatan ke CSV.', '101.128.90.62', '2025-06-29 03:30:14'),
(98, 1, 'EXPORT_LOADS', NULL, NULL, 'Mengekspor data riwayat muatan ke CSV.', '101.128.90.62', '2025-06-29 03:33:30'),
(99, 1, 'EXPORT_LOADS', NULL, NULL, 'Mengekspor data riwayat muatan ke CSV.', '101.128.90.62', '2025-06-29 03:44:27'),
(100, 1, 'EXPORT_LOADS', NULL, NULL, 'Mengekspor data riwayat muatan ke CSV.', '101.128.90.62', '2025-06-29 03:56:45'),
(101, 1, 'CREATE_LOAD', 'load', 17, 'Muatan baru dibuat: MUATAN-290625-02', '101.128.90.62', '2025-06-29 03:57:51'),
(102, 1, 'UPDATE_LOAD_ITEM_SNAPSHOT', 'load_item', 49, 'Snapshot untuk load_item_id: 49 diperbarui.', '101.128.90.62', '2025-06-29 04:26:20'),
(103, 1, 'UPDATE_LOAD_ITEM_SNAPSHOT', 'load_item', 49, 'Snapshot untuk load_item_id: 49 diperbarui.', '101.128.90.62', '2025-06-29 04:27:12'),
(104, 1, 'UPDATE_LOAD_ITEM_SNAPSHOT', 'load_item', 49, 'Snapshot untuk load_item_id: 49 diperbarui.', '101.128.90.62', '2025-06-29 04:28:11'),
(105, 1, 'UPDATE_LOAD_ITEM_SNAPSHOT', 'load_item', 49, 'Snapshot untuk load_item_id: 49 diperbarui.', '101.128.90.62', '2025-06-29 04:30:16'),
(106, 1, 'CREATE_LOAD', 'load', 18, 'Muatan baru dibuat: MUATAN-290625-03', '101.128.90.62', '2025-06-29 04:31:37'),
(107, 1, 'UPDATE_LOAD_ITEM_SNAPSHOT', 'load_item', 51, 'Snapshot untuk load_item_id: 51 diperbarui.', '101.128.90.62', '2025-06-29 04:32:08'),
(108, 1, 'CREATE_CYCLE_FROM_LOAD', NULL, NULL, 'Siklus baru (ID: 16, No: SIKLUS-AA-290625-02) dibuat untuk Muatan ID: 18.', '101.128.90.62', '2025-06-29 04:32:45'),
(109, 1, 'VALIDATE_CYCLE', NULL, NULL, 'Siklus (ID: 16) divalidasi dengan hasil: completed', '101.128.90.62', '2025-06-29 04:32:58'),
(110, 1, 'GENERATE_LABELS', NULL, NULL, 'Membuat 2 label untuk Muatan ID: 18.', '101.128.90.62', '2025-06-29 04:42:10'),
(111, 1, 'GENERATE_LABELS', NULL, NULL, 'Membuat 2 label untuk Muatan ID: 18.', '101.128.90.62', '2025-06-29 04:43:38'),
(112, 1, 'GENERATE_LABELS', NULL, NULL, 'Membuat 2 label untuk Muatan ID: 18.', '101.128.90.62', '2025-06-29 04:44:04'),
(113, 1, 'GENERATE_LABELS', NULL, NULL, 'Membuat 2 label untuk Muatan ID: 18.', '101.128.90.62', '2025-06-29 04:47:14'),
(114, 6, 'UPDATE_INSTRUMENT_STATUS', 'instrument', 70, 'Status instrumen (ID: 70) diubah menjadi \'rusak\'. Catatan: Patah', '101.128.90.62', '2025-06-29 05:22:36'),
(115, 6, 'CREATE_LOAD', 'load', 19, 'Muatan baru dibuat: MUATAN-290625-04', '101.128.90.62', '2025-06-29 15:14:10'),
(116, 6, 'UPDATE_LOAD_ITEM_SNAPSHOT', 'load_item', 54, 'Snapshot untuk load_item_id: 54 diperbarui.', '101.128.90.62', '2025-06-29 15:16:33'),
(117, 6, 'UPDATE_LOAD_ITEM_SNAPSHOT', 'load_item', 54, 'Snapshot untuk load_item_id: 54 diperbarui.', '101.128.90.62', '2025-06-29 15:25:51'),
(118, 6, 'EXPORT_LOADS', NULL, NULL, 'Mengekspor data riwayat muatan ke CSV.', '101.128.90.62', '2025-06-29 16:41:44'),
(119, 6, 'GENERATE_LABELS', NULL, NULL, 'Membuat 2 label untuk Muatan ID: 18.', '101.128.90.62', '2025-06-29 16:48:24'),
(120, 6, 'GENERATE_LABELS', NULL, NULL, 'Membuat 2 label untuk Muatan ID: 18.', '101.128.90.62', '2025-06-29 16:49:29'),
(121, 6, 'CREATE_LOAD', 'load', 20, 'Muatan baru dibuat: MUATAN-300625-05', '101.128.90.62', '2025-06-29 17:54:39'),
(122, 6, 'EXPORT_LOADS', NULL, NULL, 'Mengekspor data riwayat muatan ke CSV.', '172.225.78.215', '2025-06-29 18:26:50'),
(123, 1, 'UPDATE_LOAD', 'load', 20, 'Detail muatan (ID: 20) telah diperbarui via modal.', '101.128.90.62', '2025-06-30 14:12:52'),
(124, 1, 'UPDATE_LOAD', 'load', 20, 'Detail muatan (ID: 20) telah diperbarui via modal.', '101.128.90.62', '2025-06-30 14:13:07'),
(125, 1, 'CREATE_INSTRUMENT', 'instrument', 87, 'Instrumen baru ditambahkan: \'ABC\' (Kode: INST-1751295586).', '101.128.90.62', '2025-06-30 14:59:46'),
(126, 1, 'CREATE_INSTRUMENT', 'instrument', 88, 'Instrumen baru ditambahkan: \'Cukil\' (Kode: N/A).', '101.128.90.62', '2025-06-30 15:23:32'),
(127, 1, 'UPDATE_INSTRUMENT', 'instrument', 87, 'Data instrumen diperbarui untuk: \'ABC\' (ID: 87).', '101.128.90.62', '2025-06-30 16:04:34'),
(128, 1, 'UPDATE_INSTRUMENT', 'instrument', 87, 'Data instrumen diperbarui untuk: \'ABC\' (ID: 87).', '101.128.90.62', '2025-06-30 16:04:38'),
(129, 1, 'UPDATE_INSTRUMENT', 'instrument', 87, 'Data instrumen diperbarui untuk: \'ABC\' (ID: 87).', '101.128.90.62', '2025-06-30 16:09:10'),
(130, 1, 'TOGGLE_MASTER_STATUS', NULL, NULL, 'Status diubah untuk type ID: 7 di tabel instrument_types', '101.128.90.62', '2025-06-30 16:33:41'),
(131, 1, 'TOGGLE_MASTER_STATUS', NULL, NULL, 'Status diubah untuk type ID: 7 di tabel instrument_types', '101.128.90.62', '2025-06-30 16:33:44'),
(132, 1, 'CREATE_INSTRUMENT', 'instrument', 89, 'Instrumen baru ditambahkan: \'ABC\'.', '36.78.129.255', '2025-07-01 03:01:43'),
(133, 1, 'CREATE_INSTRUMENT', 'instrument', 90, 'Instrumen baru ditambahkan: \'ABC\'.', '36.78.129.255', '2025-07-01 03:02:03'),
(134, 6, 'RECALL_CYCLE', NULL, NULL, 'Siklus (ID: 15) gagal. 0 label ditarik kembali (recalled).', '36.78.129.255', '2025-07-01 07:36:45'),
(135, 6, 'VALIDATE_CYCLE', NULL, NULL, 'Siklus (ID: 15) divalidasi dengan hasil: failed', '36.78.129.255', '2025-07-01 07:36:45'),
(136, 1, 'UPDATE_INSTRUMENT', 'instrument', 87, 'Data instrumen diperbarui untuk: \'ABC\' (ID: 87).', '36.78.129.255', '2025-07-01 08:15:26'),
(137, 5, 'CREATE_LOAD', 'load', 21, 'Muatan baru dibuat: MUATAN-010725-01', '36.78.129.255', '2025-07-01 08:48:29'),
(138, 5, 'UPDATE_LOAD_ITEM_SNAPSHOT', 'load_item', 56, 'Snapshot untuk load_item_id: 56 diperbarui.', '36.78.129.255', '2025-07-01 08:50:16'),
(139, 5, 'CREATE_CYCLE_FROM_LOAD', NULL, NULL, 'Siklus baru (ID: 17, No: SIKLUS-AA-010725-01) dibuat untuk Muatan ID: 21.', '36.78.129.255', '2025-07-01 08:50:27'),
(140, 5, 'UPDATE_LOAD_ITEM_SNAPSHOT', 'load_item', 55, 'Snapshot untuk load_item_id: 55 diperbarui.', '36.78.129.255', '2025-07-01 09:02:41'),
(141, 5, 'UPDATE_LOAD_ITEM_SNAPSHOT', 'load_item', 58, 'Snapshot untuk load_item_id: 58 diperbarui.', '36.78.129.255', '2025-07-01 09:07:41'),
(142, 5, 'UPDATE_LOAD_ITEM_SNAPSHOT', 'load_item', 59, 'Snapshot untuk load_item_id: 59 diperbarui.', '36.78.129.255', '2025-07-01 09:11:55'),
(143, 5, 'UPDATE_LOAD_ITEM_SNAPSHOT', 'load_item', 59, 'Snapshot untuk load_item_id: 59 diperbarui.', '36.78.129.255', '2025-07-01 09:12:01'),
(144, 5, 'UPDATE_LOAD_ITEM_SNAPSHOT', 'load_item', 58, 'Snapshot untuk load_item_id: 58 diperbarui.', '36.78.129.255', '2025-07-01 09:19:29'),
(145, 1, 'CREATE_USER', 'user', 8, 'Pengguna baru ditambahkan: demo (Nama: Demo, Peran: supervisor).', '36.78.129.255', '2025-07-01 09:21:57'),
(146, 1, 'DELETE_INSTRUMENT', 'instrument', 89, 'Instrumen dihapus: \'ABC\' (ID: 89).', '36.78.129.255', '2025-07-01 09:23:00'),
(147, 1, 'DELETE_INSTRUMENT', 'instrument', 90, 'Instrumen dihapus: \'ABC\' (ID: 90).', '36.78.129.255', '2025-07-01 09:23:57'),
(148, 1, 'CREATE_INSTRUMENT', 'instrument', 91, 'Instrumen baru ditambahkan: \'ABC\'.', '36.78.129.255', '2025-07-01 09:34:30'),
(149, 1, 'DELETE_INSTRUMENT', 'instrument', 91, 'Instrumen dihapus: \'ABC\' (ID: 91).', '36.78.129.255', '2025-07-01 09:37:22'),
(150, 1, 'CREATE_INSTRUMENT', 'instrument', 92, 'Instrumen baru ditambahkan: \'Abc\'.', '104.28.118.70', '2025-07-01 09:43:11'),
(151, 1, 'DELETE_INSTRUMENT', 'instrument', 92, 'Instrumen dihapus: \'Abc\' (ID: 92).', '36.78.129.255', '2025-07-01 09:45:47'),
(152, 1, 'CREATE_INSTRUMENT', 'instrument', 93, 'Instrumen baru ditambahkan: \'Abca\'.', '104.28.121.63', '2025-07-01 09:46:27'),
(153, 1, 'DELETE_INSTRUMENT', 'instrument', 93, 'Instrumen dihapus: \'Abca\' (ID: 93).', '36.78.129.255', '2025-07-01 09:49:18'),
(154, 1, 'CREATE_INSTRUMENT', 'instrument', 94, 'Instrumen baru ditambahkan: \'abc\'.', '36.78.129.255', '2025-07-01 09:51:21'),
(155, 6, 'CREATE_INSTRUMENT', 'instrument', 95, 'Instrumen baru ditambahkan: \'abc\'.', '101.128.90.62', '2025-07-01 13:07:22'),
(156, 6, 'CREATE_INSTRUMENT', 'instrument', 96, 'Instrumen baru ditambahkan: \'abv\'.', '101.128.90.62', '2025-07-01 13:07:38'),
(157, 6, 'DELETE_LOAD', NULL, NULL, 'Muatan dihapus: MUATAN-290625-01 (ID: 16).', '101.128.90.62', '2025-07-01 13:09:19'),
(158, 6, 'DELETE_LOAD', NULL, NULL, 'Muatan dihapus: AA-280625-PAGI - ABC (ID: 8).', '101.128.90.62', '2025-07-01 13:09:46'),
(159, 6, 'DELETE_LOAD', NULL, NULL, 'Muatan dihapus: AA-270625-SIANG - Alat Cukur (ID: 5).', '101.128.90.62', '2025-07-01 13:13:35'),
(160, 6, 'DELETE_LOAD', NULL, NULL, 'Muatan dihapus: AA-270625-PAGI - Alat Perang (ID: 4).', '101.128.90.62', '2025-07-01 13:13:43'),
(161, 6, 'DELETE_LOAD', NULL, NULL, 'Muatan dihapus: Autoklaf A - Sesi Sore 30 Juni 2025 (ID: 2).', '101.128.90.62', '2025-07-01 13:13:49'),
(162, 6, 'DELETE_LOAD', NULL, NULL, 'Muatan dihapus: MUATAN-290625-02 (ID: 17).', '101.128.90.62', '2025-07-01 13:13:54'),
(163, 1, 'CREATE_DEPARTMENT', NULL, NULL, 'Master data Departemen baru ditambahkan: EDR', '101.128.90.62', '2025-07-01 13:23:35'),
(164, 1, 'CREATE_DEPARTMENT', NULL, NULL, 'Master data Departemen baru ditambahkan: BOH', '101.128.90.62', '2025-07-01 13:23:44'),
(165, 1, 'TOGGLE_MASTER_STATUS', NULL, NULL, 'Status diubah untuk department ID: 10 di tabel departments', '101.128.90.62', '2025-07-01 13:23:50'),
(166, 1, 'TOGGLE_MASTER_STATUS', NULL, NULL, 'Status diubah untuk department ID: 9 di tabel departments', '101.128.90.62', '2025-07-01 13:23:53'),
(167, 1, 'DELETE_INSTRUMENT', 'instrument', 95, 'Instrumen dihapus: \'abc\' (ID: 95).', '101.128.90.62', '2025-07-01 13:40:22'),
(168, 1, 'DELETE_INSTRUMENT', 'instrument', 94, 'Instrumen dihapus: \'abc\' (ID: 94).', '101.128.90.62', '2025-07-01 13:40:31'),
(169, 1, 'CREATE_USER', 'user', 9, 'Pengguna baru ditambahkan: 123 (Nama: 123, Peran: staff).', '101.128.90.62', '2025-07-01 14:14:20'),
(170, 1, 'DELETE_INSTRUMENT', 'instrument', 96, 'Instrumen dihapus: \'abv\' (ID: 96).', '101.128.90.62', '2025-07-01 14:16:27'),
(171, 1, 'CREATE_INSTRUMENT', 'instrument', 97, 'Instrumen baru ditambahkan: \'abc\'.', '101.128.90.62', '2025-07-01 15:29:51'),
(172, 1, 'UPDATE_LOAD_ITEM_SNAPSHOT', 'load_item', 61, 'Snapshot untuk load_item_id: 61 diperbarui.', '101.128.90.62', '2025-07-01 16:27:11'),
(173, 1, 'CREATE_LOAD', 'load', 22, 'Muatan baru dibuat: MUATAN-010725-02', '101.128.90.62', '2025-07-01 16:27:31'),
(174, 1, 'UPDATE_LOAD_ITEM_SNAPSHOT', 'load_item', 62, 'Snapshot untuk load_item_id: 62 diperbarui.', '101.128.90.62', '2025-07-01 16:27:52'),
(175, 1, 'CREATE_CYCLE_FROM_LOAD', NULL, NULL, 'Siklus baru (ID: 18, No: SIKLUS-AA-010725-02) dibuat untuk Muatan ID: 22.', '101.128.90.62', '2025-07-01 16:27:56'),
(176, 1, 'GENERATE_LABELS', NULL, NULL, 'Membuat 2 label untuk Muatan ID: 18.', '101.128.90.62', '2025-07-01 16:30:45'),
(177, 1, 'GENERATE_LABELS', NULL, NULL, 'Membuat 2 label untuk Muatan ID: 18.', '101.128.90.62', '2025-07-01 16:31:03'),
(178, 1, 'GENERATE_LABELS', NULL, NULL, 'Membuat 2 label untuk Muatan ID: 18.', '101.128.90.62', '2025-07-01 16:31:13'),
(179, 1, 'CREATE_LOAD', 'load', 23, 'Muatan baru dibuat: MUATAN-010725-03', '101.128.90.62', '2025-07-01 16:34:05'),
(180, 1, 'GENERATE_LABELS', NULL, NULL, 'Membuat 3 label untuk Muatan ID: 6.', '101.128.90.62', '2025-07-01 16:50:34'),
(181, 1, 'CREATE_INSTRUMENT', 'instrument', 98, 'Instrumen baru ditambahkan: \'test\'.', '101.128.90.62', '2025-07-01 17:29:05'),
(182, 1, 'DELETE_USER', 'user', 9, 'Pengguna dihapus: 123 (ID: 9).', '36.78.129.255', '2025-07-02 04:00:17'),
(183, NULL, 'PUBLIC_RECALL_LABEL', 'label', 112, 'Label (UID: B1A8479C) ditandai \'Recalled\' via aksi publik. Alasan: dsfsdfsd', '36.78.129.255', '2025-07-02 08:06:51'),
(184, 1, 'VALIDATE_CYCLE', NULL, NULL, 'Siklus (ID: 18) divalidasi dengan hasil: completed', '36.78.129.255', '2025-07-02 09:23:12'),
(185, 6, 'CREATE_CYCLE_FROM_LOAD', NULL, NULL, 'Siklus baru (ID: 19, No: SIKLUS-AA-030725-01) dibuat untuk Muatan ID: 23.', '36.78.129.255', '2025-07-03 03:45:06'),
(186, 1, 'CREATE_LOAD', 'load', 24, 'Muatan baru dibuat: MUATAN-030725-01 (Prioritas: Normal, Jenis: Rutin)', '36.78.129.255', '2025-07-03 05:01:51'),
(187, 1, 'UPDATE_LOAD_ITEM_SNAPSHOT', 'load_item', 65, 'Snapshot untuk load_item_id: 65 diperbarui.', '101.128.90.62', '2025-07-03 14:15:25'),
(188, 1, 'GENERATE_LABELS', NULL, NULL, 'Membuat 1 label untuk Muatan ID: 22.', '101.128.90.62', '2025-07-03 14:23:26'),
(189, 1, 'CREATE_CYCLE_FROM_LOAD', NULL, NULL, 'Siklus baru (ID: 20, No: SIKLUS-AA-030725-02) dibuat untuk Muatan ID: 24.', '101.128.90.62', '2025-07-03 14:40:46'),
(190, 1, 'CREATE_LOAD', 'load', 25, 'Muatan baru dibuat: MUATAN-030725-02', '101.128.90.62', '2025-07-03 14:40:59'),
(191, 1, 'MERGE_LOAD_TO_CYCLE', NULL, NULL, 'Muatan ID: 25 digabungkan ke Siklus ID: 17.', '101.128.90.62', '2025-07-03 14:41:19'),
(192, 1, 'CREATE_LOAD', 'load', 26, 'Muatan baru dibuat: MUATAN-030725-03', '101.128.90.62', '2025-07-03 14:43:45'),
(193, 1, 'CREATE_LOAD', 'load', 27, 'Muatan baru dibuat: MUATAN-030725-04', '101.128.90.62', '2025-07-03 14:43:55'),
(194, 1, 'CREATE_CYCLE_FROM_LOAD', NULL, NULL, 'Siklus baru (ID: 21, No: SIKLUS-AA-030725-03) dibuat untuk Muatan ID: 27.', '101.128.90.62', '2025-07-03 14:44:20'),
(195, 1, 'MERGE_LOAD_TO_CYCLE', NULL, NULL, 'Muatan ID: 26 digabungkan ke Siklus ID: 21.', '101.128.90.62', '2025-07-03 14:44:38'),
(196, 1, 'EXPORT_LABELS', NULL, NULL, 'Mengekspor data riwayat label ke CSV.', '101.128.90.62', '2025-07-03 15:46:36'),
(197, 1, 'EXPORT_LOADS', NULL, NULL, 'Mengekspor data riwayat muatan ke CSV.', '101.128.90.62', '2025-07-03 15:47:11'),
(198, 1, 'CREATE_SET', 'set', 48, 'Set instrumen baru dibuat (langkah 1): \'Set Exclusive\' (Kode: SET-321312).', '101.128.90.62', '2025-07-03 16:05:58'),
(199, 1, 'CREATE_SET', 'set', 49, 'Set instrumen baru dibuat (langkah 1): \'Set Exclusive\' (Kode: N/A).', '101.128.90.62', '2025-07-03 16:08:45'),
(200, 1, 'CREATE_SET', 'set', 50, 'Set instrumen baru dibuat (langkah 1): \'Set Exclusive\' (Kode: N/A).', '101.128.90.62', '2025-07-03 16:10:49'),
(201, 1, 'CREATE_SET', 'set', 51, 'Set instrumen baru dibuat (langkah 1): \'Set Exclusive\' (Kode: N/A).', '101.128.90.62', '2025-07-03 16:12:10'),
(202, 1, 'CREATE_SET', 'set', 52, 'Set instrumen baru dibuat (langkah 1): \'Set Exclusive\' (Kode: SET-60053774).', '101.128.90.62', '2025-07-03 16:29:14'),
(203, 5, 'MARK_LABEL_USED', 'label', 186, 'Label (UID: E28852C0) ditandai sebagai \'Digunakan\'.', '101.128.90.62', '2025-07-03 17:15:17'),
(204, 1, 'EXPORT_LOADS', NULL, NULL, 'Mengekspor data riwayat muatan ke CSV.', '101.128.90.62', '2025-07-03 17:17:18'),
(205, 1, 'TOGGLE_MASTER_STATUS', NULL, NULL, 'Status diubah untuk department ID: 10 di tabel departments', '101.128.90.62', '2025-07-03 17:23:26'),
(206, 1, 'TOGGLE_MASTER_STATUS', NULL, NULL, 'Status diubah untuk department ID: 10 di tabel departments', '101.128.90.62', '2025-07-03 17:23:32'),
(207, 1, 'UPDATE_LOAD_ITEM_SNAPSHOT', 'load_item', 54, 'Snapshot untuk load_item_id: 54 diperbarui.', '101.128.90.62', '2025-07-03 17:30:55'),
(208, 1, 'UPDATE_LOAD_ITEM_SNAPSHOT', 'load_item', 54, 'Snapshot untuk load_item_id: 54 diperbarui.', '101.128.90.62', '2025-07-03 17:31:07'),
(209, 1, 'UPDATE_LOAD_ITEM_SNAPSHOT', 'load_item', 54, 'Snapshot untuk load_item_id: 54 diperbarui.', '101.128.90.62', '2025-07-03 17:39:37'),
(210, 1, 'UPDATE_LOAD_ITEM_SNAPSHOT', 'load_item', 55, 'Snapshot untuk load_item_id: 55 diperbarui.', '101.128.90.62', '2025-07-03 17:54:15'),
(211, 1, 'UPDATE_LOAD_ITEM_SNAPSHOT', 'load_item', 61, 'Snapshot untuk load_item_id: 61 diperbarui.', '101.128.90.62', '2025-07-03 18:04:09'),
(212, 1, 'CREATE_SET', 'set', 53, 'Set instrumen baru dibuat (langkah 1): \'Set Exclusive\' (Kode: SET-66696367).', '101.128.90.62', '2025-07-03 18:18:21'),
(213, 1, 'CREATE_SET', 'set', 54, 'Set instrumen baru dibuat (langkah 1): \'Set Exclusive\' (Kode: SET-66725605).', '101.128.90.62', '2025-07-03 18:18:51'),
(214, 1, 'CREATE_SET', 'set', 55, 'Set instrumen baru dibuat (langkah 1): \'Set Exclusive\' (Kode: SET-66870632).', '101.128.90.62', '2025-07-03 18:21:15'),
(215, 1, 'CREATE_SET', 'set', 56, 'Set instrumen baru dibuat (langkah 1): \'Set Exclusive\' (Kode: SET-67226155).', '101.128.90.62', '2025-07-03 18:27:11'),
(216, 1, 'CREATE_SET', 'set', 57, 'Set instrumen baru dibuat (langkah 1): \'Set Exclusive\' (Kode: SET-67483744).', '101.128.90.62', '2025-07-03 18:31:26'),
(217, 1, 'CREATE_SET', 'set', 58, 'Set instrumen baru dibuat (langkah 1): \'Set Exclusive\' (Kode: SET-68295127).', '101.128.90.62', '2025-07-03 18:45:02'),
(218, 1, 'CREATE_SET', 'set', 59, 'Set instrumen baru dibuat (langkah 1): \'Set Exclusive\' (Kode: SET-68393638).', '101.128.90.62', '2025-07-03 18:46:37'),
(219, 1, 'CREATE_SET', 'set', 60, 'Set instrumen baru dibuat (langkah 1): \'Set Exclusive\' (Kode: SET-68402294).', '101.128.90.62', '2025-07-03 18:46:46'),
(220, 1, 'CREATE_SET', 'set', 61, 'Set instrumen baru dibuat (langkah 1): \'Set Exclusive\' (Kode: SET-68440488).', '101.128.90.62', '2025-07-03 18:47:25'),
(221, 1, 'CREATE_SET', 'set', 62, 'Set instrumen baru dibuat (langkah 1): \'Set Exclusive\' (Kode: SET-68452394).', '101.128.90.62', '2025-07-03 18:48:12'),
(222, 1, 'CREATE_SET', 'set', 63, 'Set instrumen baru dibuat (langkah 1): \'Set Exclusive\' (Kode: SET-68769063).', '101.128.90.62', '2025-07-03 18:52:53'),
(223, 1, 'CREATE_SET', 'set', 64, 'Set instrumen baru dibuat (langkah 1): \'Set Exclusive\' (Kode: SET-69031134).', '101.128.90.62', '2025-07-03 18:57:17'),
(224, 1, 'CREATE_SET', 'set', 65, 'Set instrumen baru dibuat (langkah 1): \'Ffff\' (Kode: SET-39567335).', '114.10.153.193', '2025-07-04 14:32:58'),
(225, 1, 'CREATE_SET', 'set', 66, 'Set instrumen baru dibuat (langkah 1): \'Shshs\' (Kode: SET-39600869).', '114.10.153.193', '2025-07-04 14:33:25'),
(236, 1, 'UPDATE_INSTRUMENT', 'instrument', 87, 'Data instrumen diperbarui untuk: \'ABC\' (ID: 87).', '101.128.90.62', '2025-07-05 06:14:08'),
(237, 1, 'CREATE_MACHINE', NULL, NULL, 'Master data Mesin baru ditambahkan: Autoclave (Steam Sterilizer) (Kode: STEAM)', '101.128.90.62', '2025-07-05 19:00:15'),
(238, 1, 'CREATE_MACHINE', NULL, NULL, 'Master data Mesin baru ditambahkan: ETO Sterilizer (Ethylene Oxide) (Kode: ETO)', '101.128.90.62', '2025-07-05 19:00:38'),
(239, 1, 'CREATE_MACHINE', NULL, NULL, 'Master data Mesin baru ditambahkan: Plasma Sterilizer (H2O2 Plasma) (Kode: PLASMA)', '101.128.90.62', '2025-07-05 19:01:40'),
(240, 1, 'CREATE_MACHINE', NULL, NULL, 'Master data Mesin baru ditambahkan: Dry Heat Sterilizer (Kode: DH)', '101.128.90.62', '2025-07-05 19:02:11'),
(241, 1, 'CREATE_MACHINE', NULL, NULL, 'Master data Mesin baru ditambahkan: Formaldehyde Sterilizer (Kode: LTSF)', '101.128.90.62', '2025-07-05 19:02:55'),
(242, 1, 'CREATE_MACHINE', NULL, NULL, 'Master data Mesin baru ditambahkan: Radiation Sterilizer (Gamma atau e-Beam) (Kode: RADI)', '101.128.90.62', '2025-07-05 19:03:46'),
(243, 1, 'CREATE_LOAD', 'load', 30, 'Muatan baru dibuat: MUATAN-060725-01', '101.128.90.62', '2025-07-05 19:51:46'),
(244, 1, 'DELETE_LOAD', NULL, NULL, 'Muatan dihapus: MUATAN-060725-01 (ID: 30).', '101.128.90.62', '2025-07-05 19:52:33'),
(245, 1, 'CREATE_LOAD', 'load', 31, 'Muatan baru dibuat: MUATAN-060725-01', '101.128.90.62', '2025-07-05 19:52:39'),
(246, 1, 'DELETE_LOAD', NULL, NULL, 'Muatan dihapus: MUATAN-060725-01 (ID: 31).', '101.128.90.62', '2025-07-05 19:53:42'),
(247, 1, 'CREATE_LOAD', 'load', 32, 'Muatan baru dibuat: MUATAN-060725-01', '101.128.90.62', '2025-07-05 19:53:48'),
(248, 1, 'UPDATE_LOAD_ITEM_SNAPSHOT', 'load_item', 75, 'Snapshot untuk load_item_id: 75 diperbarui.', '101.128.90.62', '2025-07-05 19:54:48'),
(249, 1, 'UPDATE_LOAD_ITEM_SNAPSHOT', 'load_item', 75, 'Snapshot untuk load_item_id: 75 diperbarui.', '101.128.90.62', '2025-07-05 20:00:37'),
(250, 1, 'UPDATE_INSTRUMENT_STATUS', 'instrument', 70, 'Status instrumen (ID: 70) diubah menjadi \'tersedia\'.', '101.128.90.62', '2025-07-05 20:03:52'),
(251, 1, 'UPDATE_INSTRUMENT_STATUS', 'instrument', 5, 'Status instrumen (ID: 5) diubah menjadi \'tersedia\'.', '101.128.90.62', '2025-07-05 20:03:57'),
(252, 1, 'UPDATE_INSTRUMENT_STATUS', 'instrument', 6, 'Status instrumen (ID: 6) diubah menjadi \'tersedia\'.', '101.128.90.62', '2025-07-05 20:04:02'),
(253, 1, 'DELETE_LOAD', NULL, NULL, 'Muatan dihapus: MUATAN-060725-01 (ID: 32).', '101.128.90.62', '2025-07-05 21:00:29'),
(254, 1, 'CREATE_LOAD', 'load', 33, 'Muatan baru dibuat: MUATAN-060725-01', '101.128.90.62', '2025-07-05 21:00:40'),
(255, 1, 'UPDATE_LOAD_ITEM_SNAPSHOT', 'load_item', 79, 'Snapshot untuk load_item_id: 79 diperbarui.', '101.128.90.62', '2025-07-05 21:01:03'),
(256, 1, 'UPDATE_LOAD_ITEM_SNAPSHOT', 'load_item', 79, 'Snapshot untuk load_item_id: 79 diperbarui.', '101.128.90.62', '2025-07-05 21:21:38'),
(257, 1, 'CREATE_CYCLE_FROM_LOAD', NULL, NULL, 'Siklus baru (ID: 23, No: SIKLUS-ETO-060725-01) dibuat dan langsung diselesaikan untuk Muatan ID: 33.', '101.128.90.62', '2025-07-05 21:25:59'),
(258, 1, 'GENERATE_LABELS', NULL, NULL, 'Membuat 2 label untuk Muatan ID: 33.', '101.128.90.62', '2025-07-05 21:26:08'),
(259, 1, 'GENERATE_LABELS', NULL, NULL, 'Membuat 2 label untuk Muatan ID: 33.', '101.128.90.62', '2025-07-05 21:49:04'),
(260, 1, 'CREATE_LOAD', 'load', 34, 'Muatan baru dibuat: MUATAN-060725-02', '101.128.90.62', '2025-07-05 21:49:19'),
(261, 1, 'UPDATE_LOAD_ITEM_SNAPSHOT', 'load_item', 80, 'Snapshot untuk load_item_id: 80 diperbarui.', '101.128.90.62', '2025-07-05 21:49:37'),
(262, 1, 'CREATE_CYCLE_FROM_LOAD', NULL, NULL, 'Siklus baru (ID: 24, No: SIKLUS-PLASMA-060725-01) dibuat dan langsung diselesaikan untuk Muatan ID: 34.', '101.128.90.62', '2025-07-05 21:50:04'),
(263, 1, 'GENERATE_LABELS', NULL, NULL, 'Membuat 1 label untuk Muatan ID: 34.', '101.128.90.62', '2025-07-05 21:50:08'),
(264, 1, 'CREATE_LOAD', 'load', 35, 'Muatan baru dibuat: MUATAN-060725-03', '146.75.160.27', '2025-07-05 22:54:06'),
(265, 1, 'GENERATE_LABELS', NULL, NULL, 'Membuat 1 label untuk Muatan ID: 34.', '146.75.160.27', '2025-07-05 22:54:43'),
(266, 1, 'CREATE_LOAD', 'load', 36, 'Muatan baru dibuat: MUATAN-060725-04', '114.10.150.176', '2025-07-06 00:56:42'),
(267, 1, 'CREATE_CYCLE_FROM_LOAD', NULL, NULL, 'Siklus baru (ID: 25, No: SIKLUS-STEAM-060725-01) dibuat dan langsung diselesaikan untuk Muatan ID: 36.', '114.10.150.176', '2025-07-06 00:57:28'),
(268, 1, 'GENERATE_LABELS', NULL, NULL, 'Membuat 3 label untuk Muatan ID: 36.', '114.10.150.176', '2025-07-06 00:57:35'),
(269, 1, 'CREATE_LOAD', 'load', 37, 'Muatan baru dibuat: MUATAN-060725-05', '114.10.150.176', '2025-07-06 00:58:30'),
(270, NULL, 'PUBLIC_RECALL_LABEL', 'label', 196, 'Label (UID: AF964478) ditandai \'Recalled\' via aksi publik. Alasan: Sobek', '101.128.90.62', '2025-07-06 03:45:51'),
(271, NULL, 'PUBLIC_MARK_USED', 'label', 197, 'Label (UID: 1EB902C5) ditandai \'Digunakan\' via aksi publik.', '101.128.90.62', '2025-07-06 03:47:04'),
(272, 1, 'UPDATE_LOAD', 'load', 35, 'Detail muatan (ID: 35) telah diperbarui via modal.', '101.128.90.62', '2025-07-06 03:51:07'),
(273, 1, 'CREATE_CYCLE_FROM_LOAD', NULL, NULL, 'Siklus baru (ID: 26, No: SIKLUS-STEAM-060725-02) dibuat dan langsung diselesaikan untuk Muatan ID: 35.', '101.128.90.62', '2025-07-06 03:52:22'),
(274, 1, 'GENERATE_LABELS', NULL, NULL, 'Membuat 1 label untuk Muatan ID: 35.', '101.128.90.62', '2025-07-06 03:52:26'),
(275, NULL, 'PUBLIC_RECALL_LABEL', 'label', 201, 'Label (UID: D63CC499) ditandai \'Recalled\' via aksi publik. Alasan: Sobek', '101.128.90.62', '2025-07-06 03:53:32'),
(276, 1, 'ADD_INTERNAL_NOTE', 'label', 201, 'Catatan internal ditambahkan ke Label UID: D63CC499', '101.128.90.62', '2025-07-06 04:17:35'),
(277, 1, 'ADD_INTERNAL_NOTE', 'label', 201, 'Catatan internal ditambahkan ke Label UID: D63CC499', '101.128.90.62', '2025-07-06 04:17:55'),
(278, NULL, 'PUBLIC_RECALL_LABEL', 'label', 198, 'Label (UID: 5C7B3A50) ditandai \'Recalled\' via aksi publik. Alasan: Rusak', '101.128.90.62', '2025-07-06 04:26:08'),
(279, NULL, 'PUBLIC_RECALL_LABEL', 'label', 194, 'Label (UID: A7659DC8) ditandai \'Recalled\' via aksi publik. Alasan: Bengkok', '101.128.90.62', '2025-07-06 04:30:43'),
(280, 1, 'UPDATE_LOAD_ITEM_SNAPSHOT', 'load_item', 87, 'Snapshot untuk load_item_id: 87 diperbarui.', '101.128.90.62', '2025-07-06 05:13:31'),
(281, 1, 'UPDATE_LOAD_ITEM_SNAPSHOT', 'load_item', 87, 'Snapshot untuk load_item_id: 87 diperbarui.', '101.128.90.62', '2025-07-06 05:34:30'),
(282, 1, 'UPDATE_LOAD_ITEM_SNAPSHOT', 'load_item', 87, 'Snapshot untuk load_item_id: 87 diperbarui.', '101.128.90.62', '2025-07-06 05:41:18'),
(283, 1, 'CREATE_LOAD', 'load', 38, 'Muatan baru dibuat: MUATAN-060725-06', '101.128.90.62', '2025-07-06 05:46:32'),
(284, 1, 'UPDATE_LOAD_ITEM_SNAPSHOT', 'load_item', 94, 'Snapshot untuk load_item_id: 94 diperbarui.', '101.128.90.62', '2025-07-06 05:50:01'),
(285, 1, 'UPDATE_LOAD_ITEM_SNAPSHOT', 'load_item', 91, 'Snapshot untuk load_item_id: 91 diperbarui.', '101.128.90.62', '2025-07-06 06:11:33'),
(286, 1, 'CREATE_LOAD', 'load', 39, 'Muatan baru dibuat: MUATAN-060725-07', '114.10.151.139', '2025-07-06 06:34:04'),
(287, 1, 'CREATE_LOAD', 'load', 40, 'Muatan baru dibuat: MUATAN-060725-08', '114.10.151.139', '2025-07-06 06:56:40'),
(288, 1, 'CREATE_CYCLE_FROM_LOAD', NULL, NULL, 'Siklus baru (ID: 27, No: SIKLUS-STEAM-060725-03) dibuat dan langsung diselesaikan untuk Muatan ID: 40.', '114.10.151.139', '2025-07-06 06:57:15'),
(289, 1, 'CREATE_LOAD', 'load', 41, 'Muatan baru dibuat: MUATAN-060725-09', '114.10.151.209', '2025-07-06 08:56:24'),
(290, 1, 'GENERATE_LABELS', NULL, NULL, 'Membuat 4 label untuk Muatan ID: 40.', '101.128.90.62', '2025-07-06 12:41:01'),
(291, 1, 'GENERATE_LABELS', NULL, NULL, 'Membuat 4 label untuk Muatan ID: 40.', '101.128.90.62', '2025-07-06 12:41:46'),
(292, 1, 'GENERATE_LABELS', NULL, NULL, 'Membuat 4 label untuk Muatan ID: 40.', '101.128.90.62', '2025-07-06 12:42:31'),
(293, 1, 'CREATE_LOAD', 'load', 42, 'Muatan baru dibuat: MUATAN-060725-10', '103.148.200.219', '2025-07-06 12:49:32'),
(294, 1, 'UPDATE_LOAD_ITEM_SNAPSHOT', 'load_item', 158, 'Snapshot untuk load_item_id: 158 diperbarui.', '103.148.200.219', '2025-07-06 12:50:53'),
(295, 1, 'CREATE_CYCLE_FROM_LOAD', NULL, NULL, 'Siklus baru (ID: 28, No: SIKLUS-STEAM-060725-04) dibuat dan langsung diselesaikan untuk Muatan ID: 42.', '103.148.200.219', '2025-07-06 12:51:00'),
(296, 1, 'GENERATE_LABELS', NULL, NULL, 'Membuat 3 label untuk Muatan ID: 42.', '103.148.200.219', '2025-07-06 12:51:02'),
(297, 1, 'CREATE_CYCLE_FROM_LOAD', NULL, NULL, 'Siklus baru (ID: 29, No: SIKLUS-ETO-060725-02) dibuat dan langsung diselesaikan untuk Muatan ID: 38.', '101.128.90.62', '2025-07-06 15:32:47'),
(298, 1, 'GENERATE_LABELS', NULL, NULL, 'Membuat 2 label baru untuk Muatan ID: 38.', '101.128.90.62', '2025-07-06 15:56:03'),
(299, 1, 'GENERATE_LABELS', NULL, NULL, 'Membuat 4 label baru untuk Muatan ID: 40.', '101.128.90.62', '2025-07-06 16:27:48'),
(300, 1, 'GENERATE_LABELS', NULL, NULL, 'Membuat 3 label baru untuk Muatan ID: 42.', '101.128.90.62', '2025-07-06 16:33:45'),
(301, 1, 'CREATE_CYCLE_FROM_LOAD', NULL, NULL, 'Siklus baru (ID: 30, No: SIKLUS-STEAM-070725-01) dibuat dan langsung diselesaikan untuk Muatan ID: 39.', '101.128.90.62', '2025-07-06 23:37:27'),
(302, 1, 'GENERATE_LABELS', NULL, NULL, 'Membuat 1 label baru untuk Muatan ID: 39.', '101.128.90.62', '2025-07-06 23:37:28'),
(303, 1, 'UPDATE_INSTRUMENT_STATUS', 'instrument', 87, 'Status instrumen (ID: 87) diubah menjadi \'rusak\'. Catatan: Bengkok', '101.128.90.62', '2025-07-07 00:35:14'),
(304, 1, 'UPDATE_INSTRUMENT_STATUS', 'instrument', 97, 'Status instrumen (ID: 97) diubah menjadi \'perbaikan\'.', '101.128.90.62', '2025-07-07 00:35:40'),
(305, 5, 'CREATE_LOAD', 'load', 43, 'Muatan baru dibuat: MUATAN-070725-01', '101.128.90.62', '2025-07-07 02:18:00'),
(306, 5, 'CREATE_CYCLE_FROM_LOAD', NULL, NULL, 'Siklus baru (ID: 31, No: SIKLUS-STEAM-070725-02) dibuat dan langsung diselesaikan untuk Muatan ID: 43.', '101.128.90.62', '2025-07-07 02:18:09'),
(307, 5, 'GENERATE_LABELS', NULL, NULL, 'Membuat 2 label baru untuk Muatan ID: 43.', '101.128.90.62', '2025-07-07 02:18:11'),
(308, 1, 'CREATE_LOAD', 'load', 44, 'Muatan baru dibuat: MUATAN-090725-01', '182.2.70.228', '2025-07-09 01:16:40'),
(309, 1, 'CREATE_CYCLE_FROM_LOAD', NULL, NULL, 'Siklus baru (ID: 32, No: SIKLUS-STEAM-090725-01) dibuat dan langsung diselesaikan untuk Muatan ID: 44.', '182.2.70.228', '2025-07-09 01:17:05'),
(310, 1, 'EXPORT_LABELS', NULL, NULL, 'Mengekspor data riwayat label ke CSV.', '182.2.70.228', '2025-07-09 01:18:11'),
(311, 1, 'CREATE_SET', 'set', 67, 'Set instrumen baru dibuat (langkah 1): \'BPH\' (Kode: SET-33558925).', '114.10.153.168', '2025-07-09 04:00:13'),
(312, 1, 'CREATE_SET', 'set', 68, 'Set instrumen baru dibuat (langkah 1): \'Bph\' (Kode: SET-33606034).', '114.125.108.167', '2025-07-09 04:00:14'),
(313, 1, 'CREATE_SET', 'set', 69, 'Set instrumen baru dibuat (langkah 1): \'BPH\' (Kode: SET-33559988).', '112.215.241.79', '2025-07-09 04:00:14'),
(314, 1, 'CREATE_SET', 'set', 70, 'Set instrumen baru dibuat (langkah 1): \'BPH\' (Kode: SET-33559598).', '104.28.162.9', '2025-07-09 04:00:19'),
(315, 1, 'UPDATE_SET', 'set', 67, 'Data set diperbarui untuk: \'BPH\' (ID: 67).', '114.10.153.168', '2025-07-09 04:00:40'),
(316, 1, 'CREATE_SET', 'set', 71, 'Set instrumen baru dibuat (langkah 1): \'BPH\' (Kode: SET-33596663).', '114.5.109.62', '2025-07-09 04:00:46'),
(317, 1, 'CREATE_SET', 'set', 72, 'Set instrumen baru dibuat (langkah 1): \'Bph\' (Kode: SET-33599409).', '112.215.241.79', '2025-07-09 04:00:50'),
(318, 1, 'CREATE_SET', 'set', 73, 'Set instrumen baru dibuat (langkah 1): \'Curet\' (Kode: SET-33575345).', '120.188.75.189', '2025-07-09 04:01:19'),
(319, 1, 'CREATE_LOAD', 'load', 45, 'Muatan baru dibuat: MUATAN-090725-02', '114.10.153.168', '2025-07-09 04:04:27'),
(320, 1, 'CREATE_CYCLE_FROM_LOAD', NULL, NULL, 'Siklus baru (ID: 33, No: SIKLUS-STEAM-090725-02) dibuat dan langsung diselesaikan untuk Muatan ID: 45.', '114.10.153.168', '2025-07-09 04:05:07'),
(321, 1, 'GENERATE_LABELS', NULL, NULL, 'Membuat 5 label baru untuk Muatan ID: 45.', '114.10.153.168', '2025-07-09 04:05:11'),
(322, 1, 'UPDATE_SET', 'set', 72, 'Data set diperbarui untuk: \'Bph\' (ID: 72).', '112.215.241.79', '2025-07-09 04:08:17'),
(323, 1, 'CREATE_LOAD', 'load', 46, 'Muatan baru dibuat: MUATAN-090725-03', '112.215.241.79', '2025-07-09 04:08:33'),
(324, 1, 'CREATE_LOAD', 'load', 47, 'Muatan baru dibuat: MUATAN-090725-04', '104.28.162.9', '2025-07-09 04:08:33'),
(325, 1, 'CREATE_LOAD', 'load', 48, 'Muatan baru dibuat: MUATAN-090725-05', '114.125.108.167', '2025-07-09 04:08:33'),
(326, 1, 'CREATE_LOAD', 'load', 49, 'Muatan baru dibuat: MUATAN-090725-06', '114.5.111.214', '2025-07-09 04:08:33'),
(327, 1, 'CREATE_LOAD', 'load', 50, 'Muatan baru dibuat: MUATAN-090725-07', '114.10.153.168', '2025-07-09 04:08:36'),
(328, 1, 'CREATE_LOAD', 'load', 51, 'Muatan baru dibuat: MUATAN-090725-08', '114.5.109.62', '2025-07-09 04:09:41'),
(329, 1, 'CREATE_LOAD', 'load', 52, 'Muatan baru dibuat: MUATAN-090725-09', '112.215.241.79', '2025-07-09 04:09:47'),
(330, 1, 'CREATE_CYCLE_FROM_LOAD', NULL, NULL, 'Siklus baru (ID: 34, No: SIKLUS-STEAM-090725-03) dibuat dan langsung diselesaikan untuk Muatan ID: 47.', '104.28.162.9', '2025-07-09 04:11:12'),
(331, 1, 'GENERATE_LABELS', NULL, NULL, 'Membuat 5 label baru untuk Muatan ID: 47.', '104.28.162.9', '2025-07-09 04:11:26'),
(332, 1, 'CREATE_LOAD', 'load', 53, 'Muatan baru dibuat: MUATAN-090725-10', '104.28.162.9', '2025-07-09 04:14:29'),
(333, 1, 'CREATE_CYCLE_FROM_LOAD', NULL, NULL, 'Siklus baru (ID: 35, No: SIKLUS-STEAM-090725-04) dibuat dan langsung diselesaikan untuk Muatan ID: 53.', '104.28.162.9', '2025-07-09 04:15:07'),
(334, 1, 'GENERATE_LABELS', NULL, NULL, 'Membuat 5 label baru untuk Muatan ID: 53.', '104.28.162.9', '2025-07-09 04:15:14'),
(335, 1, 'CREATE_LOAD', 'load', 54, 'Muatan baru dibuat: MUATAN-090725-11', '114.5.109.62', '2025-07-09 04:35:49'),
(336, 1, 'UPDATE_SET', 'set', 67, 'Data set diperbarui untuk: \'BPH\' (ID: 67).', '101.128.90.62', '2025-07-09 04:49:12'),
(337, 1, 'UPDATE_SET', 'set', 69, 'Data set diperbarui untuk: \'BPH\' (ID: 69).', '101.128.90.62', '2025-07-09 04:49:28'),
(338, NULL, 'PUBLIC_MARK_USED', 'label', 239, 'Label (UID: B32DC45E) ditandai \'Digunakan\' via aksi publik. Catatan: Digunakan oleh Dr. Budi\nAuthorized oleh Suster Dewi', '101.128.90.62', '2025-07-09 04:57:29'),
(339, 1, 'CREATE_SET', 'set', 74, 'Set instrumen baru dibuat (langkah 1): \'Comel\' (Kode: SET-62249217).', '101.128.90.62', '2025-07-09 11:57:53'),
(340, 1, 'UPDATE_SET', 'set', 74, 'Data set diperbarui untuk: \'Comel\' (ID: 74).', '101.128.90.62', '2025-07-09 11:58:11'),
(341, 1, 'CREATE_LOAD', 'load', 55, 'Muatan baru dibuat: MUATAN-090725-12', '101.128.90.62', '2025-07-09 11:58:35'),
(342, 1, 'CREATE_CYCLE_FROM_LOAD', NULL, NULL, 'Siklus baru (ID: 36, No: SIKLUS-STEAM-090725-05) dibuat dan langsung diselesaikan untuk Muatan ID: 55.', '101.128.90.62', '2025-07-09 11:58:47'),
(343, 1, 'GENERATE_LABELS', NULL, NULL, 'Membuat 1 label baru untuk Muatan ID: 55.', '101.128.90.62', '2025-07-09 11:58:50'),
(344, NULL, 'PUBLIC_MARK_USED', 'label', 244, 'Label (UID: 57C73EE8) ditandai \'Digunakan\' via aksi publik.', '101.128.90.62', '2025-07-09 14:41:16'),
(345, 1, 'GENERATE_LABELS', NULL, NULL, 'Membuat 6 label baru untuk Muatan ID: 44.', '180.242.71.179', '2025-07-13 04:36:35'),
(346, 1, 'CREATE_LOAD', 'load', 56, 'Muatan baru dibuat: MUATAN-140725-01', '114.10.153.146', '2025-07-14 11:50:03'),
(347, 1, 'CREATE_CYCLE_FROM_LOAD', NULL, NULL, 'Siklus baru (ID: 37, No: SIKLUS-STEAM-140725-01) dibuat dan langsung diselesaikan untuk Muatan ID: 56.', '114.10.153.146', '2025-07-14 11:51:23'),
(348, 1, 'GENERATE_LABELS', NULL, NULL, 'Membuat 2 label baru untuk Muatan ID: 56.', '114.10.153.146', '2025-07-14 11:51:29'),
(349, NULL, 'PUBLIC_MARK_USED', 'label', 251, 'Label (UID: F38A434D) ditandai \'Digunakan\' via aksi publik. Catatan: Januar', '114.10.151.176', '2025-07-14 11:52:23'),
(350, 1, 'CREATE_SET', 'set', 75, 'Set instrumen baru dibuat (langkah 1): \'BEDAH GEMOLONG\' (Kode: SET-45276705).', '114.10.153.145', '2025-07-15 02:08:30'),
(351, 1, 'UPDATE_SET', 'set', 75, 'Data set diperbarui untuk: \'BEDAH GEMOLONG\' (ID: 75).', '114.10.153.145', '2025-07-15 02:09:24'),
(352, 1, 'CREATE_LOAD', 'load', 57, 'Muatan baru dibuat: MUATAN-150725-01', '114.10.153.145', '2025-07-15 02:09:55'),
(353, 1, 'CREATE_CYCLE_FROM_LOAD', NULL, NULL, 'Siklus baru (ID: 38, No: SIKLUS-STEAM-150725-01) dibuat dan langsung diselesaikan untuk Muatan ID: 57.', '114.10.153.145', '2025-07-15 02:10:47'),
(354, 1, 'GENERATE_LABELS', NULL, NULL, 'Membuat 3 label baru untuk Muatan ID: 57.', '114.10.153.145', '2025-07-15 02:11:29'),
(355, NULL, 'PUBLIC_MARK_USED', 'label', 254, 'Label (UID: 7B849C59) ditandai \'Digunakan\' via aksi publik. Catatan: Dian', '36.65.124.115', '2025-07-15 02:14:39'),
(356, 1, 'CREATE_SET', 'set', 76, 'Set instrumen baru dibuat (langkah 1): \'BEDAH WARAS WIRIS\' (Kode: SET-52045123).', '114.10.153.145', '2025-07-15 04:01:35'),
(357, 1, 'UPDATE_SET', 'set', 76, 'Data set diperbarui untuk: \'BEDAH WARAS WIRIS\' (ID: 76).', '114.10.153.145', '2025-07-15 04:02:50'),
(358, 1, 'CREATE_LOAD', 'load', 58, 'Muatan baru dibuat: MUATAN-150725-02', '114.10.153.145', '2025-07-15 04:04:08'),
(359, 1, 'CREATE_CYCLE_FROM_LOAD', NULL, NULL, 'Siklus baru (ID: 39, No: SIKLUS-STEAM-150725-02) dibuat dan langsung diselesaikan untuk Muatan ID: 58.', '114.10.153.145', '2025-07-15 04:04:31'),
(360, 1, 'GENERATE_LABELS', NULL, NULL, 'Membuat 2 label baru untuk Muatan ID: 58.', '114.10.153.145', '2025-07-15 04:04:35'),
(361, NULL, 'PUBLIC_MARK_USED', 'label', 257, 'Label (UID: 29A5D286) ditandai \'Digunakan\' via aksi publik. Catatan: Pak Jatmiko', '114.10.153.145', '2025-07-15 04:09:26'),
(362, 1, 'CREATE_SET', 'set', 77, 'Set instrumen baru dibuat (langkah 1): \'MEDIKASI SET RSPA\' (Kode: SET-62930494).', '114.10.150.141', '2025-07-15 07:03:43'),
(363, 1, 'UPDATE_SET', 'set', 77, 'Data set diperbarui untuk: \'MEDIKASI SET RSPA\' (ID: 77).', '114.10.150.141', '2025-07-15 07:06:30'),
(364, 1, 'CREATE_LOAD', 'load', 59, 'Muatan baru dibuat: MUATAN-150725-03', '114.10.150.141', '2025-07-15 07:12:01'),
(365, 1, 'CREATE_LOAD', 'load', 60, 'Muatan baru dibuat: MUATAN-150725-04', '114.10.150.141', '2025-07-15 07:17:25'),
(366, 1, 'CREATE_CYCLE_FROM_LOAD', NULL, NULL, 'Siklus baru (ID: 40, No: SIKLUS-STEAM-150725-03) dibuat dan langsung diselesaikan untuk Muatan ID: 60.', '114.10.150.141', '2025-07-15 07:18:27'),
(367, 1, 'GENERATE_LABELS', NULL, NULL, 'Membuat 1 label baru untuk Muatan ID: 60.', '114.10.150.141', '2025-07-15 07:18:38'),
(368, 1, 'CREATE_LOAD', 'load', 61, 'Muatan baru dibuat: MUATAN-190725-01', '182.2.79.16', '2025-07-19 02:16:37'),
(369, 1, 'CREATE_CYCLE_FROM_LOAD', NULL, NULL, 'Siklus baru (ID: 41, No: SIKLUS-STEAM-190725-01) dibuat dan langsung diselesaikan untuk Muatan ID: 61.', '182.2.79.16', '2025-07-19 02:16:55'),
(370, 1, 'GENERATE_LABELS', NULL, NULL, 'Membuat 2 label baru untuk Muatan ID: 61.', '182.2.79.16', '2025-07-19 02:16:58'),
(371, 1, 'CREATE_LOAD', 'load', 62, 'Muatan baru dibuat: MUATAN-220725-01', '114.10.153.212', '2025-07-22 03:42:04');
INSERT INTO `activity_log` (`log_id`, `user_id`, `action_type`, `target_type`, `target_id`, `details`, `ip_address`, `log_timestamp`) VALUES
(372, 1, 'CREATE_CYCLE_FROM_LOAD', NULL, NULL, 'Siklus baru (ID: 42, No: SIKLUS-STEAM-220725-01) dibuat dan langsung diselesaikan untuk Muatan ID: 62.', '114.10.153.212', '2025-07-22 03:42:33'),
(373, 1, 'EXPORT_LABELS', NULL, NULL, 'Mengekspor data riwayat label ke CSV.', '103.148.200.61', '2025-07-22 07:34:23'),
(374, 1, 'EXPORT_LABELS', NULL, NULL, 'Mengekspor data riwayat label ke CSV.', '118.136.156.40', '2025-07-22 12:26:59'),
(375, 1, 'EXPORT_LABELS', NULL, NULL, 'Mengekspor data riwayat label ke CSV.', '103.148.200.61', '2025-07-22 12:38:26'),
(376, NULL, 'PUBLIC_RECALL_LABEL', 'label', 259, 'Label (UID: EB45F4A4) ditandai \'Recalled\' via aksi publik. Alasan: Barang kurang', '103.148.200.61', '2025-07-22 12:50:05'),
(377, 1, 'ADD_INTERNAL_NOTE', 'label', 259, 'Catatan internal ditambahkan ke Label UID: EB45F4A4', '103.148.200.61', '2025-07-22 12:51:28'),
(378, 1, 'EXPORT_LABELS', NULL, NULL, 'Mengekspor data riwayat label ke CSV.', '118.136.156.40', '2025-07-22 15:05:54'),
(379, 1, 'EXPORT_LABELS', NULL, NULL, 'Mengekspor data riwayat label ke CSV.', '118.136.156.40', '2025-07-22 15:08:10'),
(380, 1, 'EXPORT_LABELS', NULL, NULL, 'Mengekspor data riwayat label ke CSV.', '118.136.156.40', '2025-07-22 15:17:34'),
(381, NULL, 'PUBLIC_RECALL_LABEL', 'label', 260, 'Label (UID: 9DF4BB43) ditandai \'Recalled\' via aksi publik. Alasan: Error', '118.136.156.40', '2025-07-22 15:51:31'),
(382, 1, 'EXPORT_LABELS', NULL, NULL, 'Mengekspor data riwayat label ke CSV.', '118.136.156.40', '2025-07-22 15:52:00'),
(383, 1, 'ADD_INTERNAL_NOTE', 'label', 260, 'Catatan internal ditambahkan ke Label UID: 9DF4BB43', '118.136.156.40', '2025-07-22 15:52:38'),
(384, 1, 'EXPORT_LABELS', NULL, NULL, 'Mengekspor data riwayat label ke CSV.', '118.136.156.40', '2025-07-22 15:52:50'),
(385, 1, 'CREATE_LOAD', 'load', 63, 'Muatan baru dibuat: MUATAN-230725-01', '103.148.200.61', '2025-07-23 00:18:54'),
(386, 1, 'CREATE_CYCLE_FROM_LOAD', NULL, NULL, 'Siklus baru (ID: 43, No: SIKLUS-STEAM-230725-01) dibuat dan langsung diselesaikan untuk Muatan ID: 63.', '103.148.200.61', '2025-07-23 00:19:36'),
(387, 1, 'GENERATE_LABELS', NULL, NULL, 'Membuat 8 label baru untuk Muatan ID: 63.', '103.148.200.61', '2025-07-23 00:19:39'),
(388, 1, 'EXPORT_LABELS', NULL, NULL, 'Mengekspor data riwayat label ke CSV.', '114.10.152.215', '2025-07-23 01:38:08'),
(389, NULL, 'PUBLIC_MARK_USED', 'label', 261, 'Label (UID: 75DB39FF) ditandai \'Digunakan\' via aksi publik. Catatan: Bu nisa', '114.10.151.138', '2025-07-24 03:01:18'),
(390, 1, 'EXPORT_LABELS', NULL, NULL, 'Mengekspor data riwayat label ke CSV.', '114.10.151.138', '2025-07-24 03:02:24'),
(391, 1, 'CREATE_SET', 'set', 78, 'Set instrumen baru dibuat (langkah 1): \'SET LINEN SOEGATEN\' (Kode: SET-26348929).', '114.10.151.138', '2025-07-24 03:06:09'),
(392, 1, 'CREATE_INSTRUMENT', 'instrument', 99, 'Instrumen baru ditambahkan: \'DUK BESAR\'.', '114.10.151.138', '2025-07-24 03:08:01'),
(393, 1, 'CREATE_INSTRUMENT', 'instrument', 100, 'Instrumen baru ditambahkan: \'DUK LUBANG\'.', '114.10.151.138', '2025-07-24 03:08:26'),
(394, 1, 'CREATE_INSTRUMENT', 'instrument', 101, 'Instrumen baru ditambahkan: \'JAS\'.', '114.10.151.138', '2025-07-24 03:08:43'),
(395, 1, 'CREATE_SET', 'set', 79, 'Set instrumen baru dibuat (langkah 1): \'LINEN\' (Kode: SET-26529074).', '114.10.151.138', '2025-07-24 03:09:01'),
(396, 1, 'UPDATE_SET', 'set', 79, 'Data set diperbarui untuk: \'LINEN\' (ID: 79).', '114.10.151.138', '2025-07-24 03:09:30'),
(397, 1, 'CREATE_LOAD', 'load', 64, 'Muatan baru dibuat: MUATAN-240725-01', '114.10.151.138', '2025-07-24 03:09:45'),
(398, 1, 'CREATE_CYCLE_FROM_LOAD', NULL, NULL, 'Siklus baru (ID: 44, No: SIKLUS-STEAM-240725-01) dibuat dan langsung diselesaikan untuk Muatan ID: 64.', '114.10.151.138', '2025-07-24 03:10:15'),
(399, 1, 'GENERATE_LABELS', NULL, NULL, 'Membuat 2 label baru untuk Muatan ID: 64.', '114.10.151.138', '2025-07-24 03:10:18'),
(400, NULL, 'PUBLIC_MARK_USED', 'label', 269, 'Label (UID: C57423CE) ditandai \'Digunakan\' via aksi publik. Catatan: Bu erna', '114.10.151.138', '2025-07-24 03:11:34'),
(401, 1, 'CREATE_LOAD', 'load', 65, 'Muatan baru dibuat: MUATAN-240725-02', '114.10.151.138', '2025-07-24 03:18:33'),
(402, 1, 'CREATE_CYCLE_FROM_LOAD', NULL, NULL, 'Siklus baru (ID: 45, No: SIKLUS-STEAM-240725-02) dibuat dan langsung diselesaikan untuk Muatan ID: 65.', '114.10.151.138', '2025-07-24 03:18:47'),
(403, 1, 'GENERATE_LABELS', NULL, NULL, 'Membuat 1 label baru untuk Muatan ID: 65.', '114.10.151.138', '2025-07-24 03:18:49'),
(404, 1, 'CREATE_LOAD', 'load', 66, 'Muatan baru dibuat: MUATAN-240725-03', '114.10.151.138', '2025-07-24 05:37:19'),
(405, 1, 'CREATE_CYCLE_FROM_LOAD', NULL, NULL, 'Siklus baru (ID: 46, No: SIKLUS-STEAM-240725-03) dibuat dan langsung diselesaikan untuk Muatan ID: 66.', '114.10.151.138', '2025-07-24 05:38:50'),
(406, 1, 'GENERATE_LABELS', NULL, NULL, 'Membuat 4 label baru untuk Muatan ID: 66.', '114.10.151.138', '2025-07-24 05:38:52'),
(407, 1, 'UPDATE_INSTRUMENT', 'instrument', 70, 'Data instrumen diperbarui untuk: \'ABORTUS TANG BENGKOK\' (ID: 70).', '114.10.151.195', '2025-07-28 23:06:57'),
(408, 1, 'UPDATE_INSTRUMENT', 'instrument', 70, 'Data instrumen diperbarui untuk: \'ABORTUS TANG BENGKOK\' (ID: 70).', '114.10.151.195', '2025-07-28 23:07:03'),
(409, 1, 'UPDATE_INSTRUMENT', 'instrument', 71, 'Data instrumen diperbarui untuk: \'ABORTUS TANG LURUS\' (ID: 71).', '114.10.151.195', '2025-07-28 23:08:07'),
(410, 1, 'CREATE_SET', 'set', 80, 'Set instrumen baru dibuat (langkah 1): \'Abortus\' (Kode: SET-44101038).', '114.10.151.195', '2025-07-28 23:08:31'),
(411, 1, 'UPDATE_SET', 'set', 80, 'Data set diperbarui untuk: \'Abortus\' (ID: 80).', '114.10.151.195', '2025-07-28 23:08:38'),
(412, 1, 'CREATE_LOAD', 'load', 67, 'Muatan baru dibuat: MUATAN-290725-01', '114.10.151.195', '2025-07-28 23:09:06'),
(413, 1, 'CREATE_CYCLE_FROM_LOAD', NULL, NULL, 'Siklus baru (ID: 47, No: SIKLUS-STEAM-290725-01) dibuat dan langsung diselesaikan untuk Muatan ID: 67.', '114.10.151.195', '2025-07-28 23:09:30'),
(414, 1, 'GENERATE_LABELS', NULL, NULL, 'Membuat 1 label baru untuk Muatan ID: 67.', '114.10.151.195', '2025-07-28 23:09:40'),
(415, 1, 'CREATE_LOAD', 'load', 68, 'Muatan baru dibuat: MUATAN-290725-02', '182.2.74.50', '2025-07-29 03:22:54'),
(416, 1, 'CREATE_CYCLE_FROM_LOAD', NULL, NULL, 'Siklus baru (ID: 48, No: SIKLUS-STEAM-290725-02) dibuat dan langsung diselesaikan untuk Muatan ID: 68.', '182.2.74.50', '2025-07-29 03:24:12'),
(417, 1, 'GENERATE_LABELS', NULL, NULL, 'Membuat 8 label baru untuk Muatan ID: 68.', '182.2.74.50', '2025-07-29 03:24:18'),
(418, NULL, 'PUBLIC_MARK_USED', 'label', 279, 'Label (UID: 2499A3D9) ditandai \'Digunakan\' via aksi publik. Catatan: Ridlo', '114.10.153.222', '2025-07-30 06:26:46'),
(419, 1, 'EXPORT_LABELS', NULL, NULL, 'Mengekspor data riwayat label ke CSV.', '114.10.153.222', '2025-07-30 06:30:40'),
(420, NULL, 'PUBLIC_RECALL_LABEL', 'label', 263, 'Label (UID: EF3BADB8) ditandai \'Recalled\' via aksi publik. Alasan: Duk klem tidak ada', '114.10.153.222', '2025-07-30 06:41:30'),
(421, 1, 'CREATE_LOAD', 'load', 69, 'Muatan baru dibuat: MUATAN-050825-01', '103.148.200.62', '2025-08-05 01:03:36'),
(422, 1, 'CREATE_CYCLE_FROM_LOAD', NULL, NULL, 'Siklus baru (ID: 49, No: SIKLUS-STEAM-050825-01) dibuat dan langsung diselesaikan untuk Muatan ID: 69.', '103.148.200.62', '2025-08-05 01:03:57'),
(423, 1, 'GENERATE_LABELS', NULL, NULL, 'Membuat 3 label baru untuk Muatan ID: 69.', '103.148.200.62', '2025-08-05 01:03:59'),
(424, 1, 'CREATE_LOAD', 'load', 70, 'Muatan baru dibuat: MUATAN-080825-01', '210.211.17.122', '2025-08-07 17:25:50'),
(425, 1, 'CREATE_CYCLE_FROM_LOAD', NULL, NULL, 'Siklus baru (ID: 50, No: SIKLUS-STEAM-080825-01) dibuat dan langsung diselesaikan untuk Muatan ID: 70.', '210.211.17.122', '2025-08-07 17:26:13'),
(426, 1, 'GENERATE_LABELS', NULL, NULL, 'Membuat 2 label baru untuk Muatan ID: 70.', '210.211.17.122', '2025-08-07 17:26:42'),
(427, 1, 'CREATE_LOAD', 'load', 71, 'Muatan baru dibuat: MUATAN-080825-02', '210.211.17.122', '2025-08-07 17:40:00'),
(428, 1, 'CREATE_CYCLE_FROM_LOAD', NULL, NULL, 'Siklus baru (ID: 51, No: SIKLUS-LTSF-080825-01) dibuat dan langsung diselesaikan untuk Muatan ID: 71.', '210.211.17.122', '2025-08-07 17:40:10'),
(429, 1, 'GENERATE_LABELS', NULL, NULL, 'Membuat 1 label baru untuk Muatan ID: 71.', '210.211.17.122', '2025-08-07 17:40:11'),
(430, 1, 'CREATE_LOAD', 'load', 72, 'Muatan baru dibuat: MUATAN-080825-03', '210.211.17.122', '2025-08-07 17:53:44'),
(431, 1, 'CREATE_CYCLE_FROM_LOAD', NULL, NULL, 'Siklus baru (ID: 52, No: SIKLUS-STEAM-080825-02) dibuat dan langsung diselesaikan untuk Muatan ID: 72.', '210.211.17.122', '2025-08-07 17:53:55'),
(432, 1, 'GENERATE_LABELS', NULL, NULL, 'Membuat 1 label baru untuk Muatan ID: 72.', '210.211.17.122', '2025-08-07 17:53:59'),
(433, 1, 'EXPORT_LABELS', NULL, NULL, 'Mengekspor data riwayat label ke CSV.', '210.211.17.122', '2025-08-11 14:43:00'),
(434, 1, 'EXPORT_LABELS', NULL, NULL, 'Mengekspor data riwayat label ke CSV.', '210.211.17.122', '2025-08-11 14:50:09'),
(435, 1, 'CREATE_LOAD', 'load', 73, 'Muatan baru dibuat: MUATAN-140825-01', '103.148.200.120', '2025-08-14 07:37:44'),
(436, 1, 'CREATE_CYCLE_FROM_LOAD', NULL, NULL, 'Siklus baru (ID: 53, No: SIKLUS-STEAM-140825-01) dibuat dan langsung diselesaikan untuk Muatan ID: 73.', '103.148.200.120', '2025-08-14 07:38:06'),
(437, 1, 'GENERATE_LABELS', NULL, NULL, 'Membuat 9 label baru untuk Muatan ID: 73.', '103.148.200.120', '2025-08-14 07:38:08'),
(438, 1, 'CREATE_INSTRUMENT', 'instrument', 102, 'Instrumen baru ditambahkan: \'gunting kecil dikit\'.', '154.18.184.101', '2025-08-19 12:30:20'),
(439, 1, 'CREATE_SET', 'set', 81, 'Set instrumen baru dibuat (langkah 1): \'SET BEDAH 1 LANTAI 7\' (Kode: SET-06623269).', '154.18.184.101', '2025-08-19 12:30:45'),
(440, 1, 'UPDATE_SET', 'set', 81, 'Data set diperbarui untuk: \'SET BEDAH 1 LANTAI 7\' (ID: 81).', '154.18.184.101', '2025-08-19 12:31:02'),
(441, 1, 'CREATE_LOAD', 'load', 74, 'Muatan baru dibuat: MUATAN-190825-01', '154.18.184.101', '2025-08-19 12:31:17'),
(442, 1, 'CREATE_CYCLE_FROM_LOAD', NULL, NULL, 'Siklus baru (ID: 54, No: SIKLUS-STEAM-190825-01) dibuat dan langsung diselesaikan untuk Muatan ID: 74.', '154.18.184.101', '2025-08-19 12:31:33'),
(443, 1, 'GENERATE_LABELS', NULL, NULL, 'Membuat 1 label baru untuk Muatan ID: 74.', '154.18.184.101', '2025-08-19 12:31:35'),
(444, 1, 'EXPORT_LABELS', NULL, NULL, 'Mengekspor data riwayat label ke CSV.', '154.18.184.101', '2025-08-19 12:38:20'),
(445, NULL, 'PUBLIC_RECALL_LABEL', 'label', 294, 'Label (UID: 5990456C) ditandai \'Recalled\' via aksi publik. Alasan: Bengkok kurang 1', '114.10.123.66', '2025-08-19 12:42:21'),
(446, 1, 'EXPORT_LABELS', NULL, NULL, 'Mengekspor data riwayat label ke CSV.', '154.18.184.101', '2025-08-19 12:43:40'),
(447, 1, 'CREATE_INSTRUMENT_TYPE', NULL, NULL, 'Master data Tipe Instrumen baru ditambahkan: Instrument', '210.211.17.122', '2025-08-19 15:53:17'),
(448, 1, 'DELETE_INSTRUMENT', 'instrument', 1793, 'Instrumen dihapus: \'1/1 SIZE PERF BASKET 485X253X106MM\' (ID: 1793).', '210.211.17.122', '2025-08-19 16:02:48'),
(449, 1, 'DELETE_INSTRUMENT', 'instrument', 834, 'Instrumen dihapus: \'1/1 SIZE PERF BASKET 485X253X106MM\' (ID: 834).', '210.211.17.122', '2025-08-19 16:02:50'),
(450, 1, 'DELETE_INSTRUMENT', 'instrument', 1768, 'Instrumen dihapus: \'1/1 SIZE PERF BASKET 540X253X76MM\' (ID: 1768).', '210.211.17.122', '2025-08-19 16:03:13'),
(451, 1, 'DELETE_INSTRUMENT', 'instrument', 809, 'Instrumen dihapus: \'1/1 SIZE PERF BASKET 540X253X76MM\' (ID: 809).', '210.211.17.122', '2025-08-19 16:03:21'),
(452, 1, 'DELETE_INSTRUMENT', 'instrument', 1109, 'Instrumen dihapus: \'1/2 FORCEP\' (ID: 1109).', '210.211.17.122', '2025-08-19 16:05:16'),
(453, 1, 'DELETE_INSTRUMENT', 'instrument', 150, 'Instrumen dihapus: \'1/2 FORCEP\' (ID: 150).', '210.211.17.122', '2025-08-19 16:05:18'),
(454, 1, 'DELETE_INSTRUMENT', 'instrument', 1026, 'Instrumen dihapus: \'1/2 Forecep\' (ID: 1026).', '210.211.17.122', '2025-08-19 16:09:21'),
(455, 1, 'DELETE_INSTRUMENT', 'instrument', 1702, 'Instrumen dihapus: \'1/2 SIZE PERF BASKET 243X253X76MM\' (ID: 1702).', '210.211.17.122', '2025-08-19 16:09:23'),
(456, 1, 'DELETE_INSTRUMENT', 'instrument', 743, 'Instrumen dihapus: \'1/2 SIZE PERF BASKET 243X253X76MM\' (ID: 743).', '210.211.17.122', '2025-08-19 16:09:26'),
(457, 1, 'DELETE_INSTRUMENT', 'instrument', 1703, 'Instrumen dihapus: \'1/2 SIZE PERF BASKET LID 247X257MM\' (ID: 1703).', '210.211.17.122', '2025-08-19 16:09:29'),
(458, 1, 'DELETE_INSTRUMENT', 'instrument', 744, 'Instrumen dihapus: \'1/2 SIZE PERF BASKET LID 247X257MM\' (ID: 744).', '210.211.17.122', '2025-08-19 16:09:32'),
(459, 1, 'DELETE_INSTRUMENT', 'instrument', 1985, 'Instrumen dihapus: \'1/2 Forecep\' (ID: 1985).', '210.211.17.122', '2025-08-19 16:09:38'),
(460, 1, 'DELETE_INSTRUMENT', 'instrument', 1037, 'Instrumen dihapus: \'1/2Forcep\' (ID: 1037).', '210.211.17.122', '2025-08-19 16:09:41'),
(461, 1, 'DELETE_INSTRUMENT', 'instrument', 1996, 'Instrumen dihapus: \'1/2Forcep\' (ID: 1996).', '210.211.17.122', '2025-08-19 16:09:44'),
(462, 1, 'DELETE_INSTRUMENT', 'instrument', 1681, 'Instrumen dihapus: \'3/4 SIZE PERF BASKET 406X253X56MM\' (ID: 1681).', '210.211.17.122', '2025-08-19 16:10:46'),
(463, 1, 'DELETE_INSTRUMENT', 'instrument', 1342, 'Instrumen dihapus: \'KROM ARTERI KLEM (KECIL)\' (ID: 1342).', '210.211.17.122', '2025-08-19 16:10:58'),
(464, 1, 'DELETE_INSTRUMENT', 'instrument', 722, 'Instrumen dihapus: \'3/4 SIZE PERF BASKET 406X253X56MM\' (ID: 722).', '210.211.17.122', '2025-08-19 16:11:00'),
(465, 1, 'DELETE_INSTRUMENT', 'instrument', 1671, 'Instrumen dihapus: \'3/4-SIZE LID W/RETENTION PLATE SILVER\' (ID: 1671).', '210.211.17.122', '2025-08-19 16:16:48'),
(466, 1, 'DELETE_INSTRUMENT', 'instrument', 712, 'Instrumen dihapus: \'3/4-SIZE LID W/RETENTION PLATE SILVER\' (ID: 712).', '210.211.17.122', '2025-08-19 16:16:51'),
(467, 1, 'CREATE_DEPARTMENT', NULL, NULL, 'Master data Departemen baru ditambahkan: IBS LANTAI 7 RUANG MAWAR', '114.10.4.131', '2025-08-23 09:16:41'),
(468, 1, 'CREATE_DEPARTMENT', NULL, NULL, 'Master data Departemen baru ditambahkan: IBS LANTAI 6 RUANG MELATI', '114.10.4.131', '2025-08-23 09:17:02'),
(469, 1, 'CREATE_LOAD', 'load', 75, 'Muatan baru dibuat: MUATAN-230825-01', '114.10.4.131', '2025-08-23 09:17:25'),
(470, 1, 'CREATE_CYCLE_FROM_LOAD', NULL, NULL, 'Siklus baru (ID: 55, No: SIKLUS-STEAM-230825-01) dibuat dan langsung diselesaikan untuk Muatan ID: 75.', '114.10.4.131', '2025-08-23 09:17:53'),
(471, 1, 'EXPORT_LABELS', NULL, NULL, 'Mengekspor data riwayat label ke CSV.', '114.10.4.131', '2025-08-23 09:18:06'),
(472, 1, 'GENERATE_LABELS', NULL, NULL, 'Membuat 2 label baru untuk Muatan ID: 75.', '114.10.4.131', '2025-08-23 09:18:53'),
(473, 1, 'EXPORT_LABELS', NULL, NULL, 'Mengekspor data riwayat label ke CSV.', '114.10.4.131', '2025-08-23 09:19:12'),
(474, 1, 'CREATE_LOAD', 'load', 76, 'Muatan baru dibuat: MUATAN-230825-02', '101.128.90.62', '2025-08-23 09:28:03'),
(475, 1, 'CREATE_LOAD', 'load', 77, 'Muatan baru dibuat: MUATAN-250825-01', '36.67.108.193', '2025-08-25 03:08:22'),
(476, 1, 'CREATE_CYCLE_FROM_LOAD', NULL, NULL, 'Siklus baru (ID: 56, No: SIKLUS-STEAM-250825-01) dibuat dan langsung diselesaikan untuk Muatan ID: 77.', '36.67.108.193', '2025-08-25 03:08:36'),
(477, 1, 'CREATE_LOAD', 'load', 78, 'Muatan baru dibuat: MUATAN-250825-02', '36.67.108.193', '2025-08-25 03:40:49'),
(478, 1, 'CREATE_LOAD', 'load', 79, 'Muatan baru dibuat: MUATAN-250825-03', '36.67.108.193', '2025-08-25 03:40:50'),
(479, 1, 'CREATE_LOAD', 'load', 80, 'Muatan baru dibuat: MUATAN-250825-04', '36.67.108.193', '2025-08-25 03:40:52'),
(480, 1, 'CREATE_CYCLE_FROM_LOAD', NULL, NULL, 'Siklus baru (ID: 57, No: SIKLUS-STEAM-250825-02) dibuat dan langsung diselesaikan untuk Muatan ID: 80.', '36.67.108.193', '2025-08-25 03:41:14'),
(481, 1, 'GENERATE_LABELS', NULL, NULL, 'Membuat 2 label baru untuk Muatan ID: 80.', '36.67.108.193', '2025-08-25 03:41:25'),
(482, 1, 'EXPORT_LABELS', NULL, NULL, 'Mengekspor data riwayat label ke CSV.', '101.128.90.62', '2025-08-25 06:29:57'),
(483, 1, 'EXPORT_LABELS', NULL, NULL, 'Mengekspor data riwayat label ke CSV.', '101.128.90.62', '2025-08-25 06:30:08'),
(484, 1, 'CREATE_LOAD', 'load', 81, 'Muatan baru dibuat: MUATAN-250825-05', '103.148.200.241', '2025-08-25 11:27:48'),
(485, 1, 'CREATE_LOAD', 'load', 82, 'Muatan baru dibuat: MUATAN-250825-06', '103.148.200.241', '2025-08-25 11:29:04'),
(486, 1, 'UPDATE_SET', 'set', 80, 'Data set diperbarui untuk: \'Abortus\' (ID: 80).', '103.148.200.241', '2025-08-25 11:29:22'),
(487, NULL, 'PUBLIC_MARK_USED', 'label', 297, 'Label (UID: B67D6CE5) ditandai \'Digunakan\' via aksi publik. Catatan: Sudah digunakan', '182.253.137.35', '2025-08-26 06:40:02'),
(488, 1, 'EXPORT_LABELS', NULL, NULL, 'Mengekspor data riwayat label ke CSV.', '114.10.153.166', '2025-08-26 06:40:49'),
(489, 1, 'UPDATE_INSTRUMENT', 'instrument', 954, 'Data instrumen diperbarui untuk: \'ABSON (DESECTOR)\' (ID: 954).', '114.10.153.166', '2025-08-26 07:02:30'),
(490, 1, 'UPDATE_INSTRUMENT', 'instrument', 954, 'Data instrumen diperbarui untuk: \'ABSON (DESECTOR)\' (ID: 954).', '114.10.153.166', '2025-08-26 07:02:42'),
(491, 1, 'UPDATE_INSTRUMENT', 'instrument', 87, 'Data instrumen diperbarui untuk: \'ABC\' (ID: 87).', '101.128.90.62', '2025-08-26 08:05:59'),
(492, 1, 'CREATE_LOAD', 'load', 83, 'Muatan baru dibuat: MUATAN-270825-01', '101.128.90.62', '2025-08-27 12:33:34'),
(493, 1, 'UPDATE_LOAD', 'load', 83, 'Detail muatan (ID: 83) telah diperbarui via modal.', '101.128.90.62', '2025-08-27 12:33:46'),
(494, 1, 'UPDATE_LOAD_ITEM_SNAPSHOT', 'load_item', 251, 'Snapshot untuk load_item_id: 251 diperbarui.', '101.128.90.62', '2025-08-27 12:34:03'),
(495, 1, 'UPDATE_LOAD_ITEM_SNAPSHOT', 'load_item', 251, 'Snapshot untuk load_item_id: 251 diperbarui.', '101.128.90.62', '2025-08-27 12:40:43'),
(496, 1, 'UPDATE_LOAD_ITEM_SNAPSHOT', 'load_item', 251, 'Snapshot untuk load_item_id: 251 diperbarui.', '101.128.90.62', '2025-08-27 12:40:55'),
(497, 1, 'UPDATE_LOAD_ITEM_SNAPSHOT', 'load_item', 252, 'Snapshot untuk load_item_id: 252 diperbarui.', '101.128.90.62', '2025-08-27 12:42:52'),
(498, 1, 'CREATE_CYCLE_FROM_LOAD', NULL, NULL, 'Siklus baru (ID: 58, No: SIKLUS-STEAM-270825-01) dibuat dan langsung diselesaikan untuk Muatan ID: 83.', '101.128.90.62', '2025-08-27 12:43:58'),
(499, 1, 'CREATE_LOAD', 'load', 84, 'Muatan baru dibuat: MUATAN-270825-02', '114.10.152.174', '2025-08-27 12:45:18'),
(500, 1, 'GENERATE_LABELS', NULL, NULL, 'Membuat 3 label baru untuk Muatan ID: 83.', '101.128.90.62', '2025-08-27 12:45:22'),
(501, 1, 'UPDATE_LOAD_ITEM_SNAPSHOT', 'load_item', 256, 'Snapshot untuk load_item_id: 256 diperbarui.', '114.10.152.174', '2025-08-27 12:46:01'),
(502, 1, 'CREATE_LOAD', 'load', 85, 'Muatan baru dibuat: MUATAN-270825-03', '101.128.90.62', '2025-08-27 13:12:53'),
(503, 1, 'CREATE_CYCLE_FROM_LOAD', NULL, NULL, 'Siklus baru (ID: 59, No: SIKLUS-STEAM-270825-02) dibuat dan langsung diselesaikan untuk Muatan ID: 85.', '101.128.90.62', '2025-08-27 13:13:42'),
(504, 1, 'GENERATE_LABELS', NULL, NULL, 'Membuat 2 label baru untuk Muatan ID: 85.', '101.128.90.62', '2025-08-27 13:13:44'),
(505, NULL, 'API_MARK_USED', 'label', 309, 'Label (UID: E02B0EA0) ditandai \'Digunakan\' via API. Catatan: Selesai operasi Apendektomi', '54.86.50.139', '2025-08-29 05:58:29'),
(506, 1, 'API_CREATE_LOAD', 'load', 89, 'Muatan baru dibuat via API: MUATAN-290825-01', '54.86.50.139', '2025-08-29 12:53:40'),
(507, 1, 'API_PROCESS_LOAD', 'load', 89, 'Muatan ID: 89 diproses via API, membuat Siklus ID: 61.', '54.86.50.139', '2025-08-29 13:13:26'),
(508, 1, 'API_GENERATE_LABELS', 'load', 89, 'Membuat 2 label untuk Muatan ID: 89 via API.', '54.86.50.139', '2025-08-29 13:14:11'),
(509, 1, 'GENERATE_LABELS', NULL, NULL, 'Membuat 2 label baru untuk Muatan ID: 89.', '101.128.90.62', '2025-08-29 13:38:43'),
(510, 1, 'API_CREATE_LOAD', 'load', 90, 'Muatan baru dibuat via API: MUATAN-290825-02', '54.86.50.139', '2025-08-29 13:52:47'),
(511, 1, 'API_PROCESS_LOAD', 'load', 90, 'Muatan ID: 90 diproses via API, membuat Siklus ID: 62.', '54.86.50.139', '2025-08-29 13:53:47'),
(512, 1, 'API_GENERATE_LABELS', 'load', 90, 'Membuat 1 label untuk Muatan ID: 90 via API.', '54.86.50.139', '2025-08-29 13:53:51'),
(513, 1, 'API_CREATE_LOAD', 'load', 91, 'Muatan baru dibuat via API: MUATAN-310825-01', '54.86.50.139', '2025-08-31 05:09:00'),
(514, NULL, 'PUBLIC_MARK_USED', 'label', 315, 'Label (UID: 57EE2543) ditandai \'Digunakan\' via aksi publik. Catatan: Test', '210.211.17.122', '2025-09-02 17:15:42'),
(515, NULL, 'PUBLIC_MARK_USED', 'label', 313, 'Label (UID: 5E9A49D9) ditandai \'Digunakan\' via aksi publik. Catatan: GG Dengan bukti foto: proof_5E9A49D9_1756834508.png', '210.211.17.122', '2025-09-02 17:35:08'),
(516, NULL, 'PUBLIC_RECALL_LABEL', 'label', 314, 'Label (UID: 482EF10A) ditandai \'Recalled\' via aksi publik. Alasan: Gagal son Dengan bukti foto: issue_482EF10A_1756836301.png', '210.211.17.122', '2025-09-02 18:05:01'),
(517, 1, 'ADD_INTERNAL_NOTE', 'label', 314, 'Catatan internal ditambahkan ke Label UID: 482EF10A', '210.211.17.122', '2025-09-02 18:42:52'),
(518, 1, 'REVERT_LABEL_USAGE', 'label', 313, 'Penggunaan Label UID: 5E9A49D9 dibatalkan. Alasan: Human Error', '210.211.17.122', '2025-09-02 18:50:37'),
(519, 1, 'VOID_LABEL', 'label', 313, 'Label UID: 5E9A49D9 dibatalkan. Alasan: Human Error', '210.211.17.122', '2025-09-02 19:01:13'),
(520, 1, 'ADD_INTERNAL_NOTE', 'label', 313, 'Catatan internal ditambahkan ke Label UID: 5E9A49D9', '210.211.17.122', '2025-09-02 19:20:55'),
(521, 1, 'UPDATE_INSTRUMENT', 'instrument', 559, 'Data instrumen diperbarui untuk: \'ADENOID CURATAGE\' (ID: 559).', '103.148.200.241', '2025-09-03 01:32:46'),
(522, 1, 'UPDATE_INSTRUMENT', 'instrument', 303, 'Data instrumen diperbarui untuk: \'ANATOMI PINCET\' (ID: 303).', '103.148.200.241', '2025-09-03 01:33:20'),
(523, 1, 'UPDATE_INSTRUMENT', 'instrument', 5, 'Data instrumen diperbarui untuk: \'Arteri Klem Bengkok Besar\' (ID: 5).', '103.148.200.241', '2025-09-03 01:33:44'),
(524, 1, 'CREATE_SET', 'set', 82, 'Set instrumen baru dibuat (langkah 1): \'contoh set dengan gambar\' (Kode: SET-63224263).', '103.148.200.241', '2025-09-03 01:33:58'),
(525, 1, 'CREATE_SET', 'set', 83, 'Set instrumen baru dibuat (langkah 1): \'contoh dengan gambar\' (Kode: SET-63366317).', '103.148.200.241', '2025-09-03 01:36:18'),
(526, 1, 'UPDATE_SET', 'set', 83, 'Data set diperbarui untuk: \'contoh dengan gambar\' (ID: 83).', '103.148.200.241', '2025-09-03 01:37:24'),
(527, 1, 'CREATE_LOAD', 'load', 92, 'Muatan baru dibuat: MUATAN-030925-01', '103.148.200.241', '2025-09-03 01:37:40'),
(528, 1, 'CREATE_CYCLE_FROM_LOAD', NULL, NULL, 'Siklus baru (ID: 63, No: SIKLUS-STEAM-030925-01) dibuat dan langsung diselesaikan untuk Muatan ID: 92.', '103.148.200.241', '2025-09-03 01:37:52'),
(529, 1, 'GENERATE_LABELS', NULL, NULL, 'Membuat 1 label baru untuk Muatan ID: 92.', '103.148.200.241', '2025-09-03 01:38:35'),
(530, 1, 'CREATE_LOAD', 'load', 93, 'Muatan baru dibuat: MUATAN-030925-02', '103.148.200.241', '2025-09-03 01:47:53'),
(531, 1, 'CREATE_CYCLE_FROM_LOAD', NULL, NULL, 'Siklus baru (ID: 64, No: SIKLUS-STEAM-030925-02) dibuat dan langsung diselesaikan untuk Muatan ID: 93.', '103.148.200.241', '2025-09-03 01:48:06'),
(532, 1, 'GENERATE_LABELS', NULL, NULL, 'Membuat 1 label baru untuk Muatan ID: 93.', '103.148.200.241', '2025-09-03 01:48:09'),
(533, 1, 'CREATE_LOAD', 'load', 94, 'Muatan baru dibuat: MUATAN-030925-03', '114.10.5.26', '2025-09-03 14:55:02'),
(534, 1, 'CREATE_LOAD', 'load', 95, 'Muatan baru dibuat: MUATAN-030925-04', '103.148.200.241', '2025-09-03 14:59:55'),
(535, 1, 'UPDATE_SET', 'set', 80, 'Data set diperbarui untuk: \'Abortus\' (ID: 80).', '210.211.17.122', '2025-09-03 15:04:58'),
(536, 1, 'UPDATE_SET', 'set', 17, 'Data set diperbarui untuk: \'CURET IBS\' (ID: 17).', '210.211.17.122', '2025-09-03 15:06:18'),
(537, 1, 'CREATE_CYCLE_FROM_LOAD', NULL, NULL, 'Siklus baru (ID: 65, No: SIKLUS-DH-030925-01) dibuat dan langsung diselesaikan untuk Muatan ID: 94.', '210.211.17.122', '2025-09-03 15:06:49'),
(538, 1, 'GENERATE_LABELS', NULL, NULL, 'Membuat 2 label baru untuk Muatan ID: 94.', '210.211.17.122', '2025-09-03 15:06:52'),
(539, 1, 'CREATE_LOAD', 'load', 96, 'Muatan baru dibuat: MUATAN-030925-05', '210.211.17.122', '2025-09-03 15:08:13'),
(540, 1, 'CREATE_CYCLE_FROM_LOAD', NULL, NULL, 'Siklus baru (ID: 66, No: SIKLUS-STEAM-030925-03) dibuat dan langsung diselesaikan untuk Muatan ID: 96.', '210.211.17.122', '2025-09-03 15:59:14'),
(541, 1, 'GENERATE_LABELS', NULL, NULL, 'Membuat 2 label baru untuk Muatan ID: 96.', '210.211.17.122', '2025-09-03 15:59:18'),
(542, 1, 'CREATE_PACKAGING_TYPE', NULL, NULL, 'Master data Jenis Kemasan baru ditambahkan: Linen (Masa Kedaluwarsa: 7 hari)', '210.211.17.122', '2025-09-05 16:26:45'),
(543, 1, 'CREATE_PACKAGING_TYPE', NULL, NULL, 'Master data Jenis Kemasan baru ditambahkan: Pouches (Masa Kedaluwarsa: 30 hari)', '210.211.17.122', '2025-09-05 16:27:07'),
(544, 1, 'UPDATE_LOAD', 'load', 95, 'Detail muatan (ID: 95) telah diperbarui via modal.', '210.211.17.122', '2025-09-05 16:27:19'),
(545, 1, 'CREATE_CYCLE_FROM_LOAD', NULL, NULL, 'Siklus baru (ID: 67, No: SIKLUS-STEAM-050925-01) dibuat dan langsung diselesaikan untuk Muatan ID: 95.', '210.211.17.122', '2025-09-05 16:27:41'),
(546, 1, 'GENERATE_LABELS', NULL, NULL, 'Membuat 1 label baru untuk Muatan ID: 95.', '210.211.17.122', '2025-09-05 16:27:43'),
(547, 1, 'UPDATE_LOAD', 'load', 91, 'Detail muatan (ID: 91) telah diperbarui via modal.', '210.211.17.122', '2025-09-05 17:09:28'),
(548, 1, 'CREATE_CYCLE_FROM_LOAD', NULL, NULL, 'Siklus baru (ID: 68, No: SIKLUS-STEAM-060925-01) dibuat dan langsung diselesaikan untuk Muatan ID: 91.', '210.211.17.122', '2025-09-05 17:09:35'),
(549, 1, 'GENERATE_LABELS', NULL, NULL, 'Membuat 2 label baru untuk Muatan ID: 91.', '210.211.17.122', '2025-09-05 17:09:36'),
(550, 1, 'CREATE_LOAD', 'load', 97, 'Muatan baru dibuat: MUATAN-060925-01', '210.211.17.122', '2025-09-05 17:10:16'),
(551, 1, 'CREATE_CYCLE_FROM_LOAD', NULL, NULL, 'Siklus baru (ID: 69, No: SIKLUS-STEAM-060925-02) dibuat dan langsung diselesaikan untuk Muatan ID: 97.', '210.211.17.122', '2025-09-05 17:10:42'),
(552, 1, 'GENERATE_LABELS', NULL, NULL, 'Membuat 1 label baru untuk Muatan ID: 97.', '210.211.17.122', '2025-09-05 17:10:44'),
(553, 1, 'UPDATE_SET', 'set', 80, 'Data set diperbarui untuk: \'Abortus\' (ID: 80).', '210.211.17.122', '2025-09-05 17:13:04'),
(554, 1, 'CREATE_LOAD', 'load', 98, 'Muatan baru dibuat: MUATAN-060925-02', '210.211.17.122', '2025-09-05 17:13:27'),
(555, 1, 'CREATE_CYCLE_FROM_LOAD', NULL, NULL, 'Siklus baru (ID: 70, No: SIKLUS-STEAM-060925-03) dibuat dan langsung diselesaikan untuk Muatan ID: 98.', '210.211.17.122', '2025-09-05 17:13:34'),
(556, 1, 'GENERATE_LABELS', NULL, NULL, 'Membuat 1 label baru untuk Muatan ID: 98.', '210.211.17.122', '2025-09-05 17:13:37'),
(557, 1, 'CREATE_LOAD', 'load', 99, 'Muatan baru dibuat: MUATAN-060925-03', '210.211.17.122', '2025-09-05 17:19:36'),
(558, 1, 'UPDATE_LOAD', 'load', 99, 'Detail muatan (ID: 99) telah diperbarui via modal.', '210.211.17.122', '2025-09-05 17:19:48'),
(559, 1, 'CREATE_CYCLE_FROM_LOAD', NULL, NULL, 'Siklus baru (ID: 71, No: SIKLUS-STEAM-060925-04) dibuat dan langsung diselesaikan untuk Muatan ID: 99.', '210.211.17.122', '2025-09-05 17:19:54'),
(560, 1, 'GENERATE_LABELS', NULL, NULL, 'Membuat 1 label baru untuk Muatan ID: 99.', '210.211.17.122', '2025-09-05 17:19:56'),
(561, 1, 'CREATE_LOAD', 'load', 100, 'Muatan baru dibuat: MUATAN-060925-04', '210.211.17.122', '2025-09-05 17:21:46'),
(562, 1, 'UPDATE_LOAD', 'load', 100, 'Detail muatan (ID: 100) telah diperbarui via modal.', '210.211.17.122', '2025-09-05 17:52:58'),
(563, 1, 'CREATE_CYCLE_FROM_LOAD', NULL, NULL, 'Siklus baru (ID: 72, No: SIKLUS-STEAM-060925-05) dibuat dan langsung diselesaikan untuk Muatan ID: 100.', '210.211.17.122', '2025-09-05 17:53:28'),
(564, 1, 'CREATE_LOAD', 'load', 101, 'Muatan baru dibuat: MUATAN-060925-05', '210.211.17.122', '2025-09-05 18:26:06'),
(565, 1, 'CREATE_CYCLE_FROM_LOAD', NULL, NULL, 'Siklus baru (ID: 73, No: SIKLUS-STEAM-060925-06) dibuat dan langsung diselesaikan untuk Muatan ID: 101.', '210.211.17.122', '2025-09-05 18:26:49'),
(566, 1, 'GENERATE_LABELS', NULL, NULL, 'Membuat 1 label baru untuk Muatan ID: 101.', '210.211.17.122', '2025-09-05 18:26:52'),
(567, 1, 'CREATE_LOAD', 'load', 102, 'Muatan baru dibuat: MUATAN-060925-06', '210.211.17.122', '2025-09-05 18:28:17'),
(568, 1, 'DELETE_LOAD', NULL, NULL, 'Muatan dihapus: MUATAN-060925-06 (ID: 102).', '210.211.17.122', '2025-09-05 18:31:35'),
(569, 1, 'CREATE_LOAD', 'load', 103, 'Muatan baru dibuat: MUATAN-060925-06', '210.211.17.122', '2025-09-05 18:31:45'),
(570, 1, 'UPDATE_LOAD', 'load', 103, 'Detail muatan (ID: 103) telah diperbarui via modal.', '210.211.17.122', '2025-09-05 18:33:46'),
(571, 1, 'MERGE_LOAD_TO_CYCLE', NULL, NULL, 'Muatan ID: 103 digabungkan ke Siklus ID: 73.', '210.211.17.122', '2025-09-05 18:37:18'),
(572, 1, 'CREATE_LOAD', 'load', 104, 'Muatan baru dibuat: MUATAN-060925-07', '210.211.17.122', '2025-09-05 18:37:54'),
(573, 1, 'UPDATE_LOAD', 'load', 104, 'Detail muatan (ID: 104) telah diperbarui via modal.', '210.211.17.122', '2025-09-05 18:38:15'),
(574, 1, 'UPDATE_LOAD', 'load', 104, 'Detail muatan (ID: 104) telah diperbarui via modal.', '210.211.17.122', '2025-09-05 18:38:29'),
(575, 1, 'UPDATE_LOAD', 'load', 104, 'Detail muatan (ID: 104) telah diperbarui via modal.', '210.211.17.122', '2025-09-05 18:40:47'),
(576, 1, 'CREATE_LOAD', 'load', 105, 'Muatan baru dibuat: MUATAN-060925-08', '114.10.152.202', '2025-09-05 23:57:09'),
(577, 1, 'UPDATE_SET', 'set', 67, 'Data set diperbarui untuk: \'BPH\' (ID: 67).', '114.10.152.202', '2025-09-05 23:57:44'),
(578, 1, 'CREATE_CYCLE_FROM_LOAD', NULL, NULL, 'Siklus baru (ID: 74, No: SIKLUS-STEAM-070925-01) dibuat dan langsung diselesaikan untuk Muatan ID: 105.', '210.211.17.122', '2025-09-06 19:17:32'),
(579, 1, 'GENERATE_LABELS', NULL, NULL, 'Membuat 1 label baru untuk Muatan ID: 105.', '210.211.17.122', '2025-09-06 19:17:35'),
(580, 1, 'CREATE_LOAD', 'load', 106, 'Muatan baru dibuat: MUATAN-070925-01', '210.211.17.122', '2025-09-06 19:41:41'),
(581, 1, 'CREATE_CYCLE_FROM_LOAD', NULL, NULL, 'Siklus baru (ID: 75, No: SIKLUS-STEAM-070925-02) dibuat dan langsung diselesaikan untuk Muatan ID: 106.', '210.211.17.122', '2025-09-06 19:42:12'),
(582, 1, 'GENERATE_LABELS', NULL, NULL, 'Membuat 1 label baru untuk Muatan ID: 106.', '210.211.17.122', '2025-09-06 19:42:13'),
(583, 1, 'UPDATE_SET', 'set', 67, 'Data set diperbarui untuk: \'KEMASAN\' (ID: 67).', '210.211.17.122', '2025-09-06 19:55:36'),
(584, 1, 'CREATE_LOAD', 'load', 107, 'Muatan baru dibuat: MUATAN-070925-02', '210.211.17.122', '2025-09-06 19:56:19'),
(585, 1, 'CREATE_CYCLE_FROM_LOAD', NULL, NULL, 'Siklus baru (ID: 76, No: SIKLUS-STEAM-070925-03) dibuat dan langsung diselesaikan untuk Muatan ID: 107.', '210.211.17.122', '2025-09-06 19:56:27'),
(586, 1, 'GENERATE_LABELS', NULL, NULL, 'Membuat 1 label baru untuk Muatan ID: 107.', '210.211.17.122', '2025-09-06 19:56:29'),
(587, 1, 'CREATE_LOAD', 'load', 108, 'Muatan baru dibuat: MUATAN-070925-03', '210.211.17.122', '2025-09-06 20:04:54'),
(588, 1, 'CREATE_CYCLE_FROM_LOAD', NULL, NULL, 'Siklus baru (ID: 77, No: SIKLUS-STEAM-070925-04) dibuat dan langsung diselesaikan untuk Muatan ID: 108.', '210.211.17.122', '2025-09-06 20:05:06'),
(589, 1, 'GENERATE_LABELS', NULL, NULL, 'Membuat 1 label baru untuk Muatan ID: 108.', '210.211.17.122', '2025-09-06 20:05:08'),
(590, 1, 'CREATE_PACKAGING_TYPE', NULL, NULL, 'Master data Jenis Kemasan baru ditambahkan: Linen 2 (Masa Kedaluwarsa: 7 hari)', '210.211.17.122', '2025-09-06 20:05:58'),
(591, 1, 'CREATE_LOAD', 'load', 109, 'Muatan baru dibuat: MUATAN-070925-04', '210.211.17.122', '2025-09-06 20:17:18'),
(592, 1, 'CREATE_CYCLE_FROM_LOAD', NULL, NULL, 'Siklus baru (ID: 78, No: SIKLUS-STEAM-070925-05) dibuat dan langsung diselesaikan untuk Muatan ID: 109.', '210.211.17.122', '2025-09-06 20:17:26'),
(593, 1, 'GENERATE_LABELS', NULL, NULL, 'Membuat 1 label baru untuk Muatan ID: 109.', '210.211.17.122', '2025-09-06 20:17:27');

-- --------------------------------------------------------

--
-- Table structure for table `api_keys`
--

CREATE TABLE `api_keys` (
  `id` int(11) NOT NULL,
  `client_name` varchar(100) NOT NULL COMMENT 'Nama sistem/klien yang menggunakan kunci ini',
  `api_key` varchar(255) NOT NULL COMMENT 'Kunci API yang sebenarnya',
  `permissions` varchar(255) DEFAULT 'read_only' COMMENT 'Hak akses (contoh: read_only, read_write)',
  `is_active` tinyint(1) NOT NULL DEFAULT 1,
  `created_at` timestamp NULL DEFAULT current_timestamp(),
  `last_used_at` timestamp NULL DEFAULT NULL
) ENGINE=InnoDB DEFAULT CHARSET=utf8mb4 COLLATE=utf8mb4_unicode_ci;

--
-- Dumping data for table `api_keys`
--

INSERT INTO `api_keys` (`id`, `client_name`, `api_key`, `permissions`, `is_active`, `created_at`, `last_used_at`) VALUES
(1, 'Sistem Informasi Rumah Sakit Utama', 'bfa311292c0664153a042ac6d45a3ef76dee05607d73929e514fe7c5bcaeac39', 'read_write', 1, '2025-08-29 05:44:27', '2025-08-31 05:09:03');

-- --------------------------------------------------------

--
-- Table structure for table `app_settings`
--

CREATE TABLE `app_settings` (
  `setting_name` varchar(100) NOT NULL,
  `setting_value` text DEFAULT NULL,
  `updated_at` timestamp NULL DEFAULT current_timestamp() ON UPDATE current_timestamp()
) ENGINE=InnoDB DEFAULT CHARSET=utf8mb4 COLLATE=utf8mb4_general_ci;

--
-- Dumping data for table `app_settings`
--

INSERT INTO `app_settings` (`setting_name`, `setting_value`, `updated_at`) VALUES
('app_instance_name', 'Sterilabel', '2025-07-07 02:01:25'),
('app_logo_filename', 'logo.png', '2025-07-07 06:05:00'),
('default_expiry_days', '30', '2025-07-06 23:36:58'),
('enable_pending_validation', '0', '2025-06-04 07:24:55'),
('print_template', 'normal', '2025-08-29 13:22:01'),
('show_app_name_beside_logo', '1', '2025-07-05 22:25:43'),
('show_status_block_on_detail_page', '0', '2025-06-04 16:15:13'),
('staff_can_manage_instruments', '0', '2025-07-06 03:31:58'),
('staff_can_manage_sets', '0', '2025-07-06 01:39:50'),
('staff_can_view_activity_log', '0', '2025-07-06 01:39:50'),
('thermal_custom_text_1', 'CSSD LIFIRA MITRA ABADI', '2025-07-29 02:44:25'),
('thermal_custom_text_2', 'Surakarta', '2025-07-29 02:44:25'),
('thermal_fields_config', '{\"item_name\":{\"visible\":false,\"order\":3,\"hide_label\":true,\"custom_label\":\"\"},\"label_title\":{\"visible\":true,\"order\":2,\"hide_label\":true,\"custom_label\":\"\"},\"created_at\":{\"visible\":true,\"order\":5,\"hide_label\":false,\"custom_label\":\"Prd\"},\"expiry_date\":{\"visible\":true,\"order\":6,\"hide_label\":false,\"custom_label\":\"Exp\"},\"label_unique_id\":{\"visible\":false,\"order\":4,\"hide_label\":true,\"custom_label\":\"\"},\"load_name\":{\"visible\":false,\"order\":7,\"hide_label\":false,\"custom_label\":\"\"},\"cycle_number\":{\"visible\":false,\"order\":8,\"hide_label\":false,\"custom_label\":\"\"},\"machine_name\":{\"visible\":false,\"order\":9,\"hide_label\":false,\"custom_label\":\"\"},\"creator_username\":{\"visible\":true,\"order\":15,\"hide_label\":false,\"custom_label\":\"Dibuat\"},\"used_at\":{\"visible\":false,\"order\":14,\"hide_label\":false,\"custom_label\":\"\"},\"notes\":{\"visible\":false,\"order\":16,\"hide_label\":false,\"custom_label\":\"\"},\"custom_text_1\":{\"visible\":true,\"order\":1,\"hide_label\":true,\"custom_label\":\"\"},\"custom_text_2\":{\"visible\":false,\"order\":17,\"hide_label\":false,\"custom_label\":\"\"},\"cycle_operator_name\":{\"visible\":false,\"order\":10,\"hide_label\":false,\"custom_label\":\"\"},\"cycle_date\":{\"visible\":false,\"order\":11,\"hide_label\":false,\"custom_label\":\"\"},\"load_creator_name\":{\"visible\":false,\"order\":12,\"hide_label\":false,\"custom_label\":\"\"},\"destination_department_name\":{\"visible\":false,\"order\":13,\"hide_label\":false,\"custom_label\":\"Tujuan\"}}', '2025-08-29 13:22:17'),
('thermal_fields_visibility', '{\"item_name\":false,\"label_unique_id\":false,\"autoclave_cycle_id\":false,\"created_at\":false,\"expiry_date\":false,\"creator_username\":false,\"notes\":false}', '2025-05-29 16:26:33'),
('thermal_paper_height_mm', '70', '2025-08-27 12:22:36'),
('thermal_paper_width_mm', '70', '2025-05-31 09:39:00'),
('thermal_qr_position', 'top_center', '2025-08-29 13:22:06'),
('thermal_qr_size', 'medium', '2025-08-27 12:19:23');

-- --------------------------------------------------------

--
-- Table structure for table `departments`
--

CREATE TABLE `departments` (
  `department_id` int(11) NOT NULL,
  `department_name` varchar(100) NOT NULL,
  `is_active` tinyint(1) NOT NULL DEFAULT 1,
  `created_at` timestamp NOT NULL DEFAULT current_timestamp()
) ENGINE=InnoDB DEFAULT CHARSET=utf8mb4 COLLATE=utf8mb4_general_ci COMMENT='Master data untuk nama departemen atau unit.';

--
-- Dumping data for table `departments`
--

INSERT INTO `departments` (`department_id`, `department_name`, `is_active`, `created_at`) VALUES
(1, 'IBS', 1, '2025-06-26 15:39:21'),
(2, 'PEDIATRIK', 1, '2025-06-26 15:39:21'),
(3, 'THT', 1, '2025-06-26 15:39:21'),
(4, 'CSSD', 1, '2025-06-26 15:39:21'),
(8, 'Administrasi', 1, '2025-06-27 04:35:52'),
(9, 'EDR', 0, '2025-07-01 13:23:35'),
(10, 'BOH', 0, '2025-07-01 13:23:44'),
(11, 'IBS LANTAI 7 RUANG MAWAR', 1, '2025-08-23 09:16:41'),
(12, 'IBS LANTAI 6 RUANG MELATI', 1, '2025-08-23 09:17:02');

-- --------------------------------------------------------

--
-- Table structure for table `instruments`
--

CREATE TABLE `instruments` (
  `instrument_id` int(11) NOT NULL,
  `instrument_name` varchar(255) NOT NULL,
  `instrument_code` varchar(100) DEFAULT NULL,
  `instrument_type_id` int(11) DEFAULT NULL,
  `department_id` int(11) NOT NULL,
  `notes` text DEFAULT NULL,
  `image_filename` varchar(255) DEFAULT NULL,
  `status` varchar(50) NOT NULL DEFAULT 'tersedia',
  `expiry_in_days` int(5) DEFAULT NULL COMMENT 'Masa kedaluwarsa standar untuk instrumen ini dalam hari. NULL berarti menggunakan pengaturan global.',
  `created_by_user_id` int(11) DEFAULT NULL,
  `created_at` timestamp NULL DEFAULT current_timestamp(),
  `updated_at` timestamp NULL DEFAULT current_timestamp() ON UPDATE current_timestamp()
) ENGINE=InnoDB DEFAULT CHARSET=utf8mb4 COLLATE=utf8mb4_general_ci;

--
-- Dumping data for table `instruments`
--

INSERT INTO `instruments` (`instrument_id`, `instrument_name`, `instrument_code`, `instrument_type_id`, `department_id`, `notes`, `image_filename`, `status`, `expiry_in_days`, `created_by_user_id`, `created_at`, `updated_at`) VALUES
(5, 'Arteri Klem Bengkok Besar', NULL, 1, 1, NULL, 'inst_68b79af8aac268.33173173.jpg', 'tersedia', NULL, 1, '2025-05-30 06:42:18', '2025-09-03 01:33:44'),
(6, 'Arteri klem bengkok kecil', NULL, 1, 1, NULL, NULL, 'tersedia', NULL, 1, '2025-05-30 06:43:02', '2025-07-05 20:04:02'),
(7, 'Arteri klem koker bengkok besar', NULL, 1, 1, NULL, NULL, 'tersedia', NULL, 1, '2025-05-30 06:43:26', '2025-06-26 15:39:21'),
(8, 'Arteri klem koker bengkok kecil', NULL, 1, 1, NULL, NULL, 'tersedia', NULL, 1, '2025-05-30 06:43:43', '2025-06-26 15:39:21'),
(9, 'Arteri klem koker lurus besar', NULL, 1, 1, NULL, NULL, 'tersedia', NULL, 1, '2025-05-30 06:44:44', '2025-06-26 15:39:21'),
(10, 'Arteri klem koker lurus kecil', NULL, 1, 1, NULL, NULL, 'tersedia', NULL, 1, '2025-05-30 06:44:59', '2025-06-26 15:39:21'),
(11, 'Arteri klem lurus', NULL, 1, 1, NULL, NULL, 'tersedia', NULL, 1, '2025-05-30 06:45:26', '2025-06-26 15:39:21'),
(12, 'Bak instrumen', NULL, 1, 1, NULL, NULL, 'tersedia', NULL, 1, '2025-05-30 06:45:55', '2025-06-26 15:39:21'),
(13, 'Bak jarum', NULL, 1, 1, NULL, NULL, 'tersedia', NULL, 1, '2025-05-30 06:46:05', '2025-06-26 15:39:21'),
(14, 'Bekok / klem tuba', NULL, 1, 1, NULL, NULL, 'tersedia', NULL, 1, '2025-05-30 06:46:21', '2025-06-26 15:39:21'),
(15, 'Bengkok', NULL, 1, 1, NULL, NULL, 'tersedia', NULL, 1, '2025-05-30 06:46:38', '2025-06-26 15:39:21'),
(16, 'Depres tang', NULL, 1, 1, NULL, NULL, 'tersedia', NULL, 1, '2025-05-30 06:46:52', '2025-06-26 15:39:21'),
(17, 'Duk klem', NULL, 1, 1, NULL, NULL, 'tersedia', NULL, 1, '2025-05-30 06:47:02', '2025-06-26 15:39:21'),
(18, 'Ellys klem', NULL, 1, 1, NULL, NULL, 'tersedia', NULL, 1, '2025-05-30 06:47:15', '2025-06-26 15:39:21'),
(19, 'Gunting benang', NULL, 1, 1, NULL, NULL, 'tersedia', NULL, 1, '2025-05-30 06:47:31', '2025-06-26 15:39:21'),
(20, 'Gunting jaringan', NULL, 1, 1, NULL, NULL, 'tersedia', NULL, 1, '2025-05-30 06:47:40', '2025-06-26 15:39:21'),
(21, 'Gunting mest sembung', NULL, 1, 1, NULL, NULL, 'tersedia', NULL, 1, '2025-05-30 06:48:01', '2025-06-26 15:39:21'),
(22, 'Haag besar / roo haag', NULL, 1, 1, NULL, NULL, 'tersedia', NULL, 1, '2025-05-30 06:48:27', '2025-06-26 15:39:21'),
(23, 'Haag blast', NULL, 1, 1, NULL, NULL, 'tersedia', NULL, 1, '2025-05-30 06:48:37', '2025-06-26 15:39:21'),
(24, 'Haag kecil / langen hag', NULL, 1, 1, NULL, NULL, 'tersedia', NULL, 1, '2025-05-30 06:49:12', '2025-06-26 15:39:21'),
(25, 'Haag sedang', NULL, 1, 1, NULL, NULL, 'tersedia', NULL, 1, '2025-05-30 06:49:24', '2025-06-26 15:39:21'),
(26, 'Handel mess', NULL, 1, 1, NULL, NULL, 'tersedia', NULL, 1, '2025-05-30 06:49:42', '2025-06-26 15:39:21'),
(27, 'Kanul section', NULL, 1, 1, NULL, NULL, 'tersedia', NULL, 1, '2025-05-30 06:49:58', '2025-06-26 15:39:21'),
(28, 'Kogel tang / Tenakulum', NULL, 1, 1, NULL, NULL, 'tersedia', NULL, 1, '2025-05-30 06:50:18', '2025-06-26 15:39:21'),
(29, 'Kom betadin', NULL, 1, 1, NULL, NULL, 'tersedia', NULL, 1, '2025-05-30 06:50:35', '2025-06-26 15:39:21'),
(30, 'Micolik / Klem Peritoneum', NULL, 1, 1, NULL, NULL, 'tersedia', NULL, 1, '2025-05-30 06:51:04', '2025-06-26 15:39:21'),
(31, 'Nald Voeder', NULL, 1, 1, NULL, NULL, 'tersedia', NULL, 1, '2025-05-30 06:51:16', '2025-06-26 15:39:21'),
(32, 'Pinset Anatomis', NULL, 1, 1, NULL, NULL, 'tersedia', NULL, 1, '2025-05-30 06:51:27', '2025-06-26 15:39:21'),
(33, 'Pinset Cirurgis', NULL, 1, 1, NULL, NULL, 'tersedia', NULL, 1, '2025-05-30 06:51:50', '2025-06-26 15:39:21'),
(34, 'Pinset Ring', NULL, 1, 1, NULL, NULL, 'tersedia', NULL, 1, '2025-05-30 06:52:02', '2025-06-26 15:39:21'),
(35, 'Ring Klem / Ring Tang', NULL, 1, 1, NULL, NULL, 'tersedia', NULL, 1, '2025-05-30 06:52:16', '2025-06-26 15:39:21'),
(36, 'Spatel', NULL, 1, 1, NULL, NULL, 'tersedia', NULL, 1, '2025-05-30 06:52:24', '2025-06-26 15:39:21'),
(37, 'Stintang', NULL, 1, 1, NULL, NULL, 'tersedia', NULL, 1, '2025-05-30 06:52:32', '2025-06-26 15:39:21'),
(39, 'BOOR MIOMA', NULL, 2, 1, NULL, NULL, 'tersedia', NULL, 5, '2025-06-11 05:30:08', '2025-06-26 15:39:21'),
(40, 'TIMAN', NULL, 2, 1, NULL, NULL, 'tersedia', NULL, 5, '2025-06-11 05:30:58', '2025-06-26 15:39:21'),
(41, 'SPERNHAAG', NULL, 3, 1, NULL, NULL, 'tersedia', NULL, 5, '2025-06-11 05:33:36', '2025-06-26 15:39:21'),
(42, 'BUSI', NULL, 4, 2, NULL, NULL, 'tersedia', NULL, 5, '2025-06-11 05:36:54', '2025-06-26 15:39:21'),
(43, 'BAK ALAT', NULL, 4, 1, NULL, NULL, 'tersedia', NULL, 5, '2025-06-11 05:37:16', '2025-06-26 15:39:21'),
(44, 'DARM KLEM', NULL, 4, 1, NULL, NULL, 'tersedia', NULL, 5, '2025-06-11 05:37:53', '2025-06-26 15:39:21'),
(45, 'HAAG CAKAR', NULL, 4, 2, NULL, NULL, 'tersedia', NULL, 5, '2025-06-11 05:38:28', '2025-06-26 15:39:21'),
(46, 'HAG OTOMATIS', NULL, 4, 2, NULL, NULL, 'tersedia', NULL, 5, '2025-06-11 05:38:45', '2025-06-26 15:39:21'),
(47, 'KLEM GASTER', NULL, 4, 2, NULL, NULL, 'tersedia', NULL, 5, '2025-06-11 05:39:06', '2025-06-26 15:39:21'),
(48, 'MIKOLIK', NULL, 4, 2, NULL, NULL, 'tersedia', NULL, 5, '2025-06-11 05:39:22', '2025-06-26 15:39:21'),
(49, 'GUNTING LANCIP', NULL, 5, 3, NULL, NULL, 'tersedia', NULL, 5, '2025-06-11 05:42:17', '2025-06-26 15:39:21'),
(50, 'GUNTING MATSEMBAUM', NULL, 5, 3, NULL, NULL, 'tersedia', NULL, 5, '2025-06-11 05:42:37', '2025-06-26 15:39:21'),
(51, 'HAAG GIGI', NULL, 5, 3, NULL, NULL, 'tersedia', NULL, 5, '2025-06-11 05:42:49', '2025-06-26 15:39:21'),
(52, 'HAAG MULUT OTOMATIS', NULL, 5, 3, NULL, NULL, 'tersedia', NULL, 5, '2025-06-11 05:43:03', '2025-06-26 15:39:21'),
(53, 'HAAG U', NULL, 5, 3, NULL, NULL, 'tersedia', NULL, 5, '2025-06-11 05:43:15', '2025-06-26 15:39:21'),
(54, 'HANDLE SAULDER', NULL, 5, 3, NULL, NULL, 'tersedia', NULL, 5, '2025-06-11 05:43:27', '2025-06-26 15:39:21'),
(55, 'HANDLE WAYER', NULL, 5, 3, NULL, NULL, 'tersedia', NULL, 5, '2025-06-11 05:43:36', '2025-06-26 15:39:21'),
(56, 'KEROK', NULL, 5, 3, NULL, NULL, 'tersedia', NULL, 5, '2025-06-11 05:43:43', '2025-06-26 15:39:21'),
(57, 'KLEM POLIP', NULL, 5, 3, NULL, NULL, 'tersedia', NULL, 5, '2025-06-11 05:43:55', '2025-06-26 15:39:21'),
(58, 'KLEM TONSIL', NULL, 5, 3, NULL, NULL, 'tersedia', NULL, 5, '2025-06-11 05:44:04', '2025-06-26 15:39:21'),
(59, 'KROM BENGKOK BESAR', NULL, 5, 3, NULL, NULL, 'tersedia', NULL, 5, '2025-06-11 05:44:18', '2025-06-26 15:39:21'),
(60, 'MATA BOOR', NULL, 5, 3, NULL, NULL, 'tersedia', NULL, 5, '2025-06-11 05:44:26', '2025-06-26 15:39:21'),
(61, 'PENGIKAT BENANG', NULL, 5, 3, NULL, NULL, 'tersedia', NULL, 5, '2025-06-11 05:44:40', '2025-06-26 15:39:21'),
(62, 'PISAU LANCIP', NULL, 5, 3, NULL, NULL, 'tersedia', NULL, 5, '2025-06-11 05:44:54', '2025-06-26 15:39:21'),
(63, 'PISAU SOULDER', NULL, 5, 3, NULL, NULL, 'tersedia', NULL, 5, '2025-06-11 05:45:13', '2025-06-26 15:39:21'),
(64, 'RESPARATORIUM', NULL, 5, 3, NULL, NULL, 'tersedia', NULL, 5, '2025-06-11 05:45:23', '2025-06-26 15:39:21'),
(65, 'SONDE', NULL, 5, 3, NULL, NULL, 'tersedia', NULL, 5, '2025-06-11 05:45:30', '2025-06-26 15:39:21'),
(66, 'SONDE ULIR', NULL, 5, 3, NULL, NULL, 'tersedia', NULL, 5, '2025-06-11 05:45:40', '2025-06-26 15:39:21'),
(67, 'TONGUE SPATEL', NULL, 5, 3, NULL, NULL, 'tersedia', NULL, 5, '2025-06-11 05:45:54', '2025-06-26 15:39:21'),
(68, 'TONSIL HAAG', NULL, 5, 3, NULL, NULL, 'tersedia', NULL, 5, '2025-06-11 05:46:04', '2025-06-26 15:39:21'),
(70, 'ABORTUS TANG BENGKOK', NULL, 6, 1, NULL, 'inst_688802913b9509.17571248.jpg', 'tersedia', NULL, 5, '2025-06-11 06:26:26', '2025-07-28 23:07:03'),
(71, 'ABORTUS TANG LURUS', NULL, 6, 1, NULL, 'inst_688802d7d22c66.00373361.jpg', 'tersedia', NULL, 5, '2025-06-11 06:26:43', '2025-07-28 23:08:07'),
(72, 'BUSI BESAR', NULL, 6, 1, NULL, NULL, 'tersedia', NULL, 5, '2025-06-11 06:27:48', '2025-06-26 15:39:21'),
(73, 'BUSI KECIL', NULL, 6, 1, NULL, NULL, 'tersedia', NULL, 5, '2025-06-11 06:28:10', '2025-06-26 15:39:21'),
(74, 'CUCING', NULL, 6, 1, NULL, NULL, 'tersedia', NULL, 5, '2025-06-11 06:28:27', '2025-06-26 15:39:21'),
(75, 'CURET UTERUS', NULL, 6, 1, NULL, NULL, 'tersedia', NULL, 5, '2025-06-11 06:28:49', '2025-06-26 15:39:21'),
(76, 'HANDIE SPEKULUM', NULL, 6, 1, NULL, NULL, 'tersedia', NULL, 5, '2025-06-11 06:29:12', '2025-06-26 15:39:21'),
(77, 'KLEM PA', NULL, 6, 1, NULL, NULL, 'tersedia', NULL, 5, '2025-06-11 06:29:30', '2025-06-26 15:39:21'),
(78, 'KRITELER', NULL, 6, 1, NULL, NULL, 'tersedia', NULL, 5, '2025-06-11 06:29:49', '2025-06-26 15:39:21'),
(79, 'VAGINA SPEKULUM', NULL, 6, 1, NULL, NULL, 'tersedia', NULL, 5, '2025-06-11 06:30:22', '2025-06-26 15:39:21'),
(80, 'TENA KULUM', NULL, 6, 1, NULL, NULL, 'tersedia', NULL, 5, '2025-06-11 06:30:39', '2025-06-26 15:39:21'),
(81, 'UTERUS KLEM', NULL, 6, 1, NULL, NULL, 'tersedia', NULL, 5, '2025-06-11 06:31:00', '2025-06-26 15:39:21'),
(82, 'WEIGHT BANDUL', NULL, 6, 1, NULL, NULL, 'tersedia', NULL, 5, '2025-06-11 06:31:21', '2025-06-26 15:39:21'),
(85, 'Gunting', 'test', 1, 4, 'saadsad', NULL, 'tersedia', NULL, 1, '2025-06-25 16:40:14', '2025-06-26 15:39:21'),
(86, 'Kasa', 'JOJOLE', 1, 2, 'Catattt', NULL, 'tersedia', NULL, 1, '2025-06-28 17:31:52', '2025-06-28 17:31:52'),
(87, 'ABC', 'INST-999', 6, 4, 'CATATAN SI BOY', 'inst_6868c2b042ade6.49021739.jpg', 'rusak', 7, 1, '2025-06-30 14:59:46', '2025-08-26 08:05:59'),
(88, 'Cukil', NULL, 6, 4, 'Catantaan si boy', 'inst_6862abf45b9ad5.39175624.png', 'tersedia', NULL, 1, '2025-06-30 15:23:32', '2025-06-30 15:23:32'),
(97, 'abc', 'INST-83787748', 7, 8, NULL, NULL, 'perbaikan', NULL, 1, '2025-07-01 15:29:51', '2025-07-07 00:35:40'),
(98, 'test', 'INST-90931825', 7, 8, NULL, NULL, 'tersedia', NULL, 1, '2025-07-01 17:29:05', '2025-07-01 17:29:05'),
(99, 'DUK BESAR', 'INST-26454791', 7, 4, NULL, NULL, 'tersedia', 2, 1, '2025-07-24 03:08:01', '2025-07-24 03:08:01'),
(100, 'DUK LUBANG', 'INST-26481224', 7, 4, NULL, NULL, 'tersedia', 4, 1, '2025-07-24 03:08:26', '2025-07-24 03:08:26'),
(101, 'JAS', 'INST-26505031', 7, 4, NULL, NULL, 'tersedia', 1, 1, '2025-07-24 03:08:43', '2025-07-24 03:08:43'),
(102, 'gunting kecil dikit', 'INST-06598378', 8, 4, NULL, NULL, 'tersedia', 7, 1, '2025-08-19 12:30:20', '2025-08-19 12:30:20'),
(103, 'BAB COCK / ELIS KLEM', 'INST-72E40197DB', 9, 4, '', NULL, 'tersedia', NULL, 1, '2025-08-19 15:54:09', '2025-08-19 15:54:09'),
(104, 'CUCING', 'INST-3F3C51D5A1', 9, 4, '', NULL, 'tersedia', NULL, 1, '2025-08-19 15:54:09', '2025-08-19 15:54:09'),
(105, 'DARMKLEM BENGKOK', 'INST-5437CD2C50', 9, 4, '', NULL, 'tersedia', NULL, 1, '2025-08-19 15:54:09', '2025-08-19 15:54:09'),
(106, 'DARMKLEM LURUS', 'INST-63B0BCD025', 9, 4, '', NULL, 'tersedia', NULL, 1, '2025-08-19 15:54:09', '2025-08-19 15:54:09'),
(107, 'DUK KLEM', 'INST-02E259A797', 9, 4, '', NULL, 'tersedia', NULL, 1, '2025-08-19 15:54:09', '2025-08-19 15:54:09'),
(108, 'GUNTING BENANG', 'INST-F1C23DB167', 9, 4, '', NULL, 'tersedia', NULL, 1, '2025-08-19 15:54:09', '2025-08-19 15:54:09'),
(109, 'GUNTING METZEMBUM', 'INST-80F8B4687B', 9, 4, '', NULL, 'tersedia', NULL, 1, '2025-08-19 15:54:09', '2025-08-19 15:54:09'),
(110, 'HAAK TAJAM TUMPUL', 'INST-6844431EE4', 9, 4, '', NULL, 'tersedia', NULL, 1, '2025-08-19 15:54:09', '2025-08-19 15:54:09'),
(111, 'HAAK RUNCING GIGI', 'INST-133C7FC123', 9, 4, '', NULL, 'tersedia', NULL, 1, '2025-08-19 15:54:09', '2025-08-19 15:54:09'),
(112, 'HAKTANGGUNG PACUL', 'INST-41F20E2929', 9, 4, '', NULL, 'tersedia', NULL, 1, '2025-08-19 15:54:09', '2025-08-19 15:54:09'),
(113, 'HAAK LANGEN', 'INST-9487534CE8', 9, 4, '', NULL, 'tersedia', NULL, 1, '2025-08-19 15:54:09', '2025-08-19 15:54:09'),
(114, 'HAAK SPREDER', 'INST-73BFA50ACF', 9, 4, '', NULL, 'tersedia', NULL, 1, '2025-08-19 15:54:09', '2025-08-19 15:54:09'),
(115, 'HANDLE MESS No.3', 'INST-38F7BC8F60', 9, 4, '', NULL, 'tersedia', NULL, 1, '2025-08-19 15:54:09', '2025-08-19 15:54:09'),
(116, 'KANULA SUCTION', 'INST-2DDEF6530E', 9, 4, '', NULL, 'tersedia', NULL, 1, '2025-08-19 15:54:09', '2025-08-19 15:54:09'),
(117, 'KOCKER KECIL', 'INST-31423DD3CD', 9, 4, '', NULL, 'tersedia', NULL, 1, '2025-08-19 15:54:09', '2025-08-19 15:54:09'),
(118, 'KOCKER PANJANG', 'INST-A1819A4F84', 9, 4, '', NULL, 'tersedia', NULL, 1, '2025-08-19 15:54:09', '2025-08-19 15:54:09'),
(119, 'KROM PANJANG', 'INST-F804372712', 9, 4, '', NULL, 'tersedia', NULL, 1, '2025-08-19 15:54:09', '2025-08-19 15:54:09'),
(120, 'KROM KECIL', 'INST-D221E57031', 9, 4, '', NULL, 'tersedia', NULL, 1, '2025-08-19 15:54:09', '2025-08-19 15:54:09'),
(121, 'KROP SONDE', 'INST-321FFFD709', 9, 4, '', NULL, 'tersedia', NULL, 1, '2025-08-19 15:54:09', '2025-08-19 15:54:09'),
(122, 'NALD VOEDER', 'INST-BCDB914A03', 9, 4, '', NULL, 'tersedia', NULL, 1, '2025-08-19 15:54:09', '2025-08-19 15:54:09'),
(123, 'NAMPAN', 'INST-A0FB5F7616', 9, 4, '', NULL, 'tersedia', NULL, 1, '2025-08-19 15:54:09', '2025-08-19 15:54:09'),
(124, 'PEAN ARTERI KLEM', 'INST-4D31F672EA', 9, 4, '', NULL, 'tersedia', NULL, 1, '2025-08-19 15:54:09', '2025-08-19 15:54:09'),
(125, 'PERITONIUM KLEM', 'INST-78C7E6911A', 9, 4, '', NULL, 'tersedia', NULL, 1, '2025-08-19 15:54:09', '2025-08-19 15:54:09'),
(126, 'PINCET ANATOMI', 'INST-F99015496E', 9, 4, '', NULL, 'tersedia', NULL, 1, '2025-08-19 15:54:09', '2025-08-19 15:54:09'),
(127, 'PINCETCHIRURGI', 'INST-E470A99375', 9, 4, '', NULL, 'tersedia', NULL, 1, '2025-08-19 15:54:09', '2025-08-19 15:54:09'),
(128, 'CURET', 'INST-E4C11811AD', 9, 4, '', NULL, 'tersedia', NULL, 1, '2025-08-19 15:54:09', '2025-08-19 15:54:09'),
(129, 'RINGTANG/STONETANG', 'INST-D13BEE82B9', 9, 4, '', NULL, 'tersedia', NULL, 1, '2025-08-19 15:54:09', '2025-08-19 15:54:09'),
(130, 'SLEVE SONDE', 'INST-8466DA4BE5', 9, 4, '', NULL, 'tersedia', NULL, 1, '2025-08-19 15:54:09', '2025-08-19 15:54:09'),
(131, 'SPATEL', 'INST-FC5A8CFF5B', 9, 4, '', NULL, 'tersedia', NULL, 1, '2025-08-19 15:54:09', '2025-08-19 15:54:09'),
(132, 'RIGHTANGEL LURUS BENGKOK', 'INST-67360A2588', 9, 4, '', NULL, 'tersedia', NULL, 1, '2025-08-19 15:54:09', '2025-08-19 15:54:09'),
(133, 'BEB COCK', 'INST-6765CC6EF7', 9, 4, '', NULL, 'tersedia', NULL, 1, '2025-08-19 15:54:09', '2025-08-19 15:54:09'),
(134, 'BLAS SPECULUM', 'INST-630A6FE9C9', 9, 4, '', NULL, 'tersedia', NULL, 1, '2025-08-19 15:54:09', '2025-08-19 15:54:09'),
(135, 'CANULE SUCTION', 'INST-AA569119FF', 9, 4, '', NULL, 'tersedia', NULL, 1, '2025-08-19 15:54:09', '2025-08-19 15:54:09'),
(136, 'ELLIES KLEM', 'INST-D839BF5A1C', 9, 4, '', NULL, 'tersedia', NULL, 1, '2025-08-19 15:54:09', '2025-08-19 15:54:09'),
(137, 'HAK RUNCING GIGI', 'INST-17D45C185D', 9, 4, '', NULL, 'tersedia', NULL, 1, '2025-08-19 15:54:09', '2025-08-19 15:54:09'),
(138, 'HANDLE MESS NO. 3', 'INST-60C6B99E62', 9, 4, '', NULL, 'tersedia', NULL, 1, '2025-08-19 15:54:09', '2025-08-19 15:54:09'),
(139, 'KOCHER PENDEK', 'INST-E12A00A099', 9, 4, '', NULL, 'tersedia', NULL, 1, '2025-08-19 15:54:09', '2025-08-19 15:54:09'),
(140, 'KOCHER PANJANG', 'INST-04E76CF23A', 9, 4, '', NULL, 'tersedia', NULL, 1, '2025-08-19 15:54:09', '2025-08-19 15:54:09'),
(141, 'KROM PENDEK', 'INST-2ECBE1E6FE', 9, 4, '', NULL, 'tersedia', NULL, 1, '2025-08-19 15:54:09', '2025-08-19 15:54:09'),
(142, 'KROOM BESAR UTERUS', 'INST-EF291A2131', 9, 4, '', NULL, 'tersedia', NULL, 1, '2025-08-19 15:54:09', '2025-08-19 15:54:09'),
(143, 'LANGENBACK', 'INST-D24013D88D', 9, 4, '', NULL, 'tersedia', NULL, 1, '2025-08-19 15:54:09', '2025-08-19 15:54:09'),
(144, 'NALD FOLDER', 'INST-9390926FAA', 9, 4, '', NULL, 'tersedia', NULL, 1, '2025-08-19 15:54:09', '2025-08-19 15:54:09'),
(145, 'PEAN PENDEK', 'INST-BD935BEF76', 9, 4, '', NULL, 'tersedia', NULL, 1, '2025-08-19 15:54:09', '2025-08-19 15:54:09'),
(146, 'PERITONEUM KLEM', 'INST-470F590436', 9, 4, '', NULL, 'tersedia', NULL, 1, '2025-08-19 15:54:09', '2025-08-19 15:54:09'),
(147, 'PINCET CHIRURGIE', 'INST-737EB9F39D', 9, 4, '', NULL, 'tersedia', NULL, 1, '2025-08-19 15:54:09', '2025-08-19 15:54:09'),
(148, 'REFERDIN/ ENTONG', 'INST-2CCCF928E9', 9, 4, '', NULL, 'tersedia', NULL, 1, '2025-08-19 15:54:09', '2025-08-19 15:54:09'),
(149, 'RING TANG', 'INST-18756E9E3E', 9, 4, '', NULL, 'tersedia', NULL, 1, '2025-08-19 15:54:09', '2025-08-19 15:54:09'),
(151, 'MIOMA BOOR', 'INST-692C53F1DD', 9, 4, '', NULL, 'tersedia', NULL, 1, '2025-08-19 15:54:09', '2025-08-19 15:54:09'),
(152, 'KOGLE TANG', 'INST-9C502DE1E2', 9, 4, '', NULL, 'tersedia', NULL, 1, '2025-08-19 15:54:09', '2025-08-19 15:54:09'),
(153, 'BONE CURETTE', 'INST-C2D0BA32A0', 9, 4, '', NULL, 'tersedia', NULL, 1, '2025-08-19 15:54:09', '2025-08-19 15:54:09'),
(154, 'BONE TANG', 'INST-D633AE7ACF', 9, 4, '', NULL, 'tersedia', NULL, 1, '2025-08-19 15:54:09', '2025-08-19 15:54:09'),
(155, 'COBRA', 'INST-9AC268B91E', 9, 4, '', NULL, 'tersedia', NULL, 1, '2025-08-19 15:54:09', '2025-08-19 15:54:09'),
(156, 'GUNTING STANDART', 'INST-84CD144424', 9, 4, '', NULL, 'tersedia', NULL, 1, '2025-08-19 15:54:09', '2025-08-19 15:54:09'),
(157, 'HAK RUNCING  TUMPUL', 'INST-527354C950', 9, 4, '', NULL, 'tersedia', NULL, 1, '2025-08-19 15:54:09', '2025-08-19 15:54:09'),
(158, 'HAK LANGENBACK', 'INST-A84EA2B876', 9, 4, '', NULL, 'tersedia', NULL, 1, '2025-08-19 15:54:09', '2025-08-19 15:54:09'),
(159, 'HANDLE MESS NO. 3 DAN 4', 'INST-28B9151A78', 9, 4, '', NULL, 'tersedia', NULL, 1, '2025-08-19 15:54:09', '2025-08-19 15:54:09'),
(160, 'INTANDE HAAK', 'INST-86C9E056CF', 9, 4, '', NULL, 'tersedia', NULL, 1, '2025-08-19 15:54:09', '2025-08-19 15:54:09'),
(161, 'KNABLE', 'INST-3416500098', 9, 4, '', NULL, 'tersedia', NULL, 1, '2025-08-19 15:54:09', '2025-08-19 15:54:09'),
(162, 'KOCHER  PANJANG', 'INST-AA518AB3A3', 9, 4, '', NULL, 'tersedia', NULL, 1, '2025-08-19 15:54:09', '2025-08-19 15:54:09'),
(163, 'NALD VOELDER', 'INST-1CD5B2CFDE', 9, 4, '', NULL, 'tersedia', NULL, 1, '2025-08-19 15:54:09', '2025-08-19 15:54:09'),
(164, 'NAMPAN / BENGKOK', 'INST-F475CF061B', 9, 4, '', NULL, 'tersedia', NULL, 1, '2025-08-19 15:54:09', '2025-08-19 15:54:09'),
(165, 'PINZET ANATOMI', 'INST-2C0208578A', 9, 4, '', NULL, 'tersedia', NULL, 1, '2025-08-19 15:54:09', '2025-08-19 15:54:09'),
(166, 'PINZET CIRURGIE', 'INST-4837B326A6', 9, 4, '', NULL, 'tersedia', NULL, 1, '2025-08-19 15:54:09', '2025-08-19 15:54:09'),
(167, 'RASPATARIUM', 'INST-8540DB65BB', 9, 4, '', NULL, 'tersedia', NULL, 1, '2025-08-19 15:54:09', '2025-08-19 15:54:09'),
(168, 'REDUCTION  (ULIR)', 'INST-1F12E722DD', 9, 4, '', NULL, 'tersedia', NULL, 1, '2025-08-19 15:54:09', '2025-08-19 15:54:09'),
(169, 'REDUCTION  (KREK)', 'INST-283680ACA2', 9, 4, '', NULL, 'tersedia', NULL, 1, '2025-08-19 15:54:09', '2025-08-19 15:54:09'),
(170, 'RING TANG/PEAN PANJANG', 'INST-FD3D705AE4', 9, 4, '', NULL, 'tersedia', NULL, 1, '2025-08-19 15:54:09', '2025-08-19 15:54:09'),
(171, 'SPEERRER HAAK', 'INST-E178C05F58', 9, 4, '', NULL, 'tersedia', NULL, 1, '2025-08-19 15:54:09', '2025-08-19 15:54:09'),
(172, 'VERBRUGGE', 'INST-8EF19D03E9', 9, 4, '', NULL, 'tersedia', NULL, 1, '2025-08-19 15:54:09', '2025-08-19 15:54:09'),
(173, 'ELEPATORIUM', 'INST-FC3A86BE4C', 9, 4, '', NULL, 'tersedia', NULL, 1, '2025-08-19 15:54:09', '2025-08-19 15:54:09'),
(174, 'MULER', 'INST-B0AEDF9394', 9, 4, '', NULL, 'tersedia', NULL, 1, '2025-08-19 15:54:09', '2025-08-19 15:54:09'),
(175, 'TREEFORT', 'INST-8700604102', 9, 4, '', NULL, 'tersedia', NULL, 1, '2025-08-19 15:54:09', '2025-08-19 15:54:09'),
(176, 'HAK FEMUR / CLOW HACK', 'INST-826D2A2368', 9, 4, '', NULL, 'tersedia', NULL, 1, '2025-08-19 15:54:09', '2025-08-19 15:54:09'),
(177, 'VERBRUGGE KECIL-SDG', 'INST-69BF045DA8', 9, 4, '', NULL, 'tersedia', NULL, 1, '2025-08-19 15:54:09', '2025-08-19 15:54:09'),
(178, 'VERBRUGGE KECIL', 'INST-1F814BECDC', 9, 4, '', NULL, 'tersedia', NULL, 1, '2025-08-19 15:54:09', '2025-08-19 15:54:09'),
(179, 'KROM ARTERI KLEM', 'INST-B7E4C5553A', 9, 4, '', NULL, 'tersedia', NULL, 1, '2025-08-19 15:54:09', '2025-08-19 15:54:09'),
(180, 'KLEM DANDY', 'INST-6854194897', 9, 4, '', NULL, 'tersedia', NULL, 1, '2025-08-19 15:54:09', '2025-08-19 15:54:09'),
(181, 'KOCHER ARTERI KLEM', 'INST-0A9AA24E67', 9, 4, '', NULL, 'tersedia', NULL, 1, '2025-08-19 15:54:09', '2025-08-19 15:54:09'),
(182, 'PINCET ANATOMIS', 'INST-B0F69BABBD', 9, 4, '', NULL, 'tersedia', NULL, 1, '2025-08-19 15:54:09', '2025-08-19 15:54:09'),
(183, 'PINCET BAYONET', 'INST-386266B0D0', 9, 4, '', NULL, 'tersedia', NULL, 1, '2025-08-19 15:54:09', '2025-08-19 15:54:09'),
(184, 'GUNTING RUNCING LURUS', 'INST-5852117DB1', 9, 4, '', NULL, 'tersedia', NULL, 1, '2025-08-19 15:54:09', '2025-08-19 15:54:09'),
(185, 'HANDLE MESS NO. 4', 'INST-29978B7ABA', 9, 4, '', NULL, 'tersedia', NULL, 1, '2025-08-19 15:54:09', '2025-08-19 15:54:09'),
(186, 'ELEPATOR', 'INST-4B750A6E1B', 9, 4, '', NULL, 'tersedia', NULL, 1, '2025-08-19 15:54:09', '2025-08-19 15:54:09'),
(187, 'RAS KECIL/BESAR', 'INST-D0BFDEC9D2', 9, 4, '', NULL, 'tersedia', NULL, 1, '2025-08-19 15:54:09', '2025-08-19 15:54:09'),
(188, 'KNABLE BENGKOK BERBAGAI UKURAN', 'INST-FEC8630AAE', 9, 4, '', NULL, 'tersedia', NULL, 1, '2025-08-19 15:54:09', '2025-08-19 15:54:09'),
(189, 'MANDRIN', 'INST-4FD96AD728', 9, 4, '', NULL, 'tersedia', NULL, 1, '2025-08-19 15:54:09', '2025-08-19 15:54:09'),
(190, 'KANULE SUCTION', 'INST-906ABFEAB5', 9, 4, '', NULL, 'tersedia', NULL, 1, '2025-08-19 15:54:09', '2025-08-19 15:54:09'),
(191, 'LANGEN HAK DOBLE', 'INST-B0C0C44C49', 9, 4, '', NULL, 'tersedia', NULL, 1, '2025-08-19 15:54:09', '2025-08-19 15:54:09'),
(192, 'SPIRER HAK', 'INST-3BDA95AB9D', 9, 4, '', NULL, 'tersedia', NULL, 1, '2025-08-19 15:54:09', '2025-08-19 15:54:09'),
(193, 'REH', 'INST-24BC72473B', 9, 4, '', NULL, 'tersedia', NULL, 1, '2025-08-19 15:54:09', '2025-08-19 15:54:09'),
(194, 'HAK RUNCING GIGI 6', 'INST-2A4B4568BA', 9, 4, '', NULL, 'tersedia', NULL, 1, '2025-08-19 15:54:09', '2025-08-19 15:54:09'),
(195, 'HAK DURA', 'INST-44AC841E9E', 9, 4, '', NULL, 'tersedia', NULL, 1, '2025-08-19 15:54:09', '2025-08-19 15:54:09'),
(196, 'SPATLE', 'INST-C5E6802204', 9, 4, '', NULL, 'tersedia', NULL, 1, '2025-08-19 15:54:09', '2025-08-19 15:54:09'),
(197, 'HANDLE GIGLI', 'INST-E9F30A4872', 9, 4, '', NULL, 'tersedia', NULL, 1, '2025-08-19 15:54:09', '2025-08-19 15:54:09'),
(198, 'WIRE', 'INST-CA8C1FDC28', 9, 4, '', NULL, 'tersedia', NULL, 1, '2025-08-19 15:54:09', '2025-08-19 15:54:09'),
(199, 'PINCET CHIRURGIE KASAR / HALUS', 'INST-3F17C311BE', 9, 4, '', NULL, 'tersedia', NULL, 1, '2025-08-19 15:54:09', '2025-08-19 15:54:09'),
(200, 'GUNTING TUMPUL LURUS', 'INST-042A170669', 9, 4, '', NULL, 'tersedia', NULL, 1, '2025-08-19 15:54:09', '2025-08-19 15:54:09'),
(201, 'GUNTING DURA BENGKOK', 'INST-62B7DB24DA', 9, 4, '', NULL, 'tersedia', NULL, 1, '2025-08-19 15:54:09', '2025-08-19 15:54:09'),
(202, 'BENGKOK', 'INST-DA3E9053DB', 9, 4, '', NULL, 'tersedia', NULL, 1, '2025-08-19 15:54:09', '2025-08-19 15:54:09'),
(203, 'ELEPATORIUM BESAR /  KECIL --2 UJUNG', 'INST-B3EC310E02', 9, 4, '', NULL, 'tersedia', NULL, 1, '2025-08-19 15:54:09', '2025-08-19 15:54:09'),
(204, 'RAS KECIL', 'INST-E9D7C9D060', 9, 4, '', NULL, 'tersedia', NULL, 1, '2025-08-19 15:54:09', '2025-08-19 15:54:09'),
(205, 'RASHPATORIUM BESAR', 'INST-E1F198C45D', 9, 4, '', NULL, 'tersedia', NULL, 1, '2025-08-19 15:54:09', '2025-08-19 15:54:09'),
(206, 'KNABLE  BESAR / KECIL', 'INST-1C08680159', 9, 4, '', NULL, 'tersedia', NULL, 1, '2025-08-19 15:54:09', '2025-08-19 15:54:09'),
(207, 'SLEEV  SONDE', 'INST-ECE4E3D77A', 9, 4, '', NULL, 'tersedia', NULL, 1, '2025-08-19 15:54:09', '2025-08-19 15:54:09'),
(208, 'SPATLE HITAM', 'INST-CC87508498', 9, 4, '', NULL, 'tersedia', NULL, 1, '2025-08-19 15:54:09', '2025-08-19 15:54:09'),
(209, 'JARUM DANDY', 'INST-D85018919A', 9, 4, '', NULL, 'tersedia', NULL, 1, '2025-08-19 15:54:09', '2025-08-19 15:54:09'),
(210, 'GUNTING METZEMBUM/ KECIL', 'INST-E426B1BFA8', 9, 4, '', NULL, 'tersedia', NULL, 1, '2025-08-19 15:54:09', '2025-08-19 15:54:09'),
(211, 'KNABLE BENGKOK', 'INST-0100AD2BDF', 9, 4, '', NULL, 'tersedia', NULL, 1, '2025-08-19 15:54:09', '2025-08-19 15:54:09'),
(212, 'HAK RUNCING GIGI 4', 'INST-5DDE82CF6D', 9, 4, '', NULL, 'tersedia', NULL, 1, '2025-08-19 15:54:09', '2025-08-19 15:54:09'),
(213, 'BRAIN SPATLE', 'INST-C8AB10D5C8', 9, 4, '', NULL, 'tersedia', NULL, 1, '2025-08-19 15:54:09', '2025-08-19 15:54:09'),
(214, 'KOKER PANJANG', 'INST-0F3D591E93', 9, 4, '', NULL, 'tersedia', NULL, 1, '2025-08-19 15:54:09', '2025-08-19 15:54:09'),
(215, 'RASH-ELEPATORIUM BENGKOK', 'INST-1BF08730C3', 9, 4, '', NULL, 'tersedia', NULL, 1, '2025-08-19 15:54:09', '2025-08-19 15:54:09'),
(216, 'RINGTANG', 'INST-0B5E3C259D', 9, 4, '', NULL, 'tersedia', NULL, 1, '2025-08-19 15:54:09', '2025-08-19 15:54:09'),
(217, 'BONE CURRET', 'INST-A8470D06AC', 9, 4, '', NULL, 'tersedia', NULL, 1, '2025-08-19 15:54:09', '2025-08-19 15:54:09'),
(218, 'BENGKOK/NAMPAN', 'INST-391D0E50E5', 9, 4, '', NULL, 'tersedia', NULL, 1, '2025-08-19 15:54:09', '2025-08-19 15:54:09'),
(219, 'BRAIN SPATEL METAL', 'INST-2F2B2BD9DA', 9, 4, '', NULL, 'tersedia', NULL, 1, '2025-08-19 15:54:09', '2025-08-19 15:54:09'),
(220, 'CUCING / BENGKOK', 'INST-6776F9EBBC', 9, 4, '', NULL, 'tersedia', NULL, 1, '2025-08-19 15:54:09', '2025-08-19 15:54:09'),
(221, 'GUNTING HALUS (GUNTING VASKULAR)', 'INST-0E4AAF9D1D', 9, 4, '', NULL, 'tersedia', NULL, 1, '2025-08-19 15:54:09', '2025-08-19 15:54:09'),
(222, 'HAAK DURA', 'INST-1FE2E68925', 9, 4, '', NULL, 'tersedia', NULL, 1, '2025-08-19 15:54:09', '2025-08-19 15:54:09'),
(223, 'HAAK RUNCING GIGI 6', 'INST-E5C93C6362', 9, 4, '', NULL, 'tersedia', NULL, 1, '2025-08-19 15:54:09', '2025-08-19 15:54:09'),
(224, 'HAAK SPEERER KECIL ( SPREDER )', 'INST-E9064DA3FF', 9, 4, '', NULL, 'tersedia', NULL, 1, '2025-08-19 15:54:09', '2025-08-19 15:54:09'),
(225, 'HAAK TUMPUL  TAJAM', 'INST-CA1044C32E', 9, 4, '', NULL, 'tersedia', NULL, 1, '2025-08-19 15:54:09', '2025-08-19 15:54:09'),
(226, 'KNABLE', 'INST-EBBCC8E87B', 9, 4, '', NULL, 'tersedia', NULL, 1, '2025-08-19 15:54:09', '2025-08-19 15:54:09'),
(227, 'KOCHER', 'INST-6438B46792', 9, 4, '', NULL, 'tersedia', NULL, 1, '2025-08-19 15:54:09', '2025-08-19 15:54:09'),
(228, 'LANGEN HAK', 'INST-5C9A73A2E6', 9, 4, '', NULL, 'tersedia', NULL, 1, '2025-08-19 15:54:09', '2025-08-19 15:54:09'),
(229, 'PEAN PANJANG/REH', 'INST-200C5695D2', 9, 4, '', NULL, 'tersedia', NULL, 1, '2025-08-19 15:54:09', '2025-08-19 15:54:09'),
(230, 'PINSET BAYONET', 'INST-35F6B0A9BF', 9, 4, '', NULL, 'tersedia', NULL, 1, '2025-08-19 15:54:09', '2025-08-19 15:54:09'),
(231, 'RASHPATORIUM  ELEPATORIUM', 'INST-35F7825301', 9, 4, '', NULL, 'tersedia', NULL, 1, '2025-08-19 15:54:09', '2025-08-19 15:54:09'),
(232, 'RASHPATORIUM BENGKOK  -  ELEPATORIUM', 'INST-3554BA6E33', 9, 4, '', NULL, 'tersedia', NULL, 1, '2025-08-19 15:54:09', '2025-08-19 15:54:09'),
(233, 'RASHPATORIUM CELE', 'INST-EDEE05D91E', 9, 4, '', NULL, 'tersedia', NULL, 1, '2025-08-19 15:54:09', '2025-08-19 15:54:09'),
(234, 'SLIP SONDE', 'INST-5C1129DE53', 9, 4, '', NULL, 'tersedia', NULL, 1, '2025-08-19 15:54:09', '2025-08-19 15:54:09'),
(235, 'BABCOCK', 'INST-1CEFC4A782', 9, 4, '', NULL, 'tersedia', NULL, 1, '2025-08-19 15:54:09', '2025-08-19 15:54:09'),
(236, 'ELLYS KLEM', 'INST-8E1D4CF0D7', 9, 4, '', NULL, 'tersedia', NULL, 1, '2025-08-19 15:54:09', '2025-08-19 15:54:09'),
(237, 'GUNTING METZEMBOM', 'INST-8C699307BC', 9, 4, '', NULL, 'tersedia', NULL, 1, '2025-08-19 15:54:09', '2025-08-19 15:54:09'),
(238, 'HAAK BESAR (BLAST SPECULUM)', 'INST-C553A0ABD3', 9, 4, '', NULL, 'tersedia', NULL, 1, '2025-08-19 15:54:09', '2025-08-19 15:54:09'),
(239, 'HAAK RUNCING GIGI4', 'INST-827225AC69', 9, 4, '', NULL, 'tersedia', NULL, 1, '2025-08-19 15:54:09', '2025-08-19 15:54:09'),
(240, 'KOKER KEM KECIL', 'INST-1DC69F4D14', 9, 4, '', NULL, 'tersedia', NULL, 1, '2025-08-19 15:54:09', '2025-08-19 15:54:09'),
(241, 'KOKER KLEM PANJANG', 'INST-6B8C1B1337', 9, 4, '', NULL, 'tersedia', NULL, 1, '2025-08-19 15:54:09', '2025-08-19 15:54:09'),
(242, 'KROMKLEM BESARBERGIGI', 'INST-64096FC30D', 9, 4, '', NULL, 'tersedia', NULL, 1, '2025-08-19 15:54:09', '2025-08-19 15:54:09'),
(243, 'KROMKLEM KECIL', 'INST-938C75432E', 9, 4, '', NULL, 'tersedia', NULL, 1, '2025-08-19 15:54:09', '2025-08-19 15:54:09'),
(244, 'KROMPANJANG', 'INST-4EB9C6171B', 9, 4, '', NULL, 'tersedia', NULL, 1, '2025-08-19 15:54:09', '2025-08-19 15:54:09'),
(245, 'KROVEESONDE', 'INST-5401291FF9', 9, 4, '', NULL, 'tersedia', NULL, 1, '2025-08-19 15:54:09', '2025-08-19 15:54:09'),
(246, 'LANGEN HAAK', 'INST-B5D47595C4', 9, 4, '', NULL, 'tersedia', NULL, 1, '2025-08-19 15:54:09', '2025-08-19 15:54:09'),
(247, 'PEAN ARTERIKLEMKECIL', 'INST-9B47B83B21', 9, 4, '', NULL, 'tersedia', NULL, 1, '2025-08-19 15:54:09', '2025-08-19 15:54:09'),
(248, 'PERITONIUMKLEM', 'INST-EE3827E1CB', 9, 4, '', NULL, 'tersedia', NULL, 1, '2025-08-19 15:54:09', '2025-08-19 15:54:09'),
(249, 'SPERRERHAAK', 'INST-0D18EC185E', 9, 4, '', NULL, 'tersedia', NULL, 1, '2025-08-19 15:54:09', '2025-08-19 15:54:09'),
(250, 'TROICART', 'INST-A9BE201240', 9, 4, '', NULL, 'tersedia', NULL, 1, '2025-08-19 15:54:09', '2025-08-19 15:54:09'),
(251, 'PEAN ARTERIKLEMKECILLURUS', 'INST-812A495C65', 9, 4, '', NULL, 'tersedia', NULL, 1, '2025-08-19 15:54:09', '2025-08-19 15:54:09'),
(252, 'PEAN ARTERIKLEMKECIL BENGKOK', 'INST-B1B706EFBB', 9, 4, '', NULL, 'tersedia', NULL, 1, '2025-08-19 15:54:09', '2025-08-19 15:54:09'),
(253, 'KOKER ARTERIKLEMKECILLURUS', 'INST-B28F8A7D95', 9, 4, '', NULL, 'tersedia', NULL, 1, '2025-08-19 15:54:09', '2025-08-19 15:54:09'),
(254, 'ANATOMIPINCETKECIL', 'INST-B9FAF1B701', 9, 4, '', NULL, 'tersedia', NULL, 1, '2025-08-19 15:54:09', '2025-08-19 15:54:09'),
(255, 'ANATOMIPINCETUJUNG RUNCING', 'INST-A1F5D26561', 9, 4, '', NULL, 'tersedia', NULL, 1, '2025-08-19 15:54:09', '2025-08-19 15:54:09'),
(256, 'CHIRURGI PINCET KECIL UJUNG RUNCING', 'INST-FE6520B6C7', 9, 4, '', NULL, 'tersedia', NULL, 1, '2025-08-19 15:54:09', '2025-08-19 15:54:09'),
(257, 'CHIRURGI PINCET KECIL', 'INST-60D60D6174', 9, 4, '', NULL, 'tersedia', NULL, 1, '2025-08-19 15:54:09', '2025-08-19 15:54:09'),
(258, 'GUNTINGTUMPULTUMPUL LURUS', 'INST-BF96C098D0', 9, 4, '', NULL, 'tersedia', NULL, 1, '2025-08-19 15:54:09', '2025-08-19 15:54:09'),
(259, 'GUNTINGTUMPULTUMPUL RUNCING', 'INST-1386D10139', 9, 4, '', NULL, 'tersedia', NULL, 1, '2025-08-19 15:54:09', '2025-08-19 15:54:09'),
(260, 'GUNTING METZEMBOMKECILBENGKOK', 'INST-8D64BD437A', 9, 4, '', NULL, 'tersedia', NULL, 1, '2025-08-19 15:54:09', '2025-08-19 15:54:09'),
(261, 'LANGEN HAKDOBELTANGGUNG', 'INST-72AB02EC29', 9, 4, '', NULL, 'tersedia', NULL, 1, '2025-08-19 15:54:09', '2025-08-19 15:54:09'),
(262, 'HAAK OBGYN TANGGUNG', 'INST-0DEE4240BD', 9, 4, '', NULL, 'tersedia', NULL, 1, '2025-08-19 15:54:09', '2025-08-19 15:54:09'),
(263, 'HAAK RUNCING TUMPUL GIGI3', 'INST-FD34A78060', 9, 4, '', NULL, 'tersedia', NULL, 1, '2025-08-19 15:54:09', '2025-08-19 15:54:09'),
(264, 'CUCING BESAR', 'INST-E5EEA5F6F7', 9, 4, '', NULL, 'tersedia', NULL, 1, '2025-08-19 15:54:09', '2025-08-19 15:54:09'),
(265, 'SLEVEE SONDE', 'INST-0C7AF13F66', 9, 4, '', NULL, 'tersedia', NULL, 1, '2025-08-19 15:54:09', '2025-08-19 15:54:09'),
(266, 'PERITONIUMKLEMKECIL', 'INST-C393642098', 9, 4, '', NULL, 'tersedia', NULL, 1, '2025-08-19 15:54:09', '2025-08-19 15:54:09'),
(267, 'CANUL SUCTION', 'INST-C06B433FE0', 9, 4, '', NULL, 'tersedia', NULL, 1, '2025-08-19 15:54:09', '2025-08-19 15:54:09'),
(268, 'KOCHER ARTERI KLEM (KECIL)', 'INST-52468EEDE8', 9, 4, '', NULL, 'tersedia', NULL, 1, '2025-08-19 15:54:09', '2025-08-19 15:54:09'),
(269, 'KROOMKLEM (KECIL)', 'INST-B8834A4AE7', 9, 4, '', NULL, 'tersedia', NULL, 1, '2025-08-19 15:54:09', '2025-08-19 15:54:09'),
(270, 'PINZET ANATOMY', 'INST-5B16AE6661', 9, 4, '', NULL, 'tersedia', NULL, 1, '2025-08-19 15:54:09', '2025-08-19 15:54:09'),
(271, 'PINCETCHIRURGIE', 'INST-0FEE8900A0', 9, 4, '', NULL, 'tersedia', NULL, 1, '2025-08-19 15:54:09', '2025-08-19 15:54:09'),
(272, 'HAK TAJAM TUMPUL(KECIL)', 'INST-53FACB1A90', 9, 4, '', NULL, 'tersedia', NULL, 1, '2025-08-19 15:54:09', '2025-08-19 15:54:09'),
(273, 'HAK TANGGUNG', 'INST-40E6A0BAAB', 9, 4, '', NULL, 'tersedia', NULL, 1, '2025-08-19 15:54:09', '2025-08-19 15:54:09'),
(274, 'HAK KECIL', 'INST-697AB53328', 9, 4, '', NULL, 'tersedia', NULL, 1, '2025-08-19 15:54:09', '2025-08-19 15:54:09'),
(275, 'HAK RUNCING 3', 'INST-C2A419A551', 9, 4, '', NULL, 'tersedia', NULL, 1, '2025-08-19 15:54:09', '2025-08-19 15:54:09'),
(276, 'INTANDE HAK', 'INST-6F5D7DD70D', 9, 4, '', NULL, 'tersedia', NULL, 1, '2025-08-19 15:54:09', '2025-08-19 15:54:09'),
(277, 'INTANDE HACK TAJAM', 'INST-E2AEDC056B', 9, 4, '', NULL, 'tersedia', NULL, 1, '2025-08-19 15:54:09', '2025-08-19 15:54:09'),
(278, 'CANULA SUCTION', 'INST-721B65DD5A', 9, 4, '', NULL, 'tersedia', NULL, 1, '2025-08-19 15:54:09', '2025-08-19 15:54:09'),
(279, 'PEAN', 'INST-71C97FB0A1', 9, 4, '', NULL, 'tersedia', NULL, 1, '2025-08-19 15:54:09', '2025-08-19 15:54:09'),
(280, 'CROOM', 'INST-87FDFCB698', 9, 4, '', NULL, 'tersedia', NULL, 1, '2025-08-19 15:54:09', '2025-08-19 15:54:09'),
(281, 'COCKER', 'INST-BCBEDF0796', 9, 4, '', NULL, 'tersedia', NULL, 1, '2025-08-19 15:54:09', '2025-08-19 15:54:09'),
(282, 'COCKER PANJANG', 'INST-4F3ED54F18', 9, 4, '', NULL, 'tersedia', NULL, 1, '2025-08-19 15:54:09', '2025-08-19 15:54:09'),
(283, 'CROOM PANJANG', 'INST-893D3F5B2D', 9, 4, '', NULL, 'tersedia', NULL, 1, '2025-08-19 15:54:09', '2025-08-19 15:54:09'),
(284, 'DUK KLEM', 'INST-C8235F2FCF', 9, 4, '', NULL, 'tersedia', NULL, 1, '2025-08-19 15:54:09', '2025-08-19 15:54:09'),
(285, 'ELISS KLEM', 'INST-B508500146', 9, 4, '', NULL, 'tersedia', NULL, 1, '2025-08-19 15:54:09', '2025-08-19 15:54:09'),
(286, 'BAB COCK', 'INST-AB46BE0068', 9, 4, '', NULL, 'tersedia', NULL, 1, '2025-08-19 15:54:09', '2025-08-19 15:54:09'),
(287, 'MECHOLIC', 'INST-E7995DEC72', 9, 4, '', NULL, 'tersedia', NULL, 1, '2025-08-19 15:54:09', '2025-08-19 15:54:09'),
(288, 'DARM KLEM LURUS', 'INST-E8BCA67820', 9, 4, '', NULL, 'tersedia', NULL, 1, '2025-08-19 15:54:09', '2025-08-19 15:54:09'),
(289, 'DARM KLEM BENGKOK', 'INST-30C1B91D85', 9, 4, '', NULL, 'tersedia', NULL, 1, '2025-08-19 15:54:09', '2025-08-19 15:54:09'),
(290, 'PINSET ANATOMIS', 'INST-5F531BABF3', 9, 4, '', NULL, 'tersedia', NULL, 1, '2025-08-19 15:54:09', '2025-08-19 15:54:09'),
(291, 'PINSET CIRURGIES', 'INST-C20B5EF96F', 9, 4, '', NULL, 'tersedia', NULL, 1, '2025-08-19 15:54:09', '2025-08-19 15:54:09'),
(292, 'HANDLE MESS NO 3', 'INST-BAF49B5DC8', 9, 4, '', NULL, 'tersedia', NULL, 1, '2025-08-19 15:54:09', '2025-08-19 15:54:09'),
(293, 'LANGEN HAK DOUBLE', 'INST-4042BC1D06', 9, 4, '', NULL, 'tersedia', NULL, 1, '2025-08-19 15:54:09', '2025-08-19 15:54:09'),
(294, 'CANULE SUCSION', 'INST-3F9441C1E5', 9, 4, '', NULL, 'tersedia', NULL, 1, '2025-08-19 15:54:09', '2025-08-19 15:54:09'),
(295, 'SLEEVE SONDE', 'INST-31D82F58EF', 9, 4, '', NULL, 'tersedia', NULL, 1, '2025-08-19 15:54:09', '2025-08-19 15:54:09'),
(296, 'CURETE', 'INST-9B788F0E18', 9, 4, '', NULL, 'tersedia', NULL, 1, '2025-08-19 15:54:09', '2025-08-19 15:54:09'),
(297, 'RIGHTANGEL', 'INST-A2C8C5A37F', 9, 4, '', NULL, 'tersedia', NULL, 1, '2025-08-19 15:54:09', '2025-08-19 15:54:09'),
(298, 'CROOP SONDE', 'INST-93A287F3C1', 9, 4, '', NULL, 'tersedia', NULL, 1, '2025-08-19 15:54:09', '2025-08-19 15:54:09'),
(299, 'KOKER kecil ARTERIKLEMKECILLURUS', 'INST-02539F7860', 9, 4, '', NULL, 'tersedia', NULL, 1, '2025-08-19 15:54:09', '2025-08-19 15:54:09'),
(300, 'KOKER TANGGUNG ARTERIKLEMKECILLURUS', 'INST-BF0729D28C', 9, 4, '', NULL, 'tersedia', NULL, 1, '2025-08-19 15:54:09', '2025-08-19 15:54:09'),
(301, 'PERITONIUM KLEM KECIL', 'INST-BCFE8A235A', 9, 4, '', NULL, 'tersedia', NULL, 1, '2025-08-19 15:54:09', '2025-08-19 15:54:09'),
(302, 'KOKER PANJANG LURUS', 'INST-9357B448C5', 9, 4, '', NULL, 'tersedia', NULL, 1, '2025-08-19 15:54:09', '2025-08-19 15:54:09'),
(303, 'ANATOMI PINCET', 'INST-D1874593EE', 9, 4, NULL, 'inst_68b79ae09f6d18.90571548.jpg', 'tersedia', NULL, 1, '2025-08-19 15:54:09', '2025-09-03 01:33:20'),
(304, 'CHIRURGI PINCET', 'INST-B90255F059', 9, 4, '', NULL, 'tersedia', NULL, 1, '2025-08-19 15:54:09', '2025-08-19 15:54:09'),
(305, 'GUNTING TUMPULTUMPUL LURUS', 'INST-8EFC890E90', 9, 4, '', NULL, 'tersedia', NULL, 1, '2025-08-19 15:54:09', '2025-08-19 15:54:09'),
(306, 'GUNTING TUMPULRUNCING LURUS', 'INST-43015046F0', 9, 4, '', NULL, 'tersedia', NULL, 1, '2025-08-19 15:54:09', '2025-08-19 15:54:09'),
(307, 'CROP SONDE', 'INST-D97B8F8A04', 9, 4, '', NULL, 'tersedia', NULL, 1, '2025-08-19 15:54:09', '2025-08-19 15:54:09'),
(308, 'TONG SPATEL', 'INST-22768CA4B5', 9, 4, '', NULL, 'tersedia', NULL, 1, '2025-08-19 15:54:09', '2025-08-19 15:54:09'),
(309, 'LANGEN BACK TUMPUL RUNCING', 'INST-E21AF87487', 9, 4, '', NULL, 'tersedia', NULL, 1, '2025-08-19 15:54:09', '2025-08-19 15:54:09'),
(310, 'LANGEN BACK BESAR', 'INST-F82A90599E', 9, 4, '', NULL, 'tersedia', NULL, 1, '2025-08-19 15:54:09', '2025-08-19 15:54:09'),
(311, 'CURETASE', 'INST-E7D335DF7D', 9, 4, '', NULL, 'tersedia', NULL, 1, '2025-08-19 15:54:09', '2025-08-19 15:54:09'),
(312, 'CUCING', 'INST-5A42081276', 9, 4, '', NULL, 'tersedia', NULL, 1, '2025-08-19 15:54:09', '2025-08-19 15:54:09'),
(313, 'KNOPF SONDE', 'INST-CAF0BD6015', 9, 4, '', NULL, 'tersedia', NULL, 1, '2025-08-19 15:54:09', '2025-08-19 15:54:09'),
(314, 'KROMKLEM BESAR', 'INST-8CF330AC70', 9, 4, '', NULL, 'tersedia', NULL, 1, '2025-08-19 15:54:09', '2025-08-19 15:54:09'),
(315, 'KOGELTANG', 'INST-27A2271CB4', 9, 4, '', NULL, 'tersedia', NULL, 1, '2025-08-19 15:54:09', '2025-08-19 15:54:09'),
(316, 'LANGEN HAAK DOBEL', 'INST-8165BFEAD4', 9, 4, '', NULL, 'tersedia', NULL, 1, '2025-08-19 15:54:09', '2025-08-19 15:54:09'),
(317, 'LANHENHAAK', 'INST-33D709271F', 9, 4, '', NULL, 'tersedia', NULL, 1, '2025-08-19 15:54:09', '2025-08-19 15:54:09'),
(318, 'HAAK RUNCING GIGI6', 'INST-CDC2FF1777', 9, 4, '', NULL, 'tersedia', NULL, 1, '2025-08-19 15:54:09', '2025-08-19 15:54:09'),
(319, 'TROYCARD', 'INST-03F61FEA00', 9, 4, '', NULL, 'tersedia', NULL, 1, '2025-08-19 15:54:09', '2025-08-19 15:54:09'),
(320, 'MIYOMBOOR', 'INST-174EEAC71C', 9, 4, '', NULL, 'tersedia', NULL, 1, '2025-08-19 15:54:09', '2025-08-19 15:54:09'),
(321, 'SPATULA  PERITONIUM', 'INST-48B3698D15', 9, 4, '', NULL, 'tersedia', NULL, 1, '2025-08-19 15:54:09', '2025-08-19 15:54:09'),
(322, 'FORCEP', 'INST-405DFFE12B', 9, 4, '', NULL, 'tersedia', NULL, 1, '2025-08-19 15:54:09', '2025-08-19 15:54:09'),
(323, 'SPATULA ABDOMINAL/REFERDINE', 'INST-CCD4658086', 9, 4, '', NULL, 'tersedia', NULL, 1, '2025-08-19 15:54:09', '2025-08-19 15:54:09'),
(324, 'KROM BESAR', 'INST-65C78830BD', 9, 4, '', NULL, 'tersedia', NULL, 1, '2025-08-19 15:54:09', '2025-08-19 15:54:09'),
(325, 'SPERRERHAK', 'INST-2E6FBEC3F8', 9, 4, '', NULL, 'tersedia', NULL, 1, '2025-08-19 15:54:09', '2025-08-19 15:54:09'),
(326, 'SLEEV SONDE', 'INST-DDA9E8800B', 9, 4, '', NULL, 'tersedia', NULL, 1, '2025-08-19 15:54:09', '2025-08-19 15:54:09'),
(327, 'DARMKLEM LURUS2', 'INST-4870972781', 9, 4, '', NULL, 'tersedia', NULL, 1, '2025-08-19 15:54:09', '2025-08-19 15:54:09'),
(328, 'NAMPAN', 'INST-916C8AAB7B', 9, 4, '', NULL, 'tersedia', NULL, 1, '2025-08-19 15:54:09', '2025-08-19 15:54:09'),
(329, 'REFERDINE', 'INST-06C20478D4', 9, 4, '', NULL, 'tersedia', NULL, 1, '2025-08-19 15:54:09', '2025-08-19 15:54:09'),
(330, 'KROOM KLEM (KECIL)', 'INST-19A5D0D9DA', 9, 4, '', NULL, 'tersedia', NULL, 1, '2025-08-19 15:54:09', '2025-08-19 15:54:09'),
(331, 'KOCHER ARTERI KLEM (PANJANG)', 'INST-A1FEB441E1', 9, 4, '', NULL, 'tersedia', NULL, 1, '2025-08-19 15:54:09', '2025-08-19 15:54:09'),
(332, 'KROOM KLEM (BESAR)', 'INST-8854F75406', 9, 4, '', NULL, 'tersedia', NULL, 1, '2025-08-19 15:54:09', '2025-08-19 15:54:09'),
(333, 'PERITONEUM KLEM (VAN MEKULICZ)', 'INST-3FD4C87F34', 9, 4, '', NULL, 'tersedia', NULL, 1, '2025-08-19 15:54:09', '2025-08-19 15:54:09'),
(334, 'GUNTING METZEMBAUM', 'INST-69569CB764', 9, 4, '', NULL, 'tersedia', NULL, 1, '2025-08-19 15:54:09', '2025-08-19 15:54:09'),
(335, 'GUNTING STANDART (TUMPUL  LURUS)', 'INST-1F810FABC6', 9, 4, '', NULL, 'tersedia', NULL, 1, '2025-08-19 15:54:09', '2025-08-19 15:54:09'),
(336, 'GUNTING STANDART (TUMPUL  BENGKOK)', 'INST-CC1F5D532F', 9, 4, '', NULL, 'tersedia', NULL, 1, '2025-08-19 15:54:09', '2025-08-19 15:54:09'),
(337, 'LANGEN HAK DOUBLE', 'INST-8BB13D0F3A', 9, 4, '', NULL, 'tersedia', NULL, 1, '2025-08-19 15:54:09', '2025-08-19 15:54:09'),
(338, 'HAK BESAR /BLAS SPECULUM', 'INST-329A1CBBE4', 9, 4, '', NULL, 'tersedia', NULL, 1, '2025-08-19 15:54:09', '2025-08-19 15:54:09'),
(339, 'TROICORD', 'INST-B14473C314', 9, 4, '', NULL, 'tersedia', NULL, 1, '2025-08-19 15:54:09', '2025-08-19 15:54:09'),
(340, 'MYOMA BOOR', 'INST-F9B79BA894', 9, 4, '', NULL, 'tersedia', NULL, 1, '2025-08-19 15:54:09', '2025-08-19 15:54:09'),
(341, 'TONGUE SPATLE', 'INST-3F242D3E5C', 9, 4, '', NULL, 'tersedia', NULL, 1, '2025-08-19 15:54:09', '2025-08-19 15:54:09'),
(342, 'CANULE SUCTION LOGAM', 'INST-02EE91F6A4', 9, 4, '', NULL, 'tersedia', NULL, 1, '2025-08-19 15:54:09', '2025-08-19 15:54:09'),
(343, 'CUCING BESAR/KECIL', 'INST-1A0A39714E', 9, 4, '', NULL, 'tersedia', NULL, 1, '2025-08-19 15:54:09', '2025-08-19 15:54:09'),
(344, 'HAK OBGYN/TANGGUNG', 'INST-D3A1CA8E02', 9, 4, '', NULL, 'tersedia', NULL, 1, '2025-08-19 15:54:09', '2025-08-19 15:54:09'),
(345, 'PEAN ARTERI KLEM (KECIL)', 'INST-7231097C6E', 9, 4, '', NULL, 'tersedia', NULL, 1, '2025-08-19 15:54:09', '2025-08-19 15:54:09'),
(346, 'KROOM KLEM (PANJANG)', 'INST-32B447B611', 9, 4, '', NULL, 'tersedia', NULL, 1, '2025-08-19 15:54:09', '2025-08-19 15:54:09'),
(347, 'PEAN ARTERI KLEM PANJANG (RECH)', 'INST-E87CA987BE', 9, 4, '', NULL, 'tersedia', NULL, 1, '2025-08-19 15:54:09', '2025-08-19 15:54:09'),
(348, 'HAK BESAR', 'INST-AA4FA00571', 9, 4, '', NULL, 'tersedia', NULL, 1, '2025-08-19 15:54:09', '2025-08-19 15:54:09'),
(349, 'LANGEN HAK TANGGUNG BEDAH/OBSGYN', 'INST-3940844705', 9, 4, '', NULL, 'tersedia', NULL, 1, '2025-08-19 15:54:09', '2025-08-19 15:54:09'),
(350, 'KOCHER (KECIL)', 'INST-C0C14A8CD4', 9, 4, '', NULL, 'tersedia', NULL, 1, '2025-08-19 15:54:09', '2025-08-19 15:54:09'),
(351, 'KOCHER (PANJANG)', 'INST-F29457DB52', 9, 4, '', NULL, 'tersedia', NULL, 1, '2025-08-19 15:54:09', '2025-08-19 15:54:09'),
(352, 'KROOM BESAR', 'INST-07F802714E', 9, 4, '', NULL, 'tersedia', NULL, 1, '2025-08-19 15:54:09', '2025-08-19 15:54:09'),
(353, 'PEAN (KECIL)', 'INST-A835571D69', 9, 4, '', NULL, 'tersedia', NULL, 1, '2025-08-19 15:54:09', '2025-08-19 15:54:09'),
(354, 'PEAN PANJANG (RECH)', 'INST-ECFA233455', 9, 4, '', NULL, 'tersedia', NULL, 1, '2025-08-19 15:54:09', '2025-08-19 15:54:09'),
(355, 'PERITONEUM KLEM', 'INST-600DE836D5', 9, 4, '', NULL, 'tersedia', NULL, 1, '2025-08-19 15:54:09', '2025-08-19 15:54:09'),
(356, 'KROMKECIL', 'INST-082BDA06F1', 9, 4, '', NULL, 'tersedia', NULL, 1, '2025-08-19 15:54:09', '2025-08-19 15:54:09'),
(357, 'KOKER ARTERIKLEM', 'INST-47AE09FB66', 9, 4, '', NULL, 'tersedia', NULL, 1, '2025-08-19 15:54:09', '2025-08-19 15:54:09'),
(358, 'ANATOMIPINCET', 'INST-07D0B37806', 9, 4, '', NULL, 'tersedia', NULL, 1, '2025-08-19 15:54:09', '2025-08-19 15:54:09'),
(359, 'HANDLE MESS No.4', 'INST-6DDDA61631', 9, 4, '', NULL, 'tersedia', NULL, 1, '2025-08-19 15:54:09', '2025-08-19 15:54:09'),
(360, 'GUNTING METZEMBOOM', 'INST-503E29B2E3', 9, 4, '', NULL, 'tersedia', NULL, 1, '2025-08-19 15:54:09', '2025-08-19 15:54:09'),
(361, 'KIKIRTULANG', 'INST-5B8134FD8D', 9, 4, '', NULL, 'tersedia', NULL, 1, '2025-08-19 15:54:09', '2025-08-19 15:54:09'),
(362, 'RESPATHORIUM', 'INST-9BF5DC2B15', 9, 4, '', NULL, 'tersedia', NULL, 1, '2025-08-19 15:54:09', '2025-08-19 15:54:09'),
(363, 'ELEPATHORIUM', 'INST-424AA88B33', 9, 4, '', NULL, 'tersedia', NULL, 1, '2025-08-19 15:54:09', '2025-08-19 15:54:09'),
(364, 'KNABELTANG', 'INST-7EB3336818', 9, 4, '', NULL, 'tersedia', NULL, 1, '2025-08-19 15:54:09', '2025-08-19 15:54:09'),
(365, 'CURRETAGE', 'INST-DB9972B25C', 9, 4, '', NULL, 'tersedia', NULL, 1, '2025-08-19 15:54:09', '2025-08-19 15:54:09'),
(366, 'KOBRA SEDANG', 'INST-83CB176A02', 9, 4, '', NULL, 'tersedia', NULL, 1, '2025-08-19 15:54:09', '2025-08-19 15:54:09'),
(367, 'KOBRA BESAR', 'INST-3E9758A871', 9, 4, '', NULL, 'tersedia', NULL, 1, '2025-08-19 15:54:09', '2025-08-19 15:54:09'),
(368, 'BONETANG', 'INST-F2FC9D8E28', 9, 4, '', NULL, 'tersedia', NULL, 1, '2025-08-19 15:54:09', '2025-08-19 15:54:09'),
(369, 'REDUCTION', 'INST-9BE08AE482', 9, 4, '', NULL, 'tersedia', NULL, 1, '2025-08-19 15:54:09', '2025-08-19 15:54:09'),
(370, 'VERBUGER', 'INST-7EC4775557', 9, 4, '', NULL, 'tersedia', NULL, 1, '2025-08-19 15:54:09', '2025-08-19 15:54:09'),
(371, 'TANGSQUESTER', 'INST-F2CDCDD5FD', 9, 4, '', NULL, 'tersedia', NULL, 1, '2025-08-19 15:54:09', '2025-08-19 15:54:09'),
(372, 'HAKFEMUR', 'INST-58184F27C7', 9, 4, '', NULL, 'tersedia', NULL, 1, '2025-08-19 15:54:09', '2025-08-19 15:54:09'),
(373, 'PEAN PANJANG', 'INST-66211D81BB', 9, 4, '', NULL, 'tersedia', NULL, 1, '2025-08-19 15:54:09', '2025-08-19 15:54:09'),
(374, 'KOKER SEDANG', 'INST-D319BE064D', 9, 4, '', NULL, 'tersedia', NULL, 1, '2025-08-19 15:54:09', '2025-08-19 15:54:09'),
(375, 'R1NGTANG', 'INST-D888ECB76A', 9, 4, '', NULL, 'tersedia', NULL, 1, '2025-08-19 15:54:09', '2025-08-19 15:54:09'),
(376, 'KOBRATANGGUNG', 'INST-A2EBF7C3DF', 9, 4, '', NULL, 'tersedia', NULL, 1, '2025-08-19 15:54:09', '2025-08-19 15:54:09'),
(377, 'LANGEN HAAK PANJANG', 'INST-1FB9279E5B', 9, 4, '', NULL, 'tersedia', NULL, 1, '2025-08-19 15:54:09', '2025-08-19 15:54:09'),
(378, 'BONE TANG BUAYA', 'INST-E4977AB877', 9, 4, '', NULL, 'tersedia', NULL, 1, '2025-08-19 15:54:09', '2025-08-19 15:54:09'),
(379, 'WOND HAAK GIGI 3/2', 'INST-73B2AF3F06', 9, 4, '', NULL, 'tersedia', NULL, 1, '2025-08-19 15:54:09', '2025-08-19 15:54:09'),
(380, 'KIKIR', 'INST-222D06C132', 9, 4, '', NULL, 'tersedia', NULL, 1, '2025-08-19 15:54:09', '2025-08-19 15:54:09'),
(381, 'TREEFOOD', 'INST-2BAFB62918', 9, 4, '', NULL, 'tersedia', NULL, 1, '2025-08-19 15:54:09', '2025-08-19 15:54:09'),
(382, 'LANGENHAAKDOBEL(TUMPULGIGI2)', 'INST-2D443CC217', 9, 4, '', NULL, 'tersedia', NULL, 1, '2025-08-19 15:54:09', '2025-08-19 15:54:09'),
(383, 'KROM ARTERI KLEM (KECIL)', 'INST-5570DB4E73', 9, 4, '', NULL, 'tersedia', NULL, 1, '2025-08-19 15:54:09', '2025-08-19 15:54:09'),
(384, 'KOCHER ARTERI KLEM ( PANJANG )', 'INST-D85167DC73', 9, 4, '', NULL, 'tersedia', NULL, 1, '2025-08-19 15:54:09', '2025-08-19 15:54:09'),
(385, 'GUNTING STANDART ( TUMPUL  TUMPUL )', 'INST-18FE69A59F', 9, 4, '', NULL, 'tersedia', NULL, 1, '2025-08-19 15:54:09', '2025-08-19 15:54:09'),
(386, 'RASPATARIUM  ELLEVATORIUM', 'INST-DF1739A98C', 9, 4, '', NULL, 'tersedia', NULL, 1, '2025-08-19 15:54:09', '2025-08-19 15:54:09'),
(387, 'COBRA KECIL', 'INST-59D25DC718', 9, 4, '', NULL, 'tersedia', NULL, 1, '2025-08-19 15:54:09', '2025-08-19 15:54:09'),
(388, 'REDUCTION KECIL (KREK)', 'INST-44FC9A8986', 9, 4, '', NULL, 'tersedia', NULL, 1, '2025-08-19 15:54:09', '2025-08-19 15:54:09'),
(389, 'REDUCTION  Kecil (ULIR)', 'INST-C2F9E50757', 9, 4, '', NULL, 'tersedia', NULL, 1, '2025-08-19 15:54:09', '2025-08-19 15:54:09'),
(390, 'VERBRUGGE (KECIL)', 'INST-4364FFF447', 9, 4, '', NULL, 'tersedia', NULL, 1, '2025-08-19 15:54:09', '2025-08-19 15:54:09'),
(391, 'VERBRUGGE (TANGGUNG)', 'INST-C41A05600F', 9, 4, '', NULL, 'tersedia', NULL, 1, '2025-08-19 15:54:09', '2025-08-19 15:54:09'),
(392, 'BONE CURETTES / SCARFLE LAFEL', 'INST-DA2F14660A', 9, 4, '', NULL, 'tersedia', NULL, 1, '2025-08-19 15:54:09', '2025-08-19 15:54:09'),
(393, 'CANULE ZUIGHT APPARAT', 'INST-75EC722D88', 9, 4, '', NULL, 'tersedia', NULL, 1, '2025-08-19 15:54:09', '2025-08-19 15:54:09'),
(394, 'HAK RUNCING GIGI 2', 'INST-AECDD9F481', 9, 4, '', NULL, 'tersedia', NULL, 1, '2025-08-19 15:54:09', '2025-08-19 15:54:09'),
(395, 'KOCHER KECIL', 'INST-3595C20DB5', 9, 4, '', NULL, 'tersedia', NULL, 1, '2025-08-19 15:54:09', '2025-08-19 15:54:09'),
(396, 'PEAN KECIL', 'INST-7E34AE2132', 9, 4, '', NULL, 'tersedia', NULL, 1, '2025-08-19 15:54:09', '2025-08-19 15:54:09'),
(397, 'PICET ANATOMIS', 'INST-F2F1F8BE0D', 9, 4, '', NULL, 'tersedia', NULL, 1, '2025-08-19 15:54:09', '2025-08-19 15:54:09'),
(398, 'PINCET CIRURGY', 'INST-6E30BAEF5E', 9, 4, '', NULL, 'tersedia', NULL, 1, '2025-08-19 15:54:09', '2025-08-19 15:54:09'),
(399, 'PINCET MANIS', 'INST-78424D8C09', 9, 4, '', NULL, 'tersedia', NULL, 1, '2025-08-19 15:54:09', '2025-08-19 15:54:09'),
(400, 'PINSET HALUS PEMBULUH DARAH', 'INST-B6FE7441F4', 9, 4, '', NULL, 'tersedia', NULL, 1, '2025-08-19 15:54:09', '2025-08-19 15:54:09'),
(401, 'ITANDE HAK', 'INST-F4B2C8CDC8', 9, 4, '', NULL, 'tersedia', NULL, 1, '2025-08-19 15:54:09', '2025-08-19 15:54:09'),
(402, 'SPEARER HAK', 'INST-20EF5C07C3', 9, 4, '', NULL, 'tersedia', NULL, 1, '2025-08-19 15:54:09', '2025-08-19 15:54:09'),
(403, 'PROBE', 'INST-4FA5EA461E', 9, 4, '', NULL, 'tersedia', NULL, 1, '2025-08-19 15:54:09', '2025-08-19 15:54:09'),
(404, 'RASPATORIUM KECIL', 'INST-51E4015E23', 9, 4, '', NULL, 'tersedia', NULL, 1, '2025-08-19 15:54:09', '2025-08-19 15:54:09'),
(405, 'NALPOUDER', 'INST-8B8F31A8AD', 9, 4, '', NULL, 'tersedia', NULL, 1, '2025-08-19 15:54:09', '2025-08-19 15:54:09'),
(406, 'CANUL SUCTION BESAR /KECIL', 'INST-C85E0ED848', 9, 4, '', NULL, 'tersedia', NULL, 1, '2025-08-19 15:54:09', '2025-08-19 15:54:09'),
(407, 'HANDLE MES NO 3 LURUS/BENGKOK', 'INST-247CF58FFF', 9, 4, '', NULL, 'tersedia', NULL, 1, '2025-08-19 15:54:09', '2025-08-19 15:54:09'),
(408, 'HANDLE MES NO 4', 'INST-DD2DB08602', 9, 4, '', NULL, 'tersedia', NULL, 1, '2025-08-19 15:54:09', '2025-08-19 15:54:09'),
(409, 'BONE CURRET BENGKOK', 'INST-99EE512700', 9, 4, '', NULL, 'tersedia', NULL, 1, '2025-08-19 15:54:09', '2025-08-19 15:54:09'),
(410, 'CANABLE BENGKOK/ LURUS BESAR', 'INST-65FC855AC4', 9, 4, '', NULL, 'tersedia', NULL, 1, '2025-08-19 15:54:09', '2025-08-19 15:54:09'),
(411, 'ROAD DESECTOR PANJANG/PENDEK', 'INST-8A3D334858', 9, 4, '', NULL, 'tersedia', NULL, 1, '2025-08-19 15:54:09', '2025-08-19 15:54:09'),
(412, 'TELLER', 'INST-EA350AD909', 9, 4, '', NULL, 'tersedia', NULL, 1, '2025-08-19 15:54:09', '2025-08-19 15:54:09'),
(413, 'GALPHY', 'INST-309592055F', 9, 4, '', NULL, 'tersedia', NULL, 1, '2025-08-19 15:54:09', '2025-08-19 15:54:09'),
(414, 'KOOP BESAR/SEDANG/KECIL', 'INST-49A02685ED', 9, 4, '', NULL, 'tersedia', NULL, 1, '2025-08-19 15:54:09', '2025-08-19 15:54:09'),
(415, 'ROUNGGER/KETILIEN UP, DOWN,HORIZONE BITE', 'INST-9D2A837610', 9, 4, '', NULL, 'tersedia', NULL, 1, '2025-08-19 15:54:09', '2025-08-19 15:54:09'),
(416, 'BANDING', 'INST-946F8CFF5E', 9, 4, '', NULL, 'tersedia', NULL, 1, '2025-08-19 15:54:09', '2025-08-19 15:54:09'),
(417, 'KRISEN 1,2,3,4,5', 'INST-6FE747A404', 9, 4, '', NULL, 'tersedia', NULL, 1, '2025-08-19 15:54:09', '2025-08-19 15:54:09'),
(418, 'SCREW DRIVER', 'INST-AE1A006B1E', 9, 4, '', NULL, 'tersedia', NULL, 1, '2025-08-19 15:54:09', '2025-08-19 15:54:09');
INSERT INTO `instruments` (`instrument_id`, `instrument_name`, `instrument_code`, `instrument_type_id`, `department_id`, `notes`, `image_filename`, `status`, `expiry_in_days`, `created_by_user_id`, `created_at`, `updated_at`) VALUES
(419, 'DISTRAKTOR LAMINA', 'INST-89A8E06959', 9, 4, '', NULL, 'tersedia', NULL, 1, '2025-08-19 15:54:09', '2025-08-19 15:54:09'),
(420, 'KING KOHN', 'INST-E6B15E67B9', 9, 4, '', NULL, 'tersedia', NULL, 1, '2025-08-19 15:54:09', '2025-08-19 15:54:09'),
(421, 'KROM  TANGGUNG', 'INST-106AC1F6F0', 9, 4, '', NULL, 'tersedia', NULL, 1, '2025-08-19 15:54:09', '2025-08-19 15:54:09'),
(422, 'KOCHER LURUS', 'INST-FB7FFC0430', 9, 4, '', NULL, 'tersedia', NULL, 1, '2025-08-19 15:54:09', '2025-08-19 15:54:09'),
(423, 'KOCHER BENGKOK', 'INST-6FA882E519', 9, 4, '', NULL, 'tersedia', NULL, 1, '2025-08-19 15:54:09', '2025-08-19 15:54:09'),
(424, 'RINGTANG', 'INST-9D1E2295CC', 9, 4, '', NULL, 'tersedia', NULL, 1, '2025-08-19 15:54:09', '2025-08-19 15:54:09'),
(425, 'VERBUGE KECIL', 'INST-9207127C6B', 9, 4, '', NULL, 'tersedia', NULL, 1, '2025-08-19 15:54:09', '2025-08-19 15:54:09'),
(426, 'VERBUGE SEDANG', 'INST-DBC77665F3', 9, 4, '', NULL, 'tersedia', NULL, 1, '2025-08-19 15:54:09', '2025-08-19 15:54:09'),
(427, 'REDUCTION KECIL', 'INST-983B34A935', 9, 4, '', NULL, 'tersedia', NULL, 1, '2025-08-19 15:54:09', '2025-08-19 15:54:09'),
(428, 'REDUCTION SEDANG', 'INST-EC29E71ADA', 9, 4, '', NULL, 'tersedia', NULL, 1, '2025-08-19 15:54:09', '2025-08-19 15:54:09'),
(429, 'HAK TAJAM TUMPUL', 'INST-B09EED485A', 9, 4, '', NULL, 'tersedia', NULL, 1, '2025-08-19 15:54:09', '2025-08-19 15:54:09'),
(430, 'HAK TANGGUNG', 'INST-7C9A7C6599', 9, 4, '', NULL, 'tersedia', NULL, 1, '2025-08-19 15:54:09', '2025-08-19 15:54:09'),
(431, 'SLOOP SONDE', 'INST-04D93C34A8', 9, 4, '', NULL, 'tersedia', NULL, 1, '2025-08-19 15:54:09', '2025-08-19 15:54:09'),
(432, 'SPREAR HAK', 'INST-E49A396CB7', 9, 4, '', NULL, 'tersedia', NULL, 1, '2025-08-19 15:54:09', '2025-08-19 15:54:09'),
(433, 'RASPATORIUM', 'INST-DBB09D95E4', 9, 4, '', NULL, 'tersedia', NULL, 1, '2025-08-19 15:54:09', '2025-08-19 15:54:09'),
(434, 'HANDLE MES NO 3', 'INST-228387542C', 9, 4, '', NULL, 'tersedia', NULL, 1, '2025-08-19 15:54:09', '2025-08-19 15:54:09'),
(435, 'HAK TANGGUNG 2', 'INST-370FCE7B95', 9, 4, '', NULL, 'tersedia', NULL, 1, '2025-08-19 15:54:09', '2025-08-19 15:54:09'),
(436, 'HAK GIGI TAJAM', 'INST-0D5A1A0141', 9, 4, '', NULL, 'tersedia', NULL, 1, '2025-08-19 15:54:09', '2025-08-19 15:54:09'),
(437, 'ELEVATORIUM', 'INST-875A3ECEB0', 9, 4, '', NULL, 'tersedia', NULL, 1, '2025-08-19 15:54:09', '2025-08-19 15:54:09'),
(438, 'CANUL SUCTION KECIL/BESAR', 'INST-7D08906C28', 9, 4, '', NULL, 'tersedia', NULL, 1, '2025-08-19 15:54:09', '2025-08-19 15:54:09'),
(439, 'KROM BESAR / RIGH ANGEL', 'INST-AB75DB705E', 9, 4, '', NULL, 'tersedia', NULL, 1, '2025-08-19 15:54:09', '2025-08-19 15:54:09'),
(440, 'PEAN BESAR', 'INST-313CFD3581', 9, 4, '', NULL, 'tersedia', NULL, 1, '2025-08-19 15:54:09', '2025-08-19 15:54:09'),
(441, 'LANGEN BACK DOBLE', 'INST-3A859A81A9', 9, 4, '', NULL, 'tersedia', NULL, 1, '2025-08-19 15:54:09', '2025-08-19 15:54:09'),
(442, 'HAK KECIL TUMPUL', 'INST-89D2587E46', 9, 4, '', NULL, 'tersedia', NULL, 1, '2025-08-19 15:54:09', '2025-08-19 15:54:09'),
(443, 'RASPATORIUM-ELEVATORIUM', 'INST-1A8AEB219D', 9, 4, '', NULL, 'tersedia', NULL, 1, '2025-08-19 15:54:09', '2025-08-19 15:54:09'),
(444, 'BON CURRET', 'INST-A04AFEDBE8', 9, 4, '', NULL, 'tersedia', NULL, 1, '2025-08-19 15:54:09', '2025-08-19 15:54:09'),
(445, 'NALVOUDER', 'INST-7055408D76', 9, 4, '', NULL, 'tersedia', NULL, 1, '2025-08-19 15:54:09', '2025-08-19 15:54:09'),
(446, 'KROM SEDANG', 'INST-A2F77D0C50', 9, 4, '', NULL, 'tersedia', NULL, 1, '2025-08-19 15:54:09', '2025-08-19 15:54:09'),
(447, 'VERBUGE', 'INST-4BD132B161', 9, 4, '', NULL, 'tersedia', NULL, 1, '2025-08-19 15:54:09', '2025-08-19 15:54:09'),
(448, 'REDUCTION TANGGUNG', 'INST-7D1EBDE57F', 9, 4, '', NULL, 'tersedia', NULL, 1, '2025-08-19 15:54:09', '2025-08-19 15:54:09'),
(449, 'BONE FORCEP', 'INST-CE3670362A', 9, 4, '', NULL, 'tersedia', NULL, 1, '2025-08-19 15:54:09', '2025-08-19 15:54:09'),
(450, 'RING KLEM', 'INST-2142414DDE', 9, 4, '', NULL, 'tersedia', NULL, 1, '2025-08-19 15:54:09', '2025-08-19 15:54:09'),
(451, 'LANGEN BACK', 'INST-62EC01809A', 9, 4, '', NULL, 'tersedia', NULL, 1, '2025-08-19 15:54:09', '2025-08-19 15:54:09'),
(452, 'HAK TAJAM', 'INST-4AB91BA579', 9, 4, '', NULL, 'tersedia', NULL, 1, '2025-08-19 15:54:09', '2025-08-19 15:54:09'),
(453, 'RASPATORIUM ELEVATOR', 'INST-D6FF0DCDE9', 9, 4, '', NULL, 'tersedia', NULL, 1, '2025-08-19 15:54:09', '2025-08-19 15:54:09'),
(454, 'COBRA', 'INST-316F0F9A98', 9, 4, '', NULL, 'tersedia', NULL, 1, '2025-08-19 15:54:09', '2025-08-19 15:54:09'),
(455, 'MULLER', 'INST-7BEA37176D', 9, 4, '', NULL, 'tersedia', NULL, 1, '2025-08-19 15:54:09', '2025-08-19 15:54:09'),
(456, 'TANG CUCUT', 'INST-E72105EFB7', 9, 4, '', NULL, 'tersedia', NULL, 1, '2025-08-19 15:54:09', '2025-08-19 15:54:09'),
(457, 'PEAN LURUS', 'INST-411061C64A', 9, 4, '', NULL, 'tersedia', NULL, 1, '2025-08-19 15:54:09', '2025-08-19 15:54:09'),
(458, 'HAK GIGI TAJAM 4', 'INST-4959B5F639', 9, 4, '', NULL, 'tersedia', NULL, 1, '2025-08-19 15:54:09', '2025-08-19 15:54:09'),
(459, 'HAK GIGI TAJAM 2', 'INST-B61692DD50', 9, 4, '', NULL, 'tersedia', NULL, 1, '2025-08-19 15:54:09', '2025-08-19 15:54:09'),
(460, 'ELEPATORIUM', 'INST-9FBFD8F078', 9, 4, '', NULL, 'tersedia', NULL, 1, '2025-08-19 15:54:09', '2025-08-19 15:54:09'),
(461, 'KOCHER TANGGUNG', 'INST-FC7082D2B4', 9, 4, '', NULL, 'tersedia', NULL, 1, '2025-08-19 15:54:09', '2025-08-19 15:54:09'),
(462, 'KOCHER BESAR', 'INST-EB395910AB', 9, 4, '', NULL, 'tersedia', NULL, 1, '2025-08-19 15:54:09', '2025-08-19 15:54:09'),
(463, 'KOCHER PANJANG BENGKOK', 'INST-7B7163B136', 9, 4, '', NULL, 'tersedia', NULL, 1, '2025-08-19 15:54:09', '2025-08-19 15:54:09'),
(464, 'PEAN ARTERI KLEM', 'INST-F2480F9B89', 9, 4, '', NULL, 'tersedia', NULL, 1, '2025-08-19 15:54:09', '2025-08-19 15:54:09'),
(465, 'VERBUGE BESAR', 'INST-C4FBD8893B', 9, 4, '', NULL, 'tersedia', NULL, 1, '2025-08-19 15:54:09', '2025-08-19 15:54:09'),
(466, 'REDUCTION BESAR', 'INST-1D32DEF363', 9, 4, '', NULL, 'tersedia', NULL, 1, '2025-08-19 15:54:09', '2025-08-19 15:54:09'),
(467, 'LANGEN HAK', 'INST-F7566627AD', 9, 4, '', NULL, 'tersedia', NULL, 1, '2025-08-19 15:54:09', '2025-08-19 15:54:09'),
(468, 'HAK TAJAM GIGI 4', 'INST-714D7193AE', 9, 4, '', NULL, 'tersedia', NULL, 1, '2025-08-19 15:54:09', '2025-08-19 15:54:09'),
(469, 'CLAW HAK GIGI 4 TUMPUL', 'INST-56DC81B49C', 9, 4, '', NULL, 'tersedia', NULL, 1, '2025-08-19 15:54:09', '2025-08-19 15:54:09'),
(470, 'HANDLE MES NO 3 /4', 'INST-4859FDED86', 9, 4, '', NULL, 'tersedia', NULL, 1, '2025-08-19 15:54:09', '2025-08-19 15:54:09'),
(471, 'COBRA BESAR', 'INST-3208A57924', 9, 4, '', NULL, 'tersedia', NULL, 1, '2025-08-19 15:54:09', '2025-08-19 15:54:09'),
(472, 'COBRA SEDANG', 'INST-753B0B2813', 9, 4, '', NULL, 'tersedia', NULL, 1, '2025-08-19 15:54:09', '2025-08-19 15:54:09'),
(473, 'KOCHER PANJANG', 'INST-6800DEE0E8', 9, 4, '', NULL, 'tersedia', NULL, 1, '2025-08-19 15:54:09', '2025-08-19 15:54:09'),
(474, 'HAK TAJAM GIGI 3', 'INST-1E50A6551C', 9, 4, '', NULL, 'tersedia', NULL, 1, '2025-08-19 15:54:09', '2025-08-19 15:54:09'),
(475, 'CLAW HAK GIGI 2TUMPUL', 'INST-931CCD0A07', 9, 4, '', NULL, 'tersedia', NULL, 1, '2025-08-19 15:54:09', '2025-08-19 15:54:09'),
(476, 'CUCING BESAR/ KECIL', 'INST-80095E8DAB', 9, 4, '', NULL, 'tersedia', NULL, 1, '2025-08-19 15:54:09', '2025-08-19 15:54:09'),
(477, 'KNABEL BESAR', 'INST-D2CB269B23', 9, 4, '', NULL, 'tersedia', NULL, 1, '2025-08-19 15:54:09', '2025-08-19 15:54:09'),
(478, 'LANGEN HAK DOUBLE SEDANG', 'INST-FCA3C890AB', 9, 4, '', NULL, 'tersedia', NULL, 1, '2025-08-19 15:54:09', '2025-08-19 15:54:09'),
(479, 'HAK TAJAM GIGI 2/3', 'INST-9CA394BF76', 9, 4, '', NULL, 'tersedia', NULL, 1, '2025-08-19 15:54:09', '2025-08-19 15:54:09'),
(480, 'CUCING KECIL', 'INST-6016E19422', 9, 4, '', NULL, 'tersedia', NULL, 1, '2025-08-19 15:54:09', '2025-08-19 15:54:09'),
(481, 'LANGEN HAK SINGLE', 'INST-B038E597D1', 9, 4, '', NULL, 'tersedia', NULL, 1, '2025-08-19 15:54:09', '2025-08-19 15:54:09'),
(482, 'HAK TAJAM', 'INST-F68B83BC63', 9, 4, '', NULL, 'tersedia', NULL, 1, '2025-08-19 15:54:09', '2025-08-19 15:54:09'),
(483, 'CUCING BESAR /KECIL', 'INST-5215492B91', 9, 4, '', NULL, 'tersedia', NULL, 1, '2025-08-19 15:54:09', '2025-08-19 15:54:09'),
(484, 'PROBE', 'INST-59050A104E', 9, 4, '', NULL, 'tersedia', NULL, 1, '2025-08-19 15:54:09', '2025-08-19 15:54:09'),
(485, 'TROICORT', 'INST-1EC5D14E72', 9, 4, '', NULL, 'tersedia', NULL, 1, '2025-08-19 15:54:09', '2025-08-19 15:54:09'),
(486, 'CHIZER', 'INST-85A0C73926', 9, 4, '', NULL, 'tersedia', NULL, 1, '2025-08-19 15:54:09', '2025-08-19 15:54:09'),
(487, 'GRASPER', 'INST-9DAA5E1ADC', 9, 4, '', NULL, 'tersedia', NULL, 1, '2025-08-19 15:54:09', '2025-08-19 15:54:09'),
(488, 'GRASPER TAJAM', 'INST-1D77AC568A', 9, 4, '', NULL, 'tersedia', NULL, 1, '2025-08-19 15:54:09', '2025-08-19 15:54:09'),
(489, 'PUNCH LURUS KECIL/SEDANG/BESAR', 'INST-47B9C9E52D', 9, 4, '', NULL, 'tersedia', NULL, 1, '2025-08-19 15:54:09', '2025-08-19 15:54:09'),
(490, 'PUNCH BENGKOK KIRI', 'INST-435A89C1DC', 9, 4, '', NULL, 'tersedia', NULL, 1, '2025-08-19 15:54:09', '2025-08-19 15:54:09'),
(491, 'PUNCH BENGKOK KANAN', 'INST-3D510E8F89', 9, 4, '', NULL, 'tersedia', NULL, 1, '2025-08-19 15:54:09', '2025-08-19 15:54:09'),
(492, 'RIGHTANGLE', 'INST-1D9F43BA0F', 9, 4, '', NULL, 'tersedia', NULL, 1, '2025-08-19 15:54:09', '2025-08-19 15:54:09'),
(493, 'TROICORT BESAR/KECIL', 'INST-733C77F75E', 9, 4, '', NULL, 'tersedia', NULL, 1, '2025-08-19 15:54:09', '2025-08-19 15:54:09'),
(494, 'GRASPER LEMBUT', 'INST-FFCDD12FAB', 9, 4, '', NULL, 'tersedia', NULL, 1, '2025-08-19 15:54:09', '2025-08-19 15:54:09'),
(495, 'PUNCH LURUS', 'INST-B5F1F5C952', 9, 4, '', NULL, 'tersedia', NULL, 1, '2025-08-19 15:54:09', '2025-08-19 15:54:09'),
(496, 'SHAVET', 'INST-5A331B6CA4', 9, 4, '', NULL, 'tersedia', NULL, 1, '2025-08-19 15:54:09', '2025-08-19 15:54:09'),
(497, 'MATA BOR', 'INST-CFB02C7C55', 9, 4, '', NULL, 'tersedia', NULL, 1, '2025-08-19 15:54:09', '2025-08-19 15:54:09'),
(498, 'BLADE', 'INST-028E1105F9', 9, 4, '', NULL, 'tersedia', NULL, 1, '2025-08-19 15:54:09', '2025-08-19 15:54:09'),
(499, 'CURRET', 'INST-6CDFDF1EA8', 9, 4, '', NULL, 'tersedia', NULL, 1, '2025-08-19 15:54:09', '2025-08-19 15:54:09'),
(500, 'TUNDAN SLEPER', 'INST-FCA74F4FFB', 9, 4, '', NULL, 'tersedia', NULL, 1, '2025-08-19 15:54:09', '2025-08-19 15:54:09'),
(501, 'MANELREM', 'INST-841A46D5F7', 9, 4, '', NULL, 'tersedia', NULL, 1, '2025-08-19 15:54:09', '2025-08-19 15:54:09'),
(502, 'KROM BENGKOK', 'INST-B6C66F92C1', 9, 4, '', NULL, 'tersedia', NULL, 1, '2025-08-19 15:54:09', '2025-08-19 15:54:09'),
(503, 'KLEM PEAN', 'INST-2555167C66', 9, 4, '', NULL, 'tersedia', NULL, 1, '2025-08-19 15:54:09', '2025-08-19 15:54:09'),
(504, 'ELIS KLEM', 'INST-A736A2B326', 9, 4, '', NULL, 'tersedia', NULL, 1, '2025-08-19 15:54:09', '2025-08-19 15:54:09'),
(505, 'TUMOR TANG', 'INST-F1C4EBD0C3', 9, 4, '', NULL, 'tersedia', NULL, 1, '2025-08-19 15:54:09', '2025-08-19 15:54:09'),
(506, 'LANGEN HAK TAJAM TUMPUL', 'INST-8D5832D025', 9, 4, '', NULL, 'tersedia', NULL, 1, '2025-08-19 15:54:09', '2025-08-19 15:54:09'),
(507, 'ROLL HAK', 'INST-FFF2E43365', 9, 4, '', NULL, 'tersedia', NULL, 1, '2025-08-19 15:54:09', '2025-08-19 15:54:09'),
(508, 'STONE TANG', 'INST-D3137DBB85', 9, 4, '', NULL, 'tersedia', NULL, 1, '2025-08-19 15:54:09', '2025-08-19 15:54:09'),
(509, 'KLEM PEAN KECIL', 'INST-E84F179048', 9, 4, '', NULL, 'tersedia', NULL, 1, '2025-08-19 15:54:09', '2025-08-19 15:54:09'),
(510, 'PICET ANATOMIS MANIS', 'INST-C976BA0930', 9, 4, '', NULL, 'tersedia', NULL, 1, '2025-08-19 15:54:09', '2025-08-19 15:54:09'),
(511, 'PINCET CIRURGY MANIS', 'INST-DD61587331', 9, 4, '', NULL, 'tersedia', NULL, 1, '2025-08-19 15:54:09', '2025-08-19 15:54:09'),
(512, 'HAK GINJAL', 'INST-BF3C6F19B7', 9, 4, '', NULL, 'tersedia', NULL, 1, '2025-08-19 15:54:09', '2025-08-19 15:54:09'),
(513, 'LANGEN BACK SINGLE', 'INST-F4306BD80E', 9, 4, '', NULL, 'tersedia', NULL, 1, '2025-08-19 15:54:09', '2025-08-19 15:54:09'),
(514, 'LANGEN HAK kOMBINASI KECIL', 'INST-2C4AA4F7D4', 9, 4, '', NULL, 'tersedia', NULL, 1, '2025-08-19 15:54:09', '2025-08-19 15:54:09'),
(515, 'RASPA', 'INST-C9112FE22A', 9, 4, '', NULL, 'tersedia', NULL, 1, '2025-08-19 15:54:09', '2025-08-19 15:54:09'),
(516, 'Yasargil Micro Sciss Bayo ST/ B 225 mm', 'INST-3CC57C485F', 9, 4, '', NULL, 'tersedia', NULL, 1, '2025-08-19 15:54:09', '2025-08-19 15:54:09'),
(517, 'Yasargil Micro Sciss Bayo ST/ BL 225 mm', 'INST-9862D076F3', 9, 4, '', NULL, 'tersedia', NULL, 1, '2025-08-19 15:54:09', '2025-08-19 15:54:09'),
(518, 'Yasargil Micro Sciss dELBayo STS/ S 225 mm', 'INST-811700442C', 9, 4, '', NULL, 'tersedia', NULL, 1, '2025-08-19 15:54:09', '2025-08-19 15:54:09'),
(519, 'Yasargil Micro Sciss Bayoup-CVDS/ S 225 mmSTS/ S 225 mm', 'INST-5B1C18C754', 9, 4, '', NULL, 'tersedia', NULL, 1, '2025-08-19 15:54:09', '2025-08-19 15:54:09'),
(520, 'Yasargil Micro Scissors STR 185 mm', 'INST-F3EC6B9D7C', 9, 4, '', NULL, 'tersedia', NULL, 1, '2025-08-19 15:54:09', '2025-08-19 15:54:09'),
(521, 'Yasargil Tumor Forceps 3mm 220 mm', 'INST-BAABD3C271', 9, 4, '', NULL, 'tersedia', NULL, 1, '2025-08-19 15:54:09', '2025-08-19 15:54:09'),
(522, 'Yasargil Tumor Forceps 5mm 220 mm', 'INST-24B18A1012', 9, 4, '', NULL, 'tersedia', NULL, 1, '2025-08-19 15:54:09', '2025-08-19 15:54:09'),
(523, 'Yasargil Tumor Forceps serr 3mm 220 mm', 'INST-757544D9B9', 9, 4, '', NULL, 'tersedia', NULL, 1, '2025-08-19 15:54:09', '2025-08-19 15:54:09'),
(524, 'Yasargil Tumor Forceps serr 5mm 220 mm', 'INST-F51D79A9D4', 9, 4, '', NULL, 'tersedia', NULL, 1, '2025-08-19 15:54:09', '2025-08-19 15:54:09'),
(525, 'Yasargil Mikro Forceps', 'INST-B0B797BD6C', 9, 4, '', NULL, 'tersedia', NULL, 1, '2025-08-19 15:54:09', '2025-08-19 15:54:09'),
(526, 'Yasargil Mikroform  Bayo Forceps 6mm 180 mm', 'INST-1F0131D489', 9, 4, '', NULL, 'tersedia', NULL, 1, '2025-08-19 15:54:09', '2025-08-19 15:54:09'),
(527, 'Yasargil Mikroform  Bayo Forceps 1X2 180 mm', 'INST-A504AC2EE9', 9, 4, '', NULL, 'tersedia', NULL, 1, '2025-08-19 15:54:09', '2025-08-19 15:54:09'),
(528, 'KOCHER KLEM', 'INST-09BD0D4441', 9, 4, '', NULL, 'tersedia', NULL, 1, '2025-08-19 15:54:09', '2025-08-19 15:54:09'),
(529, 'STONE TANG', 'INST-256FE217D6', 9, 4, '', NULL, 'tersedia', NULL, 1, '2025-08-19 15:54:09', '2025-08-19 15:54:09'),
(530, 'LANGEN BAK', 'INST-DCAE054F62', 9, 4, '', NULL, 'tersedia', NULL, 1, '2025-08-19 15:54:09', '2025-08-19 15:54:09'),
(531, 'HAK HAK TAJAM TUMPUL', 'INST-3C4865372F', 9, 4, '', NULL, 'tersedia', NULL, 1, '2025-08-19 15:54:09', '2025-08-19 15:54:09'),
(532, 'BON CURATAGE', 'INST-4D9346729D', 9, 4, '', NULL, 'tersedia', NULL, 1, '2025-08-19 15:54:09', '2025-08-19 15:54:09'),
(533, 'CANUL SUCTION SEDANG', 'INST-C8A3AA2FE0', 9, 4, '', NULL, 'tersedia', NULL, 1, '2025-08-19 15:54:09', '2025-08-19 15:54:09'),
(534, 'CANUL SUCTION KECIL', 'INST-ED729A2BEF', 9, 4, '', NULL, 'tersedia', NULL, 1, '2025-08-19 15:54:09', '2025-08-19 15:54:09'),
(535, 'RIGHTANGEL KLEM', 'INST-793433612B', 9, 4, '', NULL, 'tersedia', NULL, 1, '2025-08-19 15:54:09', '2025-08-19 15:54:09'),
(536, 'DARM KLEM BENGKOK', 'INST-AD94E5B08C', 9, 4, '', NULL, 'tersedia', NULL, 1, '2025-08-19 15:54:09', '2025-08-19 15:54:09'),
(537, 'DARM KLEM LURUS', 'INST-81E53F2AC2', 9, 4, '', NULL, 'tersedia', NULL, 1, '2025-08-19 15:54:09', '2025-08-19 15:54:09'),
(538, 'HAK GIGI 4', 'INST-794A94294C', 9, 4, '', NULL, 'tersedia', NULL, 1, '2025-08-19 15:54:09', '2025-08-19 15:54:09'),
(539, 'SPREADER HAK', 'INST-F354B84731', 9, 4, '', NULL, 'tersedia', NULL, 1, '2025-08-19 15:54:09', '2025-08-19 15:54:09'),
(540, 'SONDE', 'INST-E78CBA036F', 9, 4, '', NULL, 'tersedia', NULL, 1, '2025-08-19 15:54:09', '2025-08-19 15:54:09'),
(541, 'SLOP SONDE', 'INST-001721FD75', 9, 4, '', NULL, 'tersedia', NULL, 1, '2025-08-19 15:54:09', '2025-08-19 15:54:09'),
(542, 'KROM PANJANG', 'INST-91F3BE55A1', 9, 4, '', NULL, 'tersedia', NULL, 1, '2025-08-19 15:54:09', '2025-08-19 15:54:09'),
(543, 'KOCHER BESAR', 'INST-B74390A958', 9, 4, '', NULL, 'tersedia', NULL, 1, '2025-08-19 15:54:09', '2025-08-19 15:54:09'),
(544, 'STONE TANG  RENAL', 'INST-2EA2430F5F', 9, 4, '', NULL, 'tersedia', NULL, 1, '2025-08-19 15:54:09', '2025-08-19 15:54:09'),
(545, 'STONE TANG  BENGKOK', 'INST-601957C914', 9, 4, '', NULL, 'tersedia', NULL, 1, '2025-08-19 15:54:09', '2025-08-19 15:54:09'),
(546, 'PICET CIRURGIE', 'INST-8E95AD2C2A', 9, 4, '', NULL, 'tersedia', NULL, 1, '2025-08-19 15:54:09', '2025-08-19 15:54:09'),
(547, 'HAK GINJAL', 'INST-3F601FC261', 9, 4, '', NULL, 'tersedia', NULL, 1, '2025-08-19 15:54:09', '2025-08-19 15:54:09'),
(548, 'STONE TANG  LURUS', 'INST-3A28E45511', 9, 4, '', NULL, 'tersedia', NULL, 1, '2025-08-19 15:54:09', '2025-08-19 15:54:09'),
(549, 'PICET MANIS', 'INST-07DA45E3B8', 9, 4, '', NULL, 'tersedia', NULL, 1, '2025-08-19 15:54:09', '2025-08-19 15:54:09'),
(550, 'HAK GIGI 6', 'INST-A34B635173', 9, 4, '', NULL, 'tersedia', NULL, 1, '2025-08-19 15:54:09', '2025-08-19 15:54:09'),
(551, 'ROL HAK', 'INST-0FF0E19F8F', 9, 4, '', NULL, 'tersedia', NULL, 1, '2025-08-19 15:54:09', '2025-08-19 15:54:09'),
(552, 'SATINSKEY KLEM', 'INST-3E4AFA0EDC', 9, 4, '', NULL, 'tersedia', NULL, 1, '2025-08-19 15:54:09', '2025-08-19 15:54:09'),
(553, 'STONE TANG  BESAR', 'INST-8B6FF90EEC', 9, 4, '', NULL, 'tersedia', NULL, 1, '2025-08-19 15:54:09', '2025-08-19 15:54:09'),
(554, 'STONE TANG  KECIL', 'INST-557F39039B', 9, 4, '', NULL, 'tersedia', NULL, 1, '2025-08-19 15:54:09', '2025-08-19 15:54:09'),
(555, 'STATINZKI', 'INST-5CB8991B9A', 9, 4, '', NULL, 'tersedia', NULL, 1, '2025-08-19 15:54:09', '2025-08-19 15:54:09'),
(556, 'PICET ANATOMI', 'INST-367FA93412', 9, 4, '', NULL, 'tersedia', NULL, 1, '2025-08-19 15:54:09', '2025-08-19 15:54:09'),
(557, 'SPECULUM HIDUNG BENGKOK', 'INST-51A524AFFD', 9, 4, '', NULL, 'tersedia', NULL, 1, '2025-08-19 15:54:09', '2025-08-19 15:54:09'),
(558, 'MOUTGAG BIASA', 'INST-A6C313E0DB', 9, 4, '', NULL, 'tersedia', NULL, 1, '2025-08-19 15:54:09', '2025-08-19 15:54:09'),
(559, 'ADENOID CURATAGE', 'INST-DFE49E814D', 9, 4, NULL, 'inst_68b79abe03eaf3.28052281.jpg', 'tersedia', NULL, 1, '2025-08-19 15:54:09', '2025-09-03 01:32:46'),
(560, 'PISAU TONSIL / BISTURI', 'INST-7788F47614', 9, 4, '', NULL, 'tersedia', NULL, 1, '2025-08-19 15:54:09', '2025-08-19 15:54:09'),
(561, 'TAMPON TANG', 'INST-C5592502FE', 9, 4, '', NULL, 'tersedia', NULL, 1, '2025-08-19 15:54:09', '2025-08-19 15:54:09'),
(562, 'GUNTING METZEMBUM', 'INST-70D32A2814', 9, 4, '', NULL, 'tersedia', NULL, 1, '2025-08-19 15:54:09', '2025-08-19 15:54:09'),
(563, 'TANG SPATEL', 'INST-A681A41081', 9, 4, '', NULL, 'tersedia', NULL, 1, '2025-08-19 15:54:09', '2025-08-19 15:54:09'),
(564, 'CANUL SUCTION BESAR', 'INST-6A050EA1AB', 9, 4, '', NULL, 'tersedia', NULL, 1, '2025-08-19 15:54:09', '2025-08-19 15:54:09'),
(565, 'RING HAK', 'INST-BFE00E9089', 9, 4, '', NULL, 'tersedia', NULL, 1, '2025-08-19 15:54:09', '2025-08-19 15:54:09'),
(566, 'INTADE HAK', 'INST-30CCE323C8', 9, 4, '', NULL, 'tersedia', NULL, 1, '2025-08-19 15:54:09', '2025-08-19 15:54:09'),
(567, 'HAK BULAT', 'INST-352267E956', 9, 4, '', NULL, 'tersedia', NULL, 1, '2025-08-19 15:54:09', '2025-08-19 15:54:09'),
(568, 'DRAGON W0TEN', 'INST-D7E6F02CDB', 9, 4, '', NULL, 'tersedia', NULL, 1, '2025-08-19 15:54:09', '2025-08-19 15:54:09'),
(569, 'BENGKOK', 'INST-A3326DC4A5', 9, 4, '', NULL, 'tersedia', NULL, 1, '2025-08-19 15:54:09', '2025-08-19 15:54:09'),
(570, 'UKURAN 2', 'INST-7299AF319D', 9, 4, '', NULL, 'tersedia', NULL, 1, '2025-08-19 15:54:09', '2025-08-19 15:54:09'),
(571, 'TANG SPATEL LUBANG', 'INST-DADC4A6B49', 9, 4, '', NULL, 'tersedia', NULL, 1, '2025-08-19 15:54:09', '2025-08-19 15:54:09'),
(572, 'TANG SPATEL BUNTU', 'INST-0F7EEAECF0', 9, 4, '', NULL, 'tersedia', NULL, 1, '2025-08-19 15:54:09', '2025-08-19 15:54:09'),
(573, 'HAK BENGKOK', 'INST-3508CE2540', 9, 4, '', NULL, 'tersedia', NULL, 1, '2025-08-19 15:54:09', '2025-08-19 15:54:09'),
(574, 'HAK LURUS', 'INST-641728C15F', 9, 4, '', NULL, 'tersedia', NULL, 1, '2025-08-19 15:54:09', '2025-08-19 15:54:09'),
(575, 'NALDFOODER', 'INST-6D1325D6EC', 9, 4, '', NULL, 'tersedia', NULL, 1, '2025-08-19 15:54:09', '2025-08-19 15:54:09'),
(576, 'KROM TANGGUNG', 'INST-21AB3803B7', 9, 4, '', NULL, 'tersedia', NULL, 1, '2025-08-19 15:54:09', '2025-08-19 15:54:09'),
(577, 'KOKER', 'INST-EDB530DED6', 9, 4, '', NULL, 'tersedia', NULL, 1, '2025-08-19 15:54:09', '2025-08-19 15:54:09'),
(578, 'HAK TUMPUL RUNCING', 'INST-B622C79B8A', 9, 4, '', NULL, 'tersedia', NULL, 1, '2025-08-19 15:54:09', '2025-08-19 15:54:09'),
(579, 'SPECULUM HIDUNG', 'INST-9BF4030203', 9, 4, '', NULL, 'tersedia', NULL, 1, '2025-08-19 15:54:09', '2025-08-19 15:54:09'),
(580, 'HAYEK', 'INST-01DB1392A5', 9, 4, '', NULL, 'tersedia', NULL, 1, '2025-08-19 15:54:09', '2025-08-19 15:54:09'),
(581, 'ELIS KLEM', 'INST-327ED06247', 9, 4, '', NULL, 'tersedia', NULL, 1, '2025-08-19 15:54:09', '2025-08-19 15:54:09'),
(582, 'BIOPSI TANG', 'INST-4F45CBEDDB', 9, 4, '', NULL, 'tersedia', NULL, 1, '2025-08-19 15:54:09', '2025-08-19 15:54:09'),
(583, 'HANDLE MES PANJANG', 'INST-F3E3AB4769', 9, 4, '', NULL, 'tersedia', NULL, 1, '2025-08-19 15:54:09', '2025-08-19 15:54:09'),
(584, 'HANDLE MES PENDEK', 'INST-FA79BAD2AD', 9, 4, '', NULL, 'tersedia', NULL, 1, '2025-08-19 15:54:09', '2025-08-19 15:54:09'),
(585, 'MOUTGAG SET UKURAN 1', 'INST-4B5D89DD9A', 9, 4, '', NULL, 'tersedia', NULL, 1, '2025-08-19 15:54:09', '2025-08-19 15:54:09'),
(586, 'MOUTGAG SET UKURAN 2', 'INST-FF5D82829F', 9, 4, '', NULL, 'tersedia', NULL, 1, '2025-08-19 15:54:09', '2025-08-19 15:54:09'),
(587, 'MOUTGAG SET UKURAN 3', 'INST-8BC367C019', 9, 4, '', NULL, 'tersedia', NULL, 1, '2025-08-19 15:54:09', '2025-08-19 15:54:09'),
(588, 'MOUTGAG SET UKURAN 4', 'INST-2141CCD473', 9, 4, '', NULL, 'tersedia', NULL, 1, '2025-08-19 15:54:09', '2025-08-19 15:54:09'),
(589, 'MOUTGAG SET UKURAN 5', 'INST-448537EEE4', 9, 4, '', NULL, 'tersedia', NULL, 1, '2025-08-19 15:54:09', '2025-08-19 15:54:09'),
(590, 'KROM', 'INST-3FB5A5C88B', 9, 4, '', NULL, 'tersedia', NULL, 1, '2025-08-19 15:54:09', '2025-08-19 15:54:09'),
(591, 'KOKER', 'INST-5E9F1F0836', 9, 4, '', NULL, 'tersedia', NULL, 1, '2025-08-19 15:54:09', '2025-08-19 15:54:09'),
(592, 'CANUL SUCTION PIPIH', 'INST-ECD5B481A1', 9, 4, '', NULL, 'tersedia', NULL, 1, '2025-08-19 15:54:09', '2025-08-19 15:54:09'),
(593, 'CANUL SUCTION UJUNG BENGKOK', 'INST-D9FECD6235', 9, 4, '', NULL, 'tersedia', NULL, 1, '2025-08-19 15:54:09', '2025-08-19 15:54:09'),
(594, 'CANUL SUCTION TAJAM', 'INST-A6453BD90D', 9, 4, '', NULL, 'tersedia', NULL, 1, '2025-08-19 15:54:09', '2025-08-19 15:54:09'),
(595, 'HANDLE MES', 'INST-096BE990A1', 9, 4, '', NULL, 'tersedia', NULL, 1, '2025-08-19 15:54:09', '2025-08-19 15:54:09'),
(596, 'TANG POLIP', 'INST-BC840FE29F', 9, 4, '', NULL, 'tersedia', NULL, 1, '2025-08-19 15:54:09', '2025-08-19 15:54:09'),
(597, 'GUNTING BENGKOK', 'INST-072779BD76', 9, 4, '', NULL, 'tersedia', NULL, 1, '2025-08-19 15:54:09', '2025-08-19 15:54:09'),
(598, 'GUNTING ENDOSCOPY', 'INST-1652A3BF0C', 9, 4, '', NULL, 'tersedia', NULL, 1, '2025-08-19 15:54:09', '2025-08-19 15:54:09'),
(599, 'CURATAGE', 'INST-2A92EAF026', 9, 4, '', NULL, 'tersedia', NULL, 1, '2025-08-19 15:54:09', '2025-08-19 15:54:09'),
(600, 'CURATAGE ENDOSCOPY', 'INST-0447CE9E59', 9, 4, '', NULL, 'tersedia', NULL, 1, '2025-08-19 15:54:09', '2025-08-19 15:54:09'),
(601, 'CURATAGE ENDOSCP LENGKUNG', 'INST-B5180B9A4A', 9, 4, '', NULL, 'tersedia', NULL, 1, '2025-08-19 15:54:09', '2025-08-19 15:54:09'),
(602, 'BACKBITING', 'INST-CCF9E7C4B4', 9, 4, '', NULL, 'tersedia', NULL, 1, '2025-08-19 15:54:09', '2025-08-19 15:54:09'),
(603, 'BIOPSI TANG ENDOSCOPY', 'INST-E8BF49DB55', 9, 4, '', NULL, 'tersedia', NULL, 1, '2025-08-19 15:54:09', '2025-08-19 15:54:09'),
(604, 'BIOPSI TANG UP', 'INST-5F6BD4688D', 9, 4, '', NULL, 'tersedia', NULL, 1, '2025-08-19 15:54:09', '2025-08-19 15:54:09'),
(605, 'BIOPSI TANG UJUNG BULAT', 'INST-0500244398', 9, 4, '', NULL, 'tersedia', NULL, 1, '2025-08-19 15:54:09', '2025-08-19 15:54:09'),
(606, 'BIOPSI TANG UJUNG BULAT LENGKUNG', 'INST-A7B3977F34', 9, 4, '', NULL, 'tersedia', NULL, 1, '2025-08-19 15:54:09', '2025-08-19 15:54:09'),
(607, 'RASPA ENDOSCOPY', 'INST-4CEA5EBC40', 9, 4, '', NULL, 'tersedia', NULL, 1, '2025-08-19 15:54:09', '2025-08-19 15:54:09'),
(608, 'RASPA 1 UJUNG', 'INST-E989099DC4', 9, 4, '', NULL, 'tersedia', NULL, 1, '2025-08-19 15:54:09', '2025-08-19 15:54:09'),
(609, 'KONDOM LENSA', 'INST-7882D31B8A', 9, 4, '', NULL, 'tersedia', NULL, 1, '2025-08-19 15:54:09', '2025-08-19 15:54:09'),
(610, 'TROICARD', 'INST-34BD56A1A8', 9, 4, '', NULL, 'tersedia', NULL, 1, '2025-08-19 15:54:09', '2025-08-19 15:54:09'),
(611, 'SONDE LENGKUNG', 'INST-986C82AEEA', 9, 4, '', NULL, 'tersedia', NULL, 1, '2025-08-19 15:54:09', '2025-08-19 15:54:09'),
(612, 'SONDE LENGKUNG TEBAL', 'INST-40B2E7F62A', 9, 4, '', NULL, 'tersedia', NULL, 1, '2025-08-19 15:54:09', '2025-08-19 15:54:09'),
(613, 'SODE LANCIP', 'INST-744F6C8E74', 9, 4, '', NULL, 'tersedia', NULL, 1, '2025-08-19 15:54:09', '2025-08-19 15:54:09'),
(614, 'CURATAGE JARUM / BULAT', 'INST-FC28B47E60', 9, 4, '', NULL, 'tersedia', NULL, 1, '2025-08-19 15:54:09', '2025-08-19 15:54:09'),
(615, 'BISTURI', 'INST-54133858DF', 9, 4, '', NULL, 'tersedia', NULL, 1, '2025-08-19 15:54:09', '2025-08-19 15:54:09'),
(616, 'MANDREN', 'INST-DC5098D856', 9, 4, '', NULL, 'tersedia', NULL, 1, '2025-08-19 15:54:09', '2025-08-19 15:54:09'),
(617, 'PEAN', 'INST-DB7EBDD4FE', 9, 4, '', NULL, 'tersedia', NULL, 1, '2025-08-19 15:54:09', '2025-08-19 15:54:09'),
(618, 'TANG TONSIL', 'INST-DFA78AA963', 9, 4, '', NULL, 'tersedia', NULL, 1, '2025-08-19 15:54:09', '2025-08-19 15:54:09'),
(619, 'HAK KECIL', 'INST-A23988271B', 9, 4, '', NULL, 'tersedia', NULL, 1, '2025-08-19 15:54:09', '2025-08-19 15:54:09'),
(620, 'CURATAGE', 'INST-1EEA8FD183', 9, 4, '', NULL, 'tersedia', NULL, 1, '2025-08-19 15:54:09', '2025-08-19 15:54:09'),
(621, 'SPECULUM HIDUNG BESAR', 'INST-917DC1B5EB', 9, 4, '', NULL, 'tersedia', NULL, 1, '2025-08-19 15:54:09', '2025-08-19 15:54:09'),
(622, 'SPECULUM HIDUNG KECIL', 'INST-7CCD22097E', 9, 4, '', NULL, 'tersedia', NULL, 1, '2025-08-19 15:54:09', '2025-08-19 15:54:09'),
(623, 'OSTEOTOM', 'INST-C330800DE6', 9, 4, '', NULL, 'tersedia', NULL, 1, '2025-08-19 15:54:09', '2025-08-19 15:54:09'),
(624, 'HAMER / PALU', 'INST-A7B72A420C', 9, 4, '', NULL, 'tersedia', NULL, 1, '2025-08-19 15:54:09', '2025-08-19 15:54:09'),
(625, 'BIOPSI TANG BESAR', 'INST-FE14ACF9A6', 9, 4, '', NULL, 'tersedia', NULL, 1, '2025-08-19 15:54:09', '2025-08-19 15:54:09'),
(626, 'MOUTGAG', 'INST-92569FA055', 9, 4, '', NULL, 'tersedia', NULL, 1, '2025-08-19 15:54:09', '2025-08-19 15:54:09'),
(627, 'RIGTANGEL', 'INST-A0CB9E69D1', 9, 4, '', NULL, 'tersedia', NULL, 1, '2025-08-19 15:54:09', '2025-08-19 15:54:09'),
(628, 'PINSET CIRURGI', 'INST-E95E044993', 9, 4, '', NULL, 'tersedia', NULL, 1, '2025-08-19 15:54:09', '2025-08-19 15:54:09'),
(629, 'GUNTING MATZEBOUM', 'INST-83B30FD91B', 9, 4, '', NULL, 'tersedia', NULL, 1, '2025-08-19 15:54:09', '2025-08-19 15:54:09'),
(630, 'PINCET CIRURGI', 'INST-78582CE7D7', 9, 4, '', NULL, 'tersedia', NULL, 1, '2025-08-19 15:54:09', '2025-08-19 15:54:09'),
(631, 'PINCET CIRURGI BENGKOK', 'INST-23D77B4430', 9, 4, '', NULL, 'tersedia', NULL, 1, '2025-08-19 15:54:09', '2025-08-19 15:54:09'),
(632, 'PINCET CIRURGI KECIL', 'INST-D5538582AA', 9, 4, '', NULL, 'tersedia', NULL, 1, '2025-08-19 15:54:09', '2025-08-19 15:54:09'),
(633, 'CANUL SUCTION', 'INST-527D39D435', 9, 4, '', NULL, 'tersedia', NULL, 1, '2025-08-19 15:54:09', '2025-08-19 15:54:09'),
(634, 'SPEKULUM HIDUNG', 'INST-3E8983D888', 9, 4, '', NULL, 'tersedia', NULL, 1, '2025-08-19 15:54:09', '2025-08-19 15:54:09'),
(635, 'DRAGON WOTEN', 'INST-0DF0520EC3', 9, 4, '', NULL, 'tersedia', NULL, 1, '2025-08-19 15:54:09', '2025-08-19 15:54:09'),
(636, 'ITANDE HAK KECIL', 'INST-D02F3044A7', 9, 4, '', NULL, 'tersedia', NULL, 1, '2025-08-19 15:54:09', '2025-08-19 15:54:09'),
(637, 'RASPA MINI', 'INST-3E833A1660', 9, 4, '', NULL, 'tersedia', NULL, 1, '2025-08-19 15:54:09', '2025-08-19 15:54:09'),
(638, 'SPEKULUM TELINGA', 'INST-7B5E84271F', 9, 4, '', NULL, 'tersedia', NULL, 1, '2025-08-19 15:54:09', '2025-08-19 15:54:09'),
(639, 'TANG SPATEL', 'INST-D57807B248', 9, 4, '', NULL, 'tersedia', NULL, 1, '2025-08-19 15:54:09', '2025-08-19 15:54:09'),
(640, 'CURRET LUBANG', 'INST-D2E84F5FF5', 9, 4, '', NULL, 'tersedia', NULL, 1, '2025-08-19 15:54:09', '2025-08-19 15:54:09'),
(641, 'DOUBLE CURRET', 'INST-31785F90C4', 9, 4, '', NULL, 'tersedia', NULL, 1, '2025-08-19 15:54:09', '2025-08-19 15:54:09'),
(642, 'Hak Tanggung Pacul', 'INST-6CB9672EA3', 9, 4, '', NULL, 'tersedia', NULL, 1, '2025-08-19 15:54:09', '2025-08-19 15:54:09'),
(643, 'Hak Langen', 'INST-9B095A888F', 9, 4, '', NULL, 'tersedia', NULL, 1, '2025-08-19 15:54:09', '2025-08-19 15:54:09'),
(644, 'Hnadle mess no.3', 'INST-AE7AE45B11', 9, 4, '', NULL, 'tersedia', NULL, 1, '2025-08-19 15:54:09', '2025-08-19 15:54:09'),
(645, 'Pincet chirurgi', 'INST-734F8DEE4F', 9, 4, '', NULL, 'tersedia', NULL, 1, '2025-08-19 15:54:09', '2025-08-19 15:54:09'),
(646, 'Riteangle', 'INST-73C9654B5C', 9, 4, '', NULL, 'tersedia', NULL, 1, '2025-08-19 15:54:09', '2025-08-19 15:54:09'),
(647, 'Riteangel', 'INST-042FE3F8E9', 9, 4, '', NULL, 'tersedia', NULL, 1, '2025-08-19 15:54:09', '2025-08-19 15:54:09'),
(648, 'Rungtang', 'INST-C534A15C98', 9, 4, '', NULL, 'tersedia', NULL, 1, '2025-08-19 15:54:09', '2025-08-19 15:54:09'),
(649, 'Hak langen', 'INST-76DFCC9FC5', 9, 4, '', NULL, 'tersedia', NULL, 1, '2025-08-19 15:54:09', '2025-08-19 15:54:09'),
(650, 'Rit eangle', 'INST-2849ADD6E8', 9, 4, '', NULL, 'tersedia', NULL, 1, '2025-08-19 15:54:09', '2025-08-19 15:54:09'),
(651, 'Bulb kock', 'INST-0B94C1BF2D', 9, 4, '', NULL, 'tersedia', NULL, 1, '2025-08-19 15:54:09', '2025-08-19 15:54:09'),
(652, 'Crom klem kecil', 'INST-D75C652B9F', 9, 4, '', NULL, 'tersedia', NULL, 1, '2025-08-19 15:54:09', '2025-08-19 15:54:09'),
(653, 'Dram klem bengkok', 'INST-7D66DE0F0B', 9, 4, '', NULL, 'tersedia', NULL, 1, '2025-08-19 15:54:09', '2025-08-19 15:54:09'),
(654, 'Dram klem lurus', 'INST-712B3B11A6', 9, 4, '', NULL, 'tersedia', NULL, 1, '2025-08-19 15:54:09', '2025-08-19 15:54:09'),
(655, 'Ellis', 'INST-2CF9CCEC51', 9, 4, '', NULL, 'tersedia', NULL, 1, '2025-08-19 15:54:09', '2025-08-19 15:54:09'),
(656, 'Gunting menzembeum', 'INST-9219AB1CB1', 9, 4, '', NULL, 'tersedia', NULL, 1, '2025-08-19 15:54:09', '2025-08-19 15:54:09'),
(657, 'Handle mess no 3', 'INST-FB81BB897F', 9, 4, '', NULL, 'tersedia', NULL, 1, '2025-08-19 15:54:09', '2025-08-19 15:54:09'),
(658, 'Nald pouder', 'INST-3C64294219', 9, 4, '', NULL, 'tersedia', NULL, 1, '2025-08-19 15:54:09', '2025-08-19 15:54:09'),
(659, 'Pean arteryklem kecil', 'INST-FBF8ACAE32', 9, 4, '', NULL, 'tersedia', NULL, 1, '2025-08-19 15:54:09', '2025-08-19 15:54:09'),
(660, 'Peritorium klem', 'INST-950671A58D', 9, 4, '', NULL, 'tersedia', NULL, 1, '2025-08-19 15:54:09', '2025-08-19 15:54:09'),
(661, 'Pincet Cirurgie', 'INST-F040E9C3A2', 9, 4, '', NULL, 'tersedia', NULL, 1, '2025-08-19 15:54:09', '2025-08-19 15:54:09'),
(662, 'Right angle', 'INST-E65A3D310B', 9, 4, '', NULL, 'tersedia', NULL, 1, '2025-08-19 15:54:09', '2025-08-19 15:54:09'),
(663, 'Ring tang besar', 'INST-46CD1F09C5', 9, 4, '', NULL, 'tersedia', NULL, 1, '2025-08-19 15:54:09', '2025-08-19 15:54:09'),
(664, 'Crom panjang', 'INST-C6631E8A44', 9, 4, '', NULL, 'tersedia', NULL, 1, '2025-08-19 15:54:09', '2025-08-19 15:54:09'),
(665, 'Spatel', 'INST-534911A421', 9, 4, '', NULL, 'tersedia', NULL, 1, '2025-08-19 15:54:09', '2025-08-19 15:54:09'),
(666, 'Stintang', 'INST-EB40448FBE', 9, 4, '', NULL, 'tersedia', NULL, 1, '2025-08-19 15:54:09', '2025-08-19 15:54:09'),
(667, 'Beb cock', 'INST-1C154D30C9', 9, 4, '', NULL, 'tersedia', NULL, 1, '2025-08-19 15:54:09', '2025-08-19 15:54:09'),
(668, 'Ellys Klem', 'INST-179A800F8C', 9, 4, '', NULL, 'tersedia', NULL, 1, '2025-08-19 15:54:09', '2025-08-19 15:54:09'),
(669, 'Gunting Benang', 'INST-7047628E84', 9, 4, '', NULL, 'tersedia', NULL, 1, '2025-08-19 15:54:09', '2025-08-19 15:54:09'),
(670, 'Hak Langen Gigi Tajam', 'INST-50481F1A5E', 9, 4, '', NULL, 'tersedia', NULL, 1, '2025-08-19 15:54:09', '2025-08-19 15:54:09'),
(671, 'Pincet Anatomi', 'INST-876283247D', 9, 4, '', NULL, 'tersedia', NULL, 1, '2025-08-19 15:54:09', '2025-08-19 15:54:09'),
(672, 'Hand piece Boor Perforator', 'INST-C6F1C86196', 9, 4, '', NULL, 'tersedia', NULL, 1, '2025-08-19 15:54:09', '2025-08-19 15:54:09'),
(673, 'Hand piece Boor Craniotome', 'INST-269CA52250', 9, 4, '', NULL, 'tersedia', NULL, 1, '2025-08-19 15:54:09', '2025-08-19 15:54:09'),
(674, 'Dura Guard', 'INST-F6E27A4132', 9, 4, '', NULL, 'tersedia', NULL, 1, '2025-08-19 15:54:09', '2025-08-19 15:54:09'),
(675, 'Hand piece drill bionet', 'INST-822CFBA622', 9, 4, '', NULL, 'tersedia', NULL, 1, '2025-08-19 15:54:09', '2025-08-19 15:54:09'),
(676, 'Hand piece drill pendek straight', 'INST-FBA778E2D4', 9, 4, '', NULL, 'tersedia', NULL, 1, '2025-08-19 15:54:09', '2025-08-19 15:54:09'),
(677, 'Hand piece drill [endek bionet', 'INST-3A51C5495B', 9, 4, '', NULL, 'tersedia', NULL, 1, '2025-08-19 15:54:09', '2025-08-19 15:54:09'),
(678, 'Motor Cable', 'INST-8BA8B346F7', 9, 4, '', NULL, 'tersedia', NULL, 1, '2025-08-19 15:54:09', '2025-08-19 15:54:09'),
(679, 'Foot Pedals', 'INST-7C03485E2D', 9, 4, '', NULL, 'tersedia', NULL, 1, '2025-08-19 15:54:09', '2025-08-19 15:54:09'),
(680, 'Mesin Boor', 'INST-6C2F691C04', 9, 4, '', NULL, 'tersedia', NULL, 1, '2025-08-19 15:54:09', '2025-08-19 15:54:09'),
(681, 'ELAN 4 ELECTRO CONTROL UNIT', 'INST-8A24ECCFE0', 9, 4, '', NULL, 'tersedia', NULL, 1, '2025-08-19 15:54:09', '2025-08-19 15:54:09'),
(682, 'ELAN 4 ELECTRO FOOT CONTROL', 'INST-8626644471', 9, 4, '', NULL, 'tersedia', NULL, 1, '2025-08-19 15:54:09', '2025-08-19 15:54:09'),
(683, 'MAINS CORD 5M LONG', 'INST-25E6C0EA75', 9, 4, '', NULL, 'tersedia', NULL, 1, '2025-08-19 15:54:09', '2025-08-19 15:54:09'),
(684, 'ELAN 4 ELECTRO MOTOR CABLE F/FOOT CTRL.', 'INST-3E5B4BA666', 9, 4, '', NULL, 'tersedia', NULL, 1, '2025-08-19 15:54:09', '2025-08-19 15:54:09'),
(685, 'ELAN 4 ELECTRO PERFORATOR DRIVER', 'INST-4B16907234', 9, 4, '', NULL, 'tersedia', NULL, 1, '2025-08-19 15:54:09', '2025-08-19 15:54:09'),
(686, 'ELAN 4 ELECTRO CRANIOTOME 2-RING', 'INST-89259C92A2', 9, 4, '', NULL, 'tersedia', NULL, 1, '2025-08-19 15:54:09', '2025-08-19 15:54:09'),
(687, 'ELAN 4 ELECTRO 1-RING HANDPIECE L4', 'INST-252D24FE82', 9, 4, '', NULL, 'tersedia', NULL, 1, '2025-08-19 15:54:09', '2025-08-19 15:54:09'),
(688, 'ELAN 4 ELECTRO 1-RING HANDPIECE L7', 'INST-9B8234B3E0', 9, 4, '', NULL, 'tersedia', NULL, 1, '2025-08-19 15:54:09', '2025-08-19 15:54:09'),
(689, 'ELAN 4 ELECTRO 1-RING HANDPIECE L10', 'INST-AA2DAB9C8A', 9, 4, '', NULL, 'tersedia', NULL, 1, '2025-08-19 15:54:09', '2025-08-19 15:54:09'),
(690, 'ELAN 4 ELECTRO 1-RING HANDPIECE L13', 'INST-C614E850B9', 9, 4, '', NULL, 'tersedia', NULL, 1, '2025-08-19 15:54:09', '2025-08-19 15:54:09'),
(691, 'ELAN 4 FIXED DURAGUARD PAEDIATRIC', 'INST-9A7AA02473', 9, 4, '', NULL, 'tersedia', NULL, 1, '2025-08-19 15:54:09', '2025-08-19 15:54:09'),
(692, 'ELAN 4 FIXED DURAGUARD STANDARD', 'INST-A1159D5C0C', 9, 4, '', NULL, 'tersedia', NULL, 1, '2025-08-19 15:54:09', '2025-08-19 15:54:09'),
(693, 'ELAN 4 FIXED DURAGUARD LONG', 'INST-F7BE896BCB', 9, 4, '', NULL, 'tersedia', NULL, 1, '2025-08-19 15:54:09', '2025-08-19 15:54:09'),
(694, 'ELAN 4 HOLDING SLEEVE F/CRANIOTOME', 'INST-4E2E1EC0FA', 9, 4, '', NULL, 'tersedia', NULL, 1, '2025-08-19 15:54:09', '2025-08-19 15:54:09'),
(695, 'YASARGIL MICRO SCISS BAYO ST/B225MM', 'INST-B99CEAC730', 9, 4, '', NULL, 'tersedia', NULL, 1, '2025-08-19 15:54:09', '2025-08-19 15:54:09'),
(696, 'YASARGIL MICRO SCISSBAYOCVD/BL 225MM', 'INST-CDA60176B4', 9, 4, '', NULL, 'tersedia', NULL, 1, '2025-08-19 15:54:09', '2025-08-19 15:54:09'),
(697, 'YAS.MICRO SCISSDELBAYOSTS/S225MM', 'INST-63CA051671', 9, 4, '', NULL, 'tersedia', NULL, 1, '2025-08-19 15:54:09', '2025-08-19 15:54:09'),
(698, 'YAS.MICRO SCISS BAYOUP-CVDS/S225MM', 'INST-7380DD6839', 9, 4, '', NULL, 'tersedia', NULL, 1, '2025-08-19 15:54:09', '2025-08-19 15:54:09'),
(699, 'YASARGIL MICRO SCISSORS STR185MM', 'INST-CA7DE67317', 9, 4, '', NULL, 'tersedia', NULL, 1, '2025-08-19 15:54:09', '2025-08-19 15:54:09'),
(700, 'YASARGIL TUMOR FORCEPS 3MM 220MM', 'INST-0B1DC7420E', 9, 4, '', NULL, 'tersedia', NULL, 1, '2025-08-19 15:54:09', '2025-08-19 15:54:09'),
(701, 'YASARGIL TUMOR FORCEPS 5MM220MM', 'INST-D0B6EA63C3', 9, 4, '', NULL, 'tersedia', NULL, 1, '2025-08-19 15:54:09', '2025-08-19 15:54:09'),
(702, 'YASARGIL TUMOR FCPS SERR 3MM220MM', 'INST-ACF511D495', 9, 4, '', NULL, 'tersedia', NULL, 1, '2025-08-19 15:54:09', '2025-08-19 15:54:09'),
(703, 'YASARGIL TUMOR FORCEPS SERR 5MM220MM', 'INST-CF8820FCDD', 9, 4, '', NULL, 'tersedia', NULL, 1, '2025-08-19 15:54:09', '2025-08-19 15:54:09'),
(704, 'YASARGIL MICRO FORCEPS', 'INST-E9F7D21E30', 9, 4, '', NULL, 'tersedia', NULL, 1, '2025-08-19 15:54:09', '2025-08-19 15:54:09'),
(705, 'YASARGIL MICROFORM BAYO FCPS .6MM180MM', 'INST-E8D2C0C422', 9, 4, '', NULL, 'tersedia', NULL, 1, '2025-08-19 15:54:09', '2025-08-19 15:54:09'),
(706, 'YASARGIL MICROFORM BAYO FRCPS1X2180MM', 'INST-CFD471E806', 9, 4, '', NULL, 'tersedia', NULL, 1, '2025-08-19 15:54:09', '2025-08-19 15:54:09'),
(707, 'YASARGIL MICROFORM BAYO FCPS .9MM200MM', 'INST-70B40B956C', 9, 4, '', NULL, 'tersedia', NULL, 1, '2025-08-19 15:54:09', '2025-08-19 15:54:09'),
(708, 'YASARGIL NEEDLE HOLDER BAYO STR 200MM', 'INST-0B128EDDAC', 9, 4, '', NULL, 'tersedia', NULL, 1, '2025-08-19 15:54:09', '2025-08-19 15:54:09'),
(709, 'YASARGIL NEEDLE HOLDERBAYOUP-CVD200MM', 'INST-972F921543', 9, 4, '', NULL, 'tersedia', NULL, 1, '2025-08-19 15:54:09', '2025-08-19 15:54:09'),
(710, 'XS STORAGE TRAY', 'INST-DFA093DF05', 9, 4, '', NULL, 'tersedia', NULL, 1, '2025-08-19 15:54:09', '2025-08-19 15:54:09'),
(711, 'BOTTOM FOR 3/4 CONTAINER HEIGHT:120MM', 'INST-18D01B4C82', 9, 4, '', NULL, 'tersedia', NULL, 1, '2025-08-19 15:54:09', '2025-08-19 15:54:09'),
(713, 'MICRO SUCTION SETW/SPECIAL CUT-OFF ADAP', 'INST-B2406D255B', 9, 4, '', NULL, 'tersedia', NULL, 1, '2025-08-19 15:54:09', '2025-08-19 15:54:09'),
(714, 'SUCTION TUBE TAPERED TEARDROP 3FR 180MM', 'INST-D3817E873B', 9, 4, '', NULL, 'tersedia', NULL, 1, '2025-08-19 15:54:09', '2025-08-19 15:54:09'),
(715, 'SUCTION TUBE TAPERED TEARDROP 4FR 180MM', 'INST-EBBE229416', 9, 4, '', NULL, 'tersedia', NULL, 1, '2025-08-19 15:54:09', '2025-08-19 15:54:09'),
(716, 'SUCTION TUBE TAPERED TEARDROP 6FR 180MM', 'INST-620B198521', 9, 4, '', NULL, 'tersedia', NULL, 1, '2025-08-19 15:54:09', '2025-08-19 15:54:09'),
(717, 'SUCTION TUBE TAPERED TEARDROP 6FR 165MM', 'INST-BD6CB2BB0B', 9, 4, '', NULL, 'tersedia', NULL, 1, '2025-08-19 15:54:09', '2025-08-19 15:54:09'),
(718, 'SUCTION TUBE TAPERED TEARDROP 5FR 205MM', 'INST-BE10207580', 9, 4, '', NULL, 'tersedia', NULL, 1, '2025-08-19 15:54:09', '2025-08-19 15:54:09'),
(719, 'SUCTION TUBE TAPERED TEARDROP 6FR 205MM', 'INST-BC246ABFBC', 9, 4, '', NULL, 'tersedia', NULL, 1, '2025-08-19 15:54:09', '2025-08-19 15:54:09'),
(720, 'SUCTION TUBE TAPERED TEARDROP 8FR 230MM', 'INST-ED8D06348A', 9, 4, '', NULL, 'tersedia', NULL, 1, '2025-08-19 15:54:09', '2025-08-19 15:54:09'),
(721, 'SUCTION TUBE TAPERED TEARDROP 9FR 230MM', 'INST-6800192BCE', 9, 4, '', NULL, 'tersedia', NULL, 1, '2025-08-19 15:54:09', '2025-08-19 15:54:09'),
(723, 'SILICONE CUSHIONING PAD 3/4 SIZE', 'INST-DAC901652C', 9, 4, '', NULL, 'tersedia', NULL, 1, '2025-08-19 15:54:09', '2025-08-19 15:54:09'),
(724, 'BOTTOM FOR 3/4 CONTAINER HEIGHT:90MM', 'INST-065956A5AF', 9, 4, '', NULL, 'tersedia', NULL, 1, '2025-08-19 15:54:09', '2025-08-19 15:54:09'),
(725, 'MICRO NEEDLEHOLDER 150MM STR.W/RATCHET', 'INST-245D014BC3', 9, 4, '', NULL, 'tersedia', NULL, 1, '2025-08-19 15:54:09', '2025-08-19 15:54:09'),
(726, 'MICRO-NEEDLE HOLDER W/CATCH CVD 150MM', 'INST-D2341A4F09', 9, 4, '', NULL, 'tersedia', NULL, 1, '2025-08-19 15:54:09', '2025-08-19 15:54:09'),
(727, 'MUELLER MICRO-FORCEPS 1.2MM TRI111MM', 'INST-F10C883202', 9, 4, '', NULL, 'tersedia', NULL, 1, '2025-08-19 15:54:09', '2025-08-19 15:54:09'),
(728, 'MICRO-SCSRFLT-HDL/CROSS-SERSTR160MM', 'INST-75112C02CA', 9, 4, '', NULL, 'tersedia', NULL, 1, '2025-08-19 15:54:09', '2025-08-19 15:54:09'),
(729, 'RND BODY SUTURE FORCEPSSTR0.3MM150MM', 'INST-A291D1753B', 9, 4, '', NULL, 'tersedia', NULL, 1, '2025-08-19 15:54:09', '2025-08-19 15:54:09'),
(730, 'KRAYENBUEHL NERV HKSHRTBALL-TIP184MM', 'INST-1666FEAB74', 9, 4, '', NULL, 'tersedia', NULL, 1, '2025-08-19 15:54:09', '2025-08-19 15:54:09'),
(731, 'KRAYENBUEHL NERVE HOOK BALL-TIP 184MM', 'INST-B135A09907', 9, 4, '', NULL, 'tersedia', NULL, 1, '2025-08-19 15:54:09', '2025-08-19 15:54:09'),
(732, 'KRAYENBUEHL NERVE/VESSEL HKSHARP184MM', 'INST-C6C06DAC34', 9, 4, '', NULL, 'tersedia', NULL, 1, '2025-08-19 15:54:09', '2025-08-19 15:54:09'),
(733, 'MICRO DISSECTOR UP-CVD 230MM', 'INST-B8301EC270', 9, 4, '', NULL, 'tersedia', NULL, 1, '2025-08-19 15:54:09', '2025-08-19 15:54:09'),
(734, 'MICRO RASPATORY RND-BLD LRG 229MM', 'INST-EC23C55A84', 9, 4, '', NULL, 'tersedia', NULL, 1, '2025-08-19 15:54:09', '2025-08-19 15:54:09'),
(735, 'MICRO HOOK SEMI SHARP STR.230MM', 'INST-C73AC92E79', 9, 4, '', NULL, 'tersedia', NULL, 1, '2025-08-19 15:54:09', '2025-08-19 15:54:09'),
(736, 'MICRO HOOK BLUNT230MM', 'INST-13C05F44F0', 9, 4, '', NULL, 'tersedia', NULL, 1, '2025-08-19 15:54:09', '2025-08-19 15:54:09'),
(737, 'MICRO DISSECTOR STR230MM', 'INST-09463236A3', 9, 4, '', NULL, 'tersedia', NULL, 1, '2025-08-19 15:54:09', '2025-08-19 15:54:09'),
(738, 'VASCULAR SPATULA230MM', 'INST-0A3A0DE2E7', 9, 4, '', NULL, 'tersedia', NULL, 1, '2025-08-19 15:54:09', '2025-08-19 15:54:09'),
(739, 'MICRO DISSECTORSMALL230MM', 'INST-B82123637C', 9, 4, '', NULL, 'tersedia', NULL, 1, '2025-08-19 15:54:09', '2025-08-19 15:54:09'),
(740, 'MICRO SCOOP STR SHARP229MM', 'INST-3D35FD2135', 9, 4, '', NULL, 'tersedia', NULL, 1, '2025-08-19 15:54:09', '2025-08-19 15:54:09'),
(741, 'MICRO SCOOP ANG SHARP 229MM', 'INST-7CCE60E516', 9, 4, '', NULL, 'tersedia', NULL, 1, '2025-08-19 15:54:09', '2025-08-19 15:54:09'),
(742, 'MICRO RASPATORY RND-BLD SM229MM', 'INST-43EF4B56ED', 9, 4, '', NULL, 'tersedia', NULL, 1, '2025-08-19 15:54:09', '2025-08-19 15:54:09'),
(745, 'SILICONE CUSHIONING PAD 248X237MM', 'INST-4558FD2B0D', 9, 4, '', NULL, 'tersedia', NULL, 1, '2025-08-19 15:54:09', '2025-08-19 15:54:09'),
(746, 'MAIER FORCEPS W/RCHT CVD260MM', 'INST-D709FADD53', 9, 4, '', NULL, 'tersedia', NULL, 1, '2025-08-19 15:54:09', '2025-08-19 15:54:09'),
(747, 'BACKHAUS TOWEL CLAMP 110MM', 'INST-61B2ED2745', 9, 4, '', NULL, 'tersedia', NULL, 1, '2025-08-19 15:54:09', '2025-08-19 15:54:09'),
(748, 'SCALPEL HANDLE #3 125MM', 'INST-C8440D4B0D', 9, 4, '', NULL, 'tersedia', NULL, 1, '2025-08-19 15:54:09', '2025-08-19 15:54:09'),
(749, 'SCALPEL HANDLE OFFSET 210MM NO.3', 'INST-3A4CE59B92', 9, 4, '', NULL, 'tersedia', NULL, 1, '2025-08-19 15:54:09', '2025-08-19 15:54:09'),
(750, 'TC METZENBAUM SCISSORS DEL CVD 180MM', 'INST-AEC281767B', 9, 4, '', NULL, 'tersedia', NULL, 1, '2025-08-19 15:54:09', '2025-08-19 15:54:09'),
(751, 'TC SUTURE WAVECUT SCISSORS CVD 180MM', 'INST-8007154A54', 9, 4, '', NULL, 'tersedia', NULL, 1, '2025-08-19 15:54:09', '2025-08-19 15:54:09'),
(752, 'TC MAYO-LEXER SCISSORS CVD 165MM', 'INST-790525633A', 9, 4, '', NULL, 'tersedia', NULL, 1, '2025-08-19 15:54:09', '2025-08-19 15:54:09'),
(753, 'SURGICAL SCISSORS STR S/B145MM', 'INST-A4185146B8', 9, 4, '', NULL, 'tersedia', NULL, 1, '2025-08-19 15:54:09', '2025-08-19 15:54:09'),
(754, 'TISSUE FORCEPS SERR 145MM', 'INST-3D765F2E75', 9, 4, '', NULL, 'tersedia', NULL, 1, '2025-08-19 15:54:09', '2025-08-19 15:54:09'),
(755, 'STANDARD TISSUE FORCEPS 1X2 145MM', 'INST-ABD22FEDF1', 9, 4, '', NULL, 'tersedia', NULL, 1, '2025-08-19 15:54:09', '2025-08-19 15:54:09'),
(756, 'DISSECT.FORCEPS MED.WIDE 1X2T.200MM', 'INST-71C359E86B', 9, 4, '', NULL, 'tersedia', NULL, 1, '2025-08-19 15:54:09', '2025-08-19 15:54:09'),
(757, 'DE\'BAKEY ATR.FCPS 2.0MM STR150MM', 'INST-6476E3E1D0', 9, 4, '', NULL, 'tersedia', NULL, 1, '2025-08-19 15:54:09', '2025-08-19 15:54:09'),
(758, 'GRUENWALD FORCEPS BAYO SERR 200MM', 'INST-A2A4EDA8AC', 9, 4, '', NULL, 'tersedia', NULL, 1, '2025-08-19 15:54:09', '2025-08-19 15:54:09'),
(759, 'HALSTED-MOSQUITO FORCEPS DEL CVD125MM', 'INST-2A586306B1', 9, 4, '', NULL, 'tersedia', NULL, 1, '2025-08-19 15:54:09', '2025-08-19 15:54:09'),
(760, 'HEISS DELICATE FORCEPS STR 1X2 200MM', 'INST-58AD6D0F34', 9, 4, '', NULL, 'tersedia', NULL, 1, '2025-08-19 15:54:09', '2025-08-19 15:54:09'),
(761, 'TC CRILE-WOOD NDL HLDRSTRSERR 145MM', 'INST-F666C9206A', 9, 4, '', NULL, 'tersedia', NULL, 1, '2025-08-19 15:54:09', '2025-08-19 15:54:09'),
(762, 'TC DE\'BAKEY NDL HOLDER DEL SERR 180MM', 'INST-CC6B45D21D', 9, 4, '', NULL, 'tersedia', NULL, 1, '2025-08-19 15:54:09', '2025-08-19 15:54:09'),
(763, 'WEITLANER RETRACTOR 3X4T.SH.130MM', 'INST-1D8524F449', 9, 4, '', NULL, 'tersedia', NULL, 1, '2025-08-19 15:54:09', '2025-08-19 15:54:09'),
(764, 'WEITLANER RETR 3X4T.SHARP/DEEP130MM', 'INST-53809C9033', 9, 4, '', NULL, 'tersedia', NULL, 1, '2025-08-19 15:54:09', '2025-08-19 15:54:09'),
(765, 'KRAEMER RETRACTOR 66X10MM 210MM', 'INST-1555BE4CD8', 9, 4, '', NULL, 'tersedia', NULL, 1, '2025-08-19 15:54:09', '2025-08-19 15:54:09'),
(766, 'CASPAR RETRACTOR OPEN 67X17MM210MM', 'INST-7E407E686D', 9, 4, '', NULL, 'tersedia', NULL, 1, '2025-08-19 15:54:09', '2025-08-19 15:54:09'),
(767, 'DOCKHORN CHEEK RETRACTOR55X14MM 210MM', 'INST-2021E8BB6B', 9, 4, '', NULL, 'tersedia', NULL, 1, '2025-08-19 15:54:09', '2025-08-19 15:54:09'),
(768, 'SPINE CLASSICS MLD RETRACTOR SET CPL.', 'INST-22AFD2D9F4', 9, 4, '', NULL, 'tersedia', NULL, 1, '2025-08-19 15:54:09', '2025-08-19 15:54:09'),
(769, 'CASPAR SPECULUM 75MM BLACK', 'INST-8650C389CC', 9, 4, '', NULL, 'tersedia', NULL, 1, '2025-08-19 15:54:09', '2025-08-19 15:54:09'),
(770, 'CASPAR SPECULUM 85MM BLACK', 'INST-326B98621F', 9, 4, '', NULL, 'tersedia', NULL, 1, '2025-08-19 15:54:09', '2025-08-19 15:54:09'),
(771, 'RETRACTOR BLADE F/BV812R 75MM BLACK', 'INST-6ECF0EF126', 9, 4, '', NULL, 'tersedia', NULL, 1, '2025-08-19 15:54:09', '2025-08-19 15:54:09'),
(772, 'RETRACTOR BLADE F/BV812R 85MM BLACK', 'INST-6A88DDF0EB', 9, 4, '', NULL, 'tersedia', NULL, 1, '2025-08-19 15:54:09', '2025-08-19 15:54:09'),
(773, 'CASPAR EXTRAFORAMINAL RETRACTOR BLD 40MM', 'INST-06737AEB7C', 9, 4, '', NULL, 'tersedia', NULL, 1, '2025-08-19 15:54:09', '2025-08-19 15:54:09'),
(774, 'CASPAR EXTRAFORAMINAL RETRACTOR BLD 45MM', 'INST-07833DBA92', 9, 4, '', NULL, 'tersedia', NULL, 1, '2025-08-19 15:54:09', '2025-08-19 15:54:09'),
(775, 'CASPAR EXTRAFORAMINAL RETRACTOR BLD 50MM', 'INST-F84CB5D257', 9, 4, '', NULL, 'tersedia', NULL, 1, '2025-08-19 15:54:09', '2025-08-19 15:54:09'),
(776, 'CASPAR EXTRAFORAMINAL RETRACTOR BLD 55MM', 'INST-4DC89F2A52', 9, 4, '', NULL, 'tersedia', NULL, 1, '2025-08-19 15:54:09', '2025-08-19 15:54:09'),
(777, 'CASPAR EXTRAFORAMINAL RETRACTOR BLD 60MM', 'INST-80FD6428DE', 9, 4, '', NULL, 'tersedia', NULL, 1, '2025-08-19 15:54:09', '2025-08-19 15:54:09'),
(778, 'CASPAR EXTRAFORAMINAL RETRACTOR BLD 65MM', 'INST-B285785F1C', 9, 4, '', NULL, 'tersedia', NULL, 1, '2025-08-19 15:54:09', '2025-08-19 15:54:09'),
(779, 'CASPAR EXTRAFORAMINAL RETRACTOR BLD 70MM', 'INST-EA30651096', 9, 4, '', NULL, 'tersedia', NULL, 1, '2025-08-19 15:54:09', '2025-08-19 15:54:09'),
(780, 'CASPAR NERVE ROOT RETRACTOR 6MM 240MM', 'INST-4EBC6C2F66', 9, 4, '', NULL, 'tersedia', NULL, 1, '2025-08-19 15:54:09', '2025-08-19 15:54:09'),
(781, 'CASPAR NERVE ROOT RETRACTOR 8MM 240MM', 'INST-DF0C38B565', 9, 4, '', NULL, 'tersedia', NULL, 1, '2025-08-19 15:54:09', '2025-08-19 15:54:09'),
(782, 'CASPAR KNIFE BLUNT-TIP STR 203MM', 'INST-AC1F9E90DF', 9, 4, '', NULL, 'tersedia', NULL, 1, '2025-08-19 15:54:09', '2025-08-19 15:54:09'),
(783, 'CASPAR MICRO-DISSDWN-CVD4.5MM230MM', 'INST-FAB82C410E', 9, 4, '', NULL, 'tersedia', NULL, 1, '2025-08-19 15:54:09', '2025-08-19 15:54:09'),
(784, 'CASPAR MICRO-DISSDWN-CVD2.0MM230MM', 'INST-1196F470EB', 9, 4, '', NULL, 'tersedia', NULL, 1, '2025-08-19 15:54:09', '2025-08-19 15:54:09'),
(785, 'DAVIS VASCULAR SPATULA 245MM', 'INST-9C2167DA0D', 9, 4, '', NULL, 'tersedia', NULL, 1, '2025-08-19 15:54:09', '2025-08-19 15:54:09'),
(786, 'CASPAR EXPLORATION HOOKLONG-TIP245MM', 'INST-E4535B75B1', 9, 4, '', NULL, 'tersedia', NULL, 1, '2025-08-19 15:54:09', '2025-08-19 15:54:09'),
(787, 'SHARP BONE CURETTE #00STR4.4MM250MM', 'INST-0217C18947', 9, 4, '', NULL, 'tersedia', NULL, 1, '2025-08-19 15:54:09', '2025-08-19 15:54:09'),
(788, 'SHARP BONE CUR#00FWD-ANG4.4MM250MM', 'INST-61A7038531', 9, 4, '', NULL, 'tersedia', NULL, 1, '2025-08-19 15:54:09', '2025-08-19 15:54:09'),
(789, 'CASPAR RONGEURSTRSERR 2X12MM160MM', 'INST-3C3742A781', 9, 4, '', NULL, 'tersedia', NULL, 1, '2025-08-19 15:54:09', '2025-08-19 15:54:09'),
(790, 'CASPAR RONGEURSTRSERR 3X12MM160MM', 'INST-36881597B8', 9, 4, '', NULL, 'tersedia', NULL, 1, '2025-08-19 15:54:09', '2025-08-19 15:54:09'),
(791, 'CASPAR RONGEURSTRSERR 4X14MM160MM', 'INST-8B8858AD31', 9, 4, '', NULL, 'tersedia', NULL, 1, '2025-08-19 15:54:09', '2025-08-19 15:54:09'),
(792, 'CASPAR RONGEURUP-BITESERR 3MM160MM', 'INST-3776966C58', 9, 4, '', NULL, 'tersedia', NULL, 1, '2025-08-19 15:54:09', '2025-08-19 15:54:09'),
(793, 'CASPAR RONGEURUP-BITESERR 4MM160MM', 'INST-F032AEAC47', 9, 4, '', NULL, 'tersedia', NULL, 1, '2025-08-19 15:54:09', '2025-08-19 15:54:09'),
(794, 'CASPAR RONGEURDWN-BITESERR 3MM160MM', 'INST-A0697432CC', 9, 4, '', NULL, 'tersedia', NULL, 1, '2025-08-19 15:54:09', '2025-08-19 15:54:09'),
(795, 'ANTRUM PUNCH ROTATABLE', 'INST-590CFAED46', 9, 4, '', NULL, 'tersedia', NULL, 1, '2025-08-19 15:54:09', '2025-08-19 15:54:09'),
(796, 'KERRISON BLK COATED 130 UP 180X1MM REG', 'INST-DE0226112B', 9, 4, '', NULL, 'tersedia', NULL, 1, '2025-08-19 15:54:09', '2025-08-19 15:54:09'),
(797, 'KERRISON BLK COATED 130 UP 180X2MM REG', 'INST-82FF9E3855', 9, 4, '', NULL, 'tersedia', NULL, 1, '2025-08-19 15:54:09', '2025-08-19 15:54:09'),
(798, 'KERRISON BLK COATED 130 UP 180X3MM REG', 'INST-74A7E7B9D1', 9, 4, '', NULL, 'tersedia', NULL, 1, '2025-08-19 15:54:09', '2025-08-19 15:54:09'),
(799, 'KERRISON BLK COATED 130 UP 180X4MM REG', 'INST-DE09F57402', 9, 4, '', NULL, 'tersedia', NULL, 1, '2025-08-19 15:54:09', '2025-08-19 15:54:09');
INSERT INTO `instruments` (`instrument_id`, `instrument_name`, `instrument_code`, `instrument_type_id`, `department_id`, `notes`, `image_filename`, `status`, `expiry_in_days`, `created_by_user_id`, `created_at`, `updated_at`) VALUES
(800, 'KERRISON BLK COATED 130 UP 200X5MM REG', 'INST-40C6212E12', 9, 4, '', NULL, 'tersedia', NULL, 1, '2025-08-19 15:54:09', '2025-08-19 15:54:09'),
(801, 'YASARGIL NEEDLE HOLDERBAYOUP-CVD225MM', 'INST-ED2D07A9F5', 9, 4, '', NULL, 'tersedia', NULL, 1, '2025-08-19 15:54:09', '2025-08-19 15:54:09'),
(802, 'SUCTION TUBE TAPERED TEARDROP 12FR 230MM', 'INST-758422E706', 9, 4, '', NULL, 'tersedia', NULL, 1, '2025-08-19 15:54:09', '2025-08-19 15:54:09'),
(803, 'INTERIOR BOX F/BL930', 'INST-CE9C6AD00D', 9, 4, '', NULL, 'tersedia', NULL, 1, '2025-08-19 15:54:09', '2025-08-19 15:54:09'),
(804, 'LABORATORY DISH 0.16 L', 'INST-3F28D1B32F', 9, 4, '', NULL, 'tersedia', NULL, 1, '2025-08-19 15:54:09', '2025-08-19 15:54:09'),
(805, 'LABORATORY DISH 0.3 L', 'INST-5B42CBA499', 9, 4, '', NULL, 'tersedia', NULL, 1, '2025-08-19 15:54:09', '2025-08-19 15:54:09'),
(806, 'KIDNEY TRAY STAINLESS STEEL 250MM', 'INST-1024319D8E', 9, 4, '', NULL, 'tersedia', NULL, 1, '2025-08-19 15:54:09', '2025-08-19 15:54:09'),
(807, 'REDON SPIKE CH.10 SLIG.CVD.TRIANG.TIP', 'INST-54166D5382', 9, 4, '', NULL, 'tersedia', NULL, 1, '2025-08-19 15:54:09', '2025-08-19 15:54:09'),
(808, 'REDON SPIKE CH.12 SLIG.CVD.TRIANG.TIP', 'INST-5D579B0C04', 9, 4, '', NULL, 'tersedia', NULL, 1, '2025-08-19 15:54:09', '2025-08-19 15:54:09'),
(810, 'SILICONE PAD BLUE 470X230X30MM', 'INST-EAA2F375CC', 9, 4, '', NULL, 'tersedia', NULL, 1, '2025-08-19 15:54:09', '2025-08-19 15:54:09'),
(811, 'KERRISON DET130 DEG UP 1MM 180MM', 'INST-C357276DBB', 9, 4, '', NULL, 'tersedia', NULL, 1, '2025-08-19 15:54:09', '2025-08-19 15:54:09'),
(812, 'KERRISON DET130 DEG UP 2MM 180MM', 'INST-E5ED9BA8A0', 9, 4, '', NULL, 'tersedia', NULL, 1, '2025-08-19 15:54:09', '2025-08-19 15:54:09'),
(813, 'KERRISON DET130 DEG UP 3MM 180MM.REG', 'INST-13B8AE3A64', 9, 4, '', NULL, 'tersedia', NULL, 1, '2025-08-19 15:54:09', '2025-08-19 15:54:09'),
(814, 'KERRISON DET130 DEG UP 4MM 180MMREG', 'INST-BF58446B04', 9, 4, '', NULL, 'tersedia', NULL, 1, '2025-08-19 15:54:09', '2025-08-19 15:54:09'),
(815, 'KERRISON DET130 DEG UP 5MM 180MMREG', 'INST-001FAF4B48', 9, 4, '', NULL, 'tersedia', NULL, 1, '2025-08-19 15:54:09', '2025-08-19 15:54:09'),
(816, 'KERRISON DET130 DEG UP 1MM 180MMTHP', 'INST-05F4DE7CE2', 9, 4, '', NULL, 'tersedia', NULL, 1, '2025-08-19 15:54:09', '2025-08-19 15:54:09'),
(817, 'KERRISON DET130 DEG UP 2MM 180MMTHP', 'INST-290E96BD98', 9, 4, '', NULL, 'tersedia', NULL, 1, '2025-08-19 15:54:09', '2025-08-19 15:54:09'),
(818, 'KERRISON DET130 DEG UP 3MM 180MMTHP', 'INST-C4A7E80E75', 9, 4, '', NULL, 'tersedia', NULL, 1, '2025-08-19 15:54:09', '2025-08-19 15:54:09'),
(819, 'CASPAR RONGEURSTRSERR 2X12MM185MM', 'INST-75919DD1F2', 9, 4, '', NULL, 'tersedia', NULL, 1, '2025-08-19 15:54:09', '2025-08-19 15:54:09'),
(820, 'CASPAR RONGEURSTRSERR 3X12MM185MM', 'INST-BD5E765B42', 9, 4, '', NULL, 'tersedia', NULL, 1, '2025-08-19 15:54:09', '2025-08-19 15:54:09'),
(821, 'CASPAR RONGEURSTRSERR 4X14MM185MM', 'INST-4228FBC3A2', 9, 4, '', NULL, 'tersedia', NULL, 1, '2025-08-19 15:54:09', '2025-08-19 15:54:09'),
(822, 'CASPAR RONGEURUP-BITESERR 3MM185MM', 'INST-C4EB9D6150', 9, 4, '', NULL, 'tersedia', NULL, 1, '2025-08-19 15:54:09', '2025-08-19 15:54:09'),
(823, 'CASPAR RONGEURUP-BITESERR 4MM185MM', 'INST-BE76F4998F', 9, 4, '', NULL, 'tersedia', NULL, 1, '2025-08-19 15:54:09', '2025-08-19 15:54:09'),
(824, 'CASPAR RONGEUR DWN-BITESERR3MM185MM', 'INST-F80F3BC7E6', 9, 4, '', NULL, 'tersedia', NULL, 1, '2025-08-19 15:54:09', '2025-08-19 15:54:09'),
(825, 'CASPAR RONGEUR DWN-BITESERR4MM185MM', 'INST-1CF37ACE79', 9, 4, '', NULL, 'tersedia', NULL, 1, '2025-08-19 15:54:09', '2025-08-19 15:54:09'),
(826, 'KERRISON BAY.SHAPED 130UP 240MM 2MM', 'INST-1D5298D650', 9, 4, '', NULL, 'tersedia', NULL, 1, '2025-08-19 15:54:09', '2025-08-19 15:54:09'),
(827, 'KERRISON BAY.SHAPED 130UP 240MM 3MM', 'INST-7647AE1BB8', 9, 4, '', NULL, 'tersedia', NULL, 1, '2025-08-19 15:54:09', '2025-08-19 15:54:09'),
(828, 'KERRISON BAY.SHAPED 130UP 240MM 4MM', 'INST-7C6676B4C1', 9, 4, '', NULL, 'tersedia', NULL, 1, '2025-08-19 15:54:09', '2025-08-19 15:54:09'),
(829, 'KERRISON BAY.SHAPED 130UP 240MM 5MM', 'INST-F5A212A7DF', 9, 4, '', NULL, 'tersedia', NULL, 1, '2025-08-19 15:54:09', '2025-08-19 15:54:09'),
(830, 'KERRISON CVD.UP 200MM 2MM', 'INST-E34A65BB34', 9, 4, '', NULL, 'tersedia', NULL, 1, '2025-08-19 15:54:09', '2025-08-19 15:54:09'),
(831, 'KERRISON CVD.UP 200MM 3MM', 'INST-D333888E1C', 9, 4, '', NULL, 'tersedia', NULL, 1, '2025-08-19 15:54:09', '2025-08-19 15:54:09'),
(832, 'KERRISON CVD.UP 200MM 4MM', 'INST-7C4273DEB7', 9, 4, '', NULL, 'tersedia', NULL, 1, '2025-08-19 15:54:09', '2025-08-19 15:54:09'),
(833, 'KERRISON CVD.UP 200MM 5MM', 'INST-120281CAED', 9, 4, '', NULL, 'tersedia', NULL, 1, '2025-08-19 15:54:09', '2025-08-19 15:54:09'),
(835, 'RACK FOR BONE PUNCHES AND RONGEURS', 'INST-849C0E9592', 9, 4, '', NULL, 'tersedia', NULL, 1, '2025-08-19 15:54:09', '2025-08-19 15:54:09'),
(836, 'BOTTOM FOR 1/1 CONTAINER HEIGHT:187MM', 'INST-C48ABB00B5', 9, 4, '', NULL, 'tersedia', NULL, 1, '2025-08-19 15:54:09', '2025-08-19 15:54:09'),
(837, 'PRIMELINE PRO 1/1 LID BLUE', 'INST-5AE2E16AA2', 9, 4, '', NULL, 'tersedia', NULL, 1, '2025-08-19 15:54:09', '2025-08-19 15:54:09'),
(838, 'CCR ORGA TRAY', 'INST-D31859BE17', 9, 4, '', NULL, 'tersedia', NULL, 1, '2025-08-19 15:54:09', '2025-08-19 15:54:09'),
(839, 'CCR LONGITUDINAL RETRACTOR', 'INST-FB634A0976', 9, 4, '', NULL, 'tersedia', NULL, 1, '2025-08-19 15:54:09', '2025-08-19 15:54:09'),
(840, 'CCR LONGITUDINAL RETRACTOR V-STYLE', 'INST-99EAAADD28', 9, 4, '', NULL, 'tersedia', NULL, 1, '2025-08-19 15:54:09', '2025-08-19 15:54:09'),
(841, 'CCR TRANSVERSE RETRACTOR', 'INST-9720777E3B', 9, 4, '', NULL, 'tersedia', NULL, 1, '2025-08-19 15:54:09', '2025-08-19 15:54:09'),
(842, 'CASPAR SIDE LOAD BLADE HANDLE', 'INST-77DF27A527', 9, 4, '', NULL, 'tersedia', NULL, 1, '2025-08-19 15:54:09', '2025-08-19 15:54:09'),
(843, 'CCR DEPTH MEASUREMENT INSTRUMENT', 'INST-667143DB11', 9, 4, '', NULL, 'tersedia', NULL, 1, '2025-08-19 15:54:09', '2025-08-19 15:54:09'),
(844, 'CCR BLADE FENESTRTD TI LATERAL 30X24MM', 'INST-3F7A14AE0F', 9, 4, '', NULL, 'tersedia', NULL, 1, '2025-08-19 15:54:09', '2025-08-19 15:54:09'),
(845, 'CCR BLADE FENESTRTD TI LATERAL 35X24MM', 'INST-5655E62903', 9, 4, '', NULL, 'tersedia', NULL, 1, '2025-08-19 15:54:09', '2025-08-19 15:54:09'),
(846, 'CCR BLADE FENESTRTD TI LATERAL 40X24MM', 'INST-1277F72100', 9, 4, '', NULL, 'tersedia', NULL, 1, '2025-08-19 15:54:09', '2025-08-19 15:54:09'),
(847, 'CCR BLADE FENESTRTD TI LATERAL 45X24MM', 'INST-6747C51C07', 9, 4, '', NULL, 'tersedia', NULL, 1, '2025-08-19 15:54:09', '2025-08-19 15:54:09'),
(848, 'CCR BLADE FENESTRTD TI LATERAL 50X24MM', 'INST-23C60B7F2C', 9, 4, '', NULL, 'tersedia', NULL, 1, '2025-08-19 15:54:09', '2025-08-19 15:54:09'),
(849, 'CCR BLADE FENESTRTD TI LATERAL 55X24MM', 'INST-E457734D6F', 9, 4, '', NULL, 'tersedia', NULL, 1, '2025-08-19 15:54:09', '2025-08-19 15:54:09'),
(850, 'CCR BLADE FENESTRTD TI LATERAL 60X24MM', 'INST-495D3C3B49', 9, 4, '', NULL, 'tersedia', NULL, 1, '2025-08-19 15:54:09', '2025-08-19 15:54:09'),
(851, 'CCR BLADE FENESTRTD TI LATERAL 65X24MM', 'INST-52D9BD5AC2', 9, 4, '', NULL, 'tersedia', NULL, 1, '2025-08-19 15:54:09', '2025-08-19 15:54:09'),
(852, 'CCR BLADE FENESTRTD TI MEDIAL 30X24MM', 'INST-2659B3F4B4', 9, 4, '', NULL, 'tersedia', NULL, 1, '2025-08-19 15:54:09', '2025-08-19 15:54:09'),
(853, 'CCR BLADE FENESTRTD TI MEDIAL 35X24MM', 'INST-012AE5FE38', 9, 4, '', NULL, 'tersedia', NULL, 1, '2025-08-19 15:54:09', '2025-08-19 15:54:09'),
(854, 'CCR BLADE FENESTRTD TI MEDIAL 40X24MM', 'INST-BC8BA7BCFF', 9, 4, '', NULL, 'tersedia', NULL, 1, '2025-08-19 15:54:09', '2025-08-19 15:54:09'),
(855, 'CCR BLADE FENESTRTD TI MEDIAL 45X24MM', 'INST-DF097886DC', 9, 4, '', NULL, 'tersedia', NULL, 1, '2025-08-19 15:54:09', '2025-08-19 15:54:09'),
(856, 'CCR BLADE FENESTRTD TI MEDIAL 50X24MM', 'INST-95D797EBA5', 9, 4, '', NULL, 'tersedia', NULL, 1, '2025-08-19 15:54:09', '2025-08-19 15:54:09'),
(857, 'CCR BLADE FENESTRTD TI MEDIAL 55X24MM', 'INST-6840DF10CB', 9, 4, '', NULL, 'tersedia', NULL, 1, '2025-08-19 15:54:09', '2025-08-19 15:54:09'),
(858, 'CCR BLADE FENESTRTD TI MEDIAL 60X24MM', 'INST-9FB8C24528', 9, 4, '', NULL, 'tersedia', NULL, 1, '2025-08-19 15:54:09', '2025-08-19 15:54:09'),
(859, 'CCR BLADE FENESTRTD TI MEDIAL 65X24MM', 'INST-C9F05642AD', 9, 4, '', NULL, 'tersedia', NULL, 1, '2025-08-19 15:54:09', '2025-08-19 15:54:09'),
(860, 'CCR BLADEFENESTRATED TI BLUNT 35X24MM', 'INST-678F408776', 9, 4, '', NULL, 'tersedia', NULL, 1, '2025-08-19 15:54:09', '2025-08-19 15:54:09'),
(861, 'CCR BLADEFENESTRATED TI BLUNT 40X24MM', 'INST-F8CF181AF4', 9, 4, '', NULL, 'tersedia', NULL, 1, '2025-08-19 15:54:09', '2025-08-19 15:54:09'),
(862, 'CCR BLADEFENESTRATED TI BLUNT 45X24MM', 'INST-954F5A9129', 9, 4, '', NULL, 'tersedia', NULL, 1, '2025-08-19 15:54:09', '2025-08-19 15:54:09'),
(863, 'CCR BLADEFENESTRATED TI BLUNT 50X24MM', 'INST-00E201FEAA', 9, 4, '', NULL, 'tersedia', NULL, 1, '2025-08-19 15:54:09', '2025-08-19 15:54:09'),
(864, 'CCR BLADEFENESTRATED TI BLUNT 55X24MM', 'INST-D975CAA7C1', 9, 4, '', NULL, 'tersedia', NULL, 1, '2025-08-19 15:54:09', '2025-08-19 15:54:09'),
(865, 'CCR BLADEFENESTRATED TI BLUNT 60X24MM', 'INST-786249234F', 9, 4, '', NULL, 'tersedia', NULL, 1, '2025-08-19 15:54:09', '2025-08-19 15:54:09'),
(866, 'CCR BLADEFENESTRATED TI BLUNT 65X24MM', 'INST-BC7CDD6B25', 9, 4, '', NULL, 'tersedia', NULL, 1, '2025-08-19 15:54:09', '2025-08-19 15:54:09'),
(867, 'SCALPEL HANDLE #4 135MM', 'INST-1E7F37D0D3', 9, 4, '', NULL, 'tersedia', NULL, 1, '2025-08-19 15:54:09', '2025-08-19 15:54:09'),
(868, 'SCALPEL HDL.STR.NO.4', 'INST-43888CAAFB', 9, 4, '', NULL, 'tersedia', NULL, 1, '2025-08-19 15:54:09', '2025-08-19 15:54:09'),
(869, 'SCALPEL HANDLE #7 ENGLISH NO.5 160MM', 'INST-2453CF99D8', 9, 4, '', NULL, 'tersedia', NULL, 1, '2025-08-19 15:54:09', '2025-08-19 15:54:09'),
(870, 'NELSON-METZENBAUM SCISSORS CVD 230MM', 'INST-0E50C473DA', 9, 4, '', NULL, 'tersedia', NULL, 1, '2025-08-19 15:54:09', '2025-08-19 15:54:09'),
(871, 'CUSHING DEL STR FORCEPS 200MM', 'INST-87F7A0521F', 9, 4, '', NULL, 'tersedia', NULL, 1, '2025-08-19 15:54:09', '2025-08-19 15:54:09'),
(872, 'STANDARD TISSUE FORCEPS 1X2 160MM', 'INST-62C0DBC250', 9, 4, '', NULL, 'tersedia', NULL, 1, '2025-08-19 15:54:09', '2025-08-19 15:54:09'),
(873, 'GERALD FORCEPS DEL STR 175MM', 'INST-7330924517', 9, 4, '', NULL, 'tersedia', NULL, 1, '2025-08-19 15:54:09', '2025-08-19 15:54:09'),
(874, 'GERALD TISSUE FCPS STR 1X2 175MM', 'INST-AABE67D758', 9, 4, '', NULL, 'tersedia', NULL, 1, '2025-08-19 15:54:09', '2025-08-19 15:54:09'),
(875, 'LERICHE DELICATE FORCEPS CVD1X2150MM', 'INST-3D2F55FA68', 9, 4, '', NULL, 'tersedia', NULL, 1, '2025-08-19 15:54:09', '2025-08-19 15:54:09'),
(876, 'MAYO-HEGAR NEEDLE HOLDER200MM', 'INST-36FD9150C8', 9, 4, '', NULL, 'tersedia', NULL, 1, '2025-08-19 15:54:09', '2025-08-19 15:54:09'),
(877, 'CUSHING VESS.HOOK BL.90DEG 4/190MM', 'INST-8D28D89D51', 9, 4, '', NULL, 'tersedia', NULL, 1, '2025-08-19 15:54:09', '2025-08-19 15:54:09'),
(878, 'VOLKMANN RETR6-PRGSHARP9X29MM220MM', 'INST-23BA9A1D29', 9, 4, '', NULL, 'tersedia', NULL, 1, '2025-08-19 15:54:09', '2025-08-19 15:54:09'),
(879, 'GELPI VAGINAL RETRACTOR135MM', 'INST-F765133ECE', 9, 4, '', NULL, 'tersedia', NULL, 1, '2025-08-19 15:54:09', '2025-08-19 15:54:09'),
(880, 'BECKMANN-EATON LAM RETR 7X7 SHP 320MM', 'INST-9C7D7A4510', 9, 4, '', NULL, 'tersedia', NULL, 1, '2025-08-19 15:54:09', '2025-08-19 15:54:09'),
(881, 'SCOVILLE LAMINECTOMY RETRACTOR', 'INST-B5FF5EDD63', 9, 4, '', NULL, 'tersedia', NULL, 1, '2025-08-19 15:54:09', '2025-08-19 15:54:09'),
(882, 'DISSECTOR 240MM SPAT.ENDS 3+4MM', 'INST-59FA9D0B84', 9, 4, '', NULL, 'tersedia', NULL, 1, '2025-08-19 15:54:09', '2025-08-19 15:54:09'),
(883, 'LOVE NERVE ROOT RETRACTOR BAY-SH.210MM', 'INST-777195C844', 9, 4, '', NULL, 'tersedia', NULL, 1, '2025-08-19 15:54:09', '2025-08-19 15:54:09'),
(884, 'LOVE NERVE ROOT RETRACTOR STR 220MM', 'INST-EE7BCC69EB', 9, 4, '', NULL, 'tersedia', NULL, 1, '2025-08-19 15:54:09', '2025-08-19 15:54:09'),
(885, 'COBBS SPINAL ELEVATOR 13MM WIDE 280MM', 'INST-CFA61971B2', 9, 4, '', NULL, 'tersedia', NULL, 1, '2025-08-19 15:54:09', '2025-08-19 15:54:09'),
(886, 'LANGENBECK RIB RASPATORY 16MM 190MM', 'INST-DCF38ED1E5', 9, 4, '', NULL, 'tersedia', NULL, 1, '2025-08-19 15:54:09', '2025-08-19 15:54:09'),
(887, 'SHARP BONE CURETTE # 000STR3.6MM250MM', 'INST-4F69038D72', 9, 4, '', NULL, 'tersedia', NULL, 1, '2025-08-19 15:54:09', '2025-08-19 15:54:09'),
(888, 'SHARP BONE CUR#000FWD-ANG3.6MM250MM', 'INST-AC08B844F9', 9, 4, '', NULL, 'tersedia', NULL, 1, '2025-08-19 15:54:09', '2025-08-19 15:54:09'),
(889, 'SHARP BONE CURETTE#0FWD-ANG5.2MM250MM', 'INST-D846875D74', 9, 4, '', NULL, 'tersedia', NULL, 1, '2025-08-19 15:54:09', '2025-08-19 15:54:09'),
(890, 'OLIVECRONA BONE RONGEUR CVD 205MM', 'INST-9995816F61', 9, 4, '', NULL, 'tersedia', NULL, 1, '2025-08-19 15:54:09', '2025-08-19 15:54:09'),
(891, 'STILLE BONE RONGEUR230MM', 'INST-443719C391', 9, 4, '', NULL, 'tersedia', NULL, 1, '2025-08-19 15:54:09', '2025-08-19 15:54:09'),
(892, 'LEKSELL-STILLE BONE RONGEUR 240MM', 'INST-7A14162D67', 9, 4, '', NULL, 'tersedia', NULL, 1, '2025-08-19 15:54:09', '2025-08-19 15:54:09'),
(893, 'BONE CUTTING FORCEPS ANG 240MM', 'INST-480F92C01F', 9, 4, '', NULL, 'tersedia', NULL, 1, '2025-08-19 15:54:09', '2025-08-19 15:54:09'),
(894, 'CASPAR SPECULUM 65MM BLACK', 'INST-FC6461F107', 9, 4, '', NULL, 'tersedia', NULL, 1, '2025-08-19 15:54:09', '2025-08-19 15:54:09'),
(895, 'KIDNEY TRAY 170MM 250ML', 'INST-4B14A183C3', 9, 4, '', NULL, 'tersedia', NULL, 1, '2025-08-19 15:54:09', '2025-08-19 15:54:09'),
(896, 'LABORATORY DISH 0.063 L', 'INST-572BDB7EF4', 9, 4, '', NULL, 'tersedia', NULL, 1, '2025-08-19 15:54:09', '2025-08-19 15:54:09'),
(897, 'BOTTOM FOR 1/1 CONTAINER HEIGHT:120MM', 'INST-E2EAA06679', 9, 4, '', NULL, 'tersedia', NULL, 1, '2025-08-19 15:54:09', '2025-08-19 15:54:09'),
(898, 'CLR RETRACTOR BLADE 35X20MM SL', 'INST-1A3C879309', 9, 4, '', NULL, 'tersedia', NULL, 1, '2025-08-19 15:54:09', '2025-08-19 15:54:09'),
(899, 'CLR RETRACTOR BLADE 40X20MM SL', 'INST-C21269D770', 9, 4, '', NULL, 'tersedia', NULL, 1, '2025-08-19 15:54:09', '2025-08-19 15:54:09'),
(900, 'CLR RETRACTOR BLADE 45X20MM SL', 'INST-D2DF4D828F', 9, 4, '', NULL, 'tersedia', NULL, 1, '2025-08-19 15:54:09', '2025-08-19 15:54:09'),
(901, 'CLR RETRACTOR BLADE 55X20MM SL', 'INST-1805BDDA95', 9, 4, '', NULL, 'tersedia', NULL, 1, '2025-08-19 15:54:09', '2025-08-19 15:54:09'),
(902, 'CLR RETRACTOR BLADE 65X20MM SL', 'INST-F4E886B726', 9, 4, '', NULL, 'tersedia', NULL, 1, '2025-08-19 15:54:09', '2025-08-19 15:54:09'),
(903, 'CLR RETRACTOR BLADE 35X40MM SL', 'INST-456F0C7592', 9, 4, '', NULL, 'tersedia', NULL, 1, '2025-08-19 15:54:09', '2025-08-19 15:54:09'),
(904, 'CLR RETRACTOR BLADE 40X40MM SL', 'INST-DE1C825A79', 9, 4, '', NULL, 'tersedia', NULL, 1, '2025-08-19 15:54:09', '2025-08-19 15:54:09'),
(905, 'CLR RETRACTOR BLADE 45X40MM SL', 'INST-098AB4165B', 9, 4, '', NULL, 'tersedia', NULL, 1, '2025-08-19 15:54:09', '2025-08-19 15:54:09'),
(906, 'CLR RETRACTOR BLADE 55X40MM SL', 'INST-2FB6896053', 9, 4, '', NULL, 'tersedia', NULL, 1, '2025-08-19 15:54:09', '2025-08-19 15:54:09'),
(907, 'CLR RETRACTOR BLADE 65X40MM SL', 'INST-46AECC1768', 9, 4, '', NULL, 'tersedia', NULL, 1, '2025-08-19 15:54:09', '2025-08-19 15:54:09'),
(908, 'CLR RETRACTOR BLADE 75X40MM SL', 'INST-972A2EA86F', 9, 4, '', NULL, 'tersedia', NULL, 1, '2025-08-19 15:54:09', '2025-08-19 15:54:09'),
(909, 'CLR RETRACTOR BLADE 35X60MM SL', 'INST-6EE408BF70', 9, 4, '', NULL, 'tersedia', NULL, 1, '2025-08-19 15:54:09', '2025-08-19 15:54:09'),
(910, 'CLR RETRACTOR BLADE 40X60MM SL', 'INST-5E0F575919', 9, 4, '', NULL, 'tersedia', NULL, 1, '2025-08-19 15:54:09', '2025-08-19 15:54:09'),
(911, 'CLR RETRACTOR BLADE 45X60MM SL', 'INST-2E9FC6C44A', 9, 4, '', NULL, 'tersedia', NULL, 1, '2025-08-19 15:54:09', '2025-08-19 15:54:09'),
(912, 'CLR RETRACTOR BLADE 55X60MM SL', 'INST-2C6BC1929E', 9, 4, '', NULL, 'tersedia', NULL, 1, '2025-08-19 15:54:09', '2025-08-19 15:54:09'),
(913, 'CLR RETRACTOR BLADE 65X60MM SL', 'INST-5981142120', 9, 4, '', NULL, 'tersedia', NULL, 1, '2025-08-19 15:54:09', '2025-08-19 15:54:09'),
(914, 'CLR RETRACTOR BLADE 75X60MM SL', 'INST-2049E30B34', 9, 4, '', NULL, 'tersedia', NULL, 1, '2025-08-19 15:54:09', '2025-08-19 15:54:09'),
(915, 'CLR RETRACTOR BLADE 85X60MM SL', 'INST-EF2E08D825', 9, 4, '', NULL, 'tersedia', NULL, 1, '2025-08-19 15:54:09', '2025-08-19 15:54:09'),
(916, 'SLR/CLR SYSTEM RETRACTOR ONLY', 'INST-761FDF5E2B', 9, 4, '', NULL, 'tersedia', NULL, 1, '2025-08-19 15:54:09', '2025-08-19 15:54:09'),
(917, 'HEX KEY', 'INST-A64288E12D', 9, 4, '', NULL, 'tersedia', NULL, 1, '2025-08-19 15:54:09', '2025-08-19 15:54:09'),
(918, 'CLR HEMILAMINECTOMY HOOK SMALL SL', 'INST-319AE00953', 9, 4, '', NULL, 'tersedia', NULL, 1, '2025-08-19 15:54:09', '2025-08-19 15:54:09'),
(919, 'CLR HEMILAMINECTOMY HOOK LARGE SL', 'INST-455883EA12', 9, 4, '', NULL, 'tersedia', NULL, 1, '2025-08-19 15:54:09', '2025-08-19 15:54:09'),
(920, 'CLR TRAY ONLY', 'INST-9A350E9FBB', 9, 4, '', NULL, 'tersedia', NULL, 1, '2025-08-19 15:54:09', '2025-08-19 15:54:09'),
(921, 'Begkok', 'INST-CF84794BEB', 9, 4, '', NULL, 'tersedia', NULL, 1, '2025-08-19 15:54:09', '2025-08-19 15:54:09'),
(922, 'Elevator', 'INST-F76D852E88', 9, 4, '', NULL, 'tersedia', NULL, 1, '2025-08-19 15:54:09', '2025-08-19 15:54:09'),
(923, 'Gigli', 'INST-8ABDBBC083', 9, 4, '', NULL, 'tersedia', NULL, 1, '2025-08-19 15:54:09', '2025-08-19 15:54:09'),
(924, 'Hal langeng', 'INST-7827AAA848', 9, 4, '', NULL, 'tersedia', NULL, 1, '2025-08-19 15:54:09', '2025-08-19 15:54:09'),
(925, 'Handel mess no 3', 'INST-4A8BE96E2F', 9, 4, '', NULL, 'tersedia', NULL, 1, '2025-08-19 15:54:09', '2025-08-19 15:54:09'),
(926, 'Handel mess no 4', 'INST-B6509668B5', 9, 4, '', NULL, 'tersedia', NULL, 1, '2025-08-19 15:54:09', '2025-08-19 15:54:09'),
(927, 'Knabel', 'INST-7F36CB4464', 9, 4, '', NULL, 'tersedia', NULL, 1, '2025-08-19 15:54:09', '2025-08-19 15:54:09'),
(928, 'Pengait gigli', 'INST-4CD2A7BB92', 9, 4, '', NULL, 'tersedia', NULL, 1, '2025-08-19 15:54:09', '2025-08-19 15:54:09'),
(929, 'Raspatoriun', 'INST-600E922C79', 9, 4, '', NULL, 'tersedia', NULL, 1, '2025-08-19 15:54:09', '2025-08-19 15:54:09'),
(930, 'Songe holder', 'INST-DA08EF742C', 9, 4, '', NULL, 'tersedia', NULL, 1, '2025-08-19 15:54:09', '2025-08-19 15:54:09'),
(931, 'Gandle mess no.3', 'INST-0D13EDFE26', 9, 4, '', NULL, 'tersedia', NULL, 1, '2025-08-19 15:54:09', '2025-08-19 15:54:09'),
(932, 'Hak doyen', 'INST-0925C31547', 9, 4, '', NULL, 'tersedia', NULL, 1, '2025-08-19 15:54:09', '2025-08-19 15:54:09'),
(933, 'Hook tajam', 'INST-D221779644', 9, 4, '', NULL, 'tersedia', NULL, 1, '2025-08-19 15:54:09', '2025-08-19 15:54:09'),
(934, 'Cucing sedang', 'INST-0245D50B43', 9, 4, '', NULL, 'tersedia', NULL, 1, '2025-08-19 15:54:09', '2025-08-19 15:54:09'),
(935, 'Ellis', 'INST-AEC74C187E', 9, 4, '', NULL, 'tersedia', NULL, 1, '2025-08-19 15:54:09', '2025-08-19 15:54:09'),
(936, 'Hak Langenback', 'INST-0480CB3CD4', 9, 4, '', NULL, 'tersedia', NULL, 1, '2025-08-19 15:54:09', '2025-08-19 15:54:09'),
(937, 'Hak kecil gigi tajam', 'INST-81FFF09BCC', 9, 4, '', NULL, 'tersedia', NULL, 1, '2025-08-19 15:54:09', '2025-08-19 15:54:09'),
(938, 'Intande', 'INST-9E4A27D172', 9, 4, '', NULL, 'tersedia', NULL, 1, '2025-08-19 15:54:09', '2025-08-19 15:54:09'),
(939, 'Kocher', 'INST-6348315CA0', 9, 4, '', NULL, 'tersedia', NULL, 1, '2025-08-19 15:54:09', '2025-08-19 15:54:09'),
(940, 'Naldfuder', 'INST-FCE33EC352', 9, 4, '', NULL, 'tersedia', NULL, 1, '2025-08-19 15:54:09', '2025-08-19 15:54:09'),
(941, 'Kogel Tang', 'INST-4A46182743', 9, 4, '', NULL, 'tersedia', NULL, 1, '2025-08-19 15:54:09', '2025-08-19 15:54:09'),
(942, 'Gunting benan', 'INST-C0A18EBB6B', 9, 4, '', NULL, 'tersedia', NULL, 1, '2025-08-19 15:54:09', '2025-08-19 15:54:09'),
(943, 'Jak langen', 'INST-1E3F9E0158', 9, 4, '', NULL, 'tersedia', NULL, 1, '2025-08-19 15:54:09', '2025-08-19 15:54:09'),
(944, 'Sonde uterus', 'INST-5A400B3761', 9, 4, '', NULL, 'tersedia', NULL, 1, '2025-08-19 15:54:09', '2025-08-19 15:54:09'),
(945, 'Speculum vagina', 'INST-90B960FC7B', 9, 4, '', NULL, 'tersedia', NULL, 1, '2025-08-19 15:54:09', '2025-08-19 15:54:09'),
(946, 'Buldog', 'INST-92D3C88765', 9, 4, '', NULL, 'tersedia', NULL, 1, '2025-08-19 15:54:09', '2025-08-19 15:54:09'),
(947, 'Gunting Metzemboom', 'INST-ECB82AABB6', 9, 4, '', NULL, 'tersedia', NULL, 1, '2025-08-19 15:54:09', '2025-08-19 15:54:09'),
(948, 'Gunting pot', 'INST-A0420100B3', 9, 4, '', NULL, 'tersedia', NULL, 1, '2025-08-19 15:54:09', '2025-08-19 15:54:09'),
(949, 'Hak langen gigi tajam', 'INST-41DC0A42D3', 9, 4, '', NULL, 'tersedia', NULL, 1, '2025-08-19 15:54:09', '2025-08-19 15:54:09'),
(950, 'Krom klem', 'INST-6A9F480CD5', 9, 4, '', NULL, 'tersedia', NULL, 1, '2025-08-19 15:54:09', '2025-08-19 15:54:09'),
(951, 'Nald foeder', 'INST-C6680CA79A', 9, 4, '', NULL, 'tersedia', NULL, 1, '2025-08-19 15:54:09', '2025-08-19 15:54:09'),
(952, 'Sponge holder', 'INST-8E544E2A44', 9, 4, '', NULL, 'tersedia', NULL, 1, '2025-08-19 15:54:09', '2025-08-19 15:54:09'),
(953, 'Statinsky', 'INST-DA72FB11BF', 9, 4, '', NULL, 'tersedia', NULL, 1, '2025-08-19 15:54:09', '2025-08-19 15:54:09'),
(954, 'ABSON (DESECTOR)', 'INST-431609DAA8', 4, 4, NULL, NULL, 'tersedia', NULL, 1, '2025-08-19 15:54:09', '2025-08-26 07:02:42'),
(955, 'BENGKOK / NAMPAN', 'INST-05414A5ACE', 9, 4, '', NULL, 'tersedia', NULL, 1, '2025-08-19 15:54:09', '2025-08-19 15:54:09'),
(956, 'BRAIN SPATEL', 'INST-58C2C7FF1D', 9, 4, '', NULL, 'tersedia', NULL, 1, '2025-08-19 15:54:09', '2025-08-19 15:54:09'),
(957, 'CURET', 'INST-3B91B07146', 9, 4, '', NULL, 'tersedia', NULL, 1, '2025-08-19 15:54:09', '2025-08-19 15:54:09'),
(958, 'DANDY KLEM', 'INST-BBEF0C0B0B', 9, 4, '', NULL, 'tersedia', NULL, 1, '2025-08-19 15:54:09', '2025-08-19 15:54:09'),
(959, 'HAAK  SPREDER', 'INST-30E93E60D5', 9, 4, '', NULL, 'tersedia', NULL, 1, '2025-08-19 15:54:09', '2025-08-19 15:54:09'),
(960, 'HAAK LANGEN', 'INST-31666FCCB8', 9, 4, '', NULL, 'tersedia', NULL, 1, '2025-08-19 15:54:09', '2025-08-19 15:54:09'),
(961, 'PEAN ARTERI LURUS', 'INST-1CA897BCF8', 9, 4, '', NULL, 'tersedia', NULL, 1, '2025-08-19 15:54:09', '2025-08-19 15:54:09'),
(962, 'PINSET DURA', 'INST-9B234BCF9B', 9, 4, '', NULL, 'tersedia', NULL, 1, '2025-08-19 15:54:09', '2025-08-19 15:54:09'),
(963, 'RASHPATORIUM KECIL', 'INST-07306805D2', 9, 4, '', NULL, 'tersedia', NULL, 1, '2025-08-19 15:54:09', '2025-08-19 15:54:09'),
(964, 'WIRE', 'INST-E646942812', 9, 4, '', NULL, 'tersedia', NULL, 1, '2025-08-19 15:54:09', '2025-08-19 15:54:09'),
(965, 'PINSET TUMOR', 'INST-6F77050DB0', 9, 4, '', NULL, 'tersedia', NULL, 1, '2025-08-19 15:54:09', '2025-08-19 15:54:09'),
(966, 'BONE ROUNGER NO.3.4.5', 'INST-A13EF52472', 9, 4, '', NULL, 'tersedia', NULL, 1, '2025-08-19 15:54:09', '2025-08-19 15:54:09'),
(967, 'ADSON / DESECTOR', 'INST-A9944FE6F3', 9, 4, '', NULL, 'tersedia', NULL, 1, '2025-08-19 15:54:09', '2025-08-19 15:54:09'),
(968, 'NERVE HOOK', 'INST-6D60694298', 9, 4, '', NULL, 'tersedia', NULL, 1, '2025-08-19 15:54:09', '2025-08-19 15:54:09'),
(969, 'PEAN LURUS BESAR', 'INST-0E2B486455', 9, 4, '', NULL, 'tersedia', NULL, 1, '2025-08-19 15:54:09', '2025-08-19 15:54:09'),
(970, 'KOCHER LENGKUNG/ PANJANG', 'INST-656493383F', 9, 4, '', NULL, 'tersedia', NULL, 1, '2025-08-19 15:54:09', '2025-08-19 15:54:09'),
(971, 'KOCHER ARTERY KLEM', 'INST-74EEE3B1FB', 9, 4, '', NULL, 'tersedia', NULL, 1, '2025-08-19 15:54:09', '2025-08-19 15:54:09'),
(972, 'DUUK KLEM', 'INST-6C3066618E', 9, 4, '', NULL, 'tersedia', NULL, 1, '2025-08-19 15:54:09', '2025-08-19 15:54:09'),
(973, 'PINSET ANATOMY', 'INST-A4E0612A70', 9, 4, '', NULL, 'tersedia', NULL, 1, '2025-08-19 15:54:09', '2025-08-19 15:54:09'),
(974, 'PINSET CIRURGY', 'INST-1FD5FC6A95', 9, 4, '', NULL, 'tersedia', NULL, 1, '2025-08-19 15:54:09', '2025-08-19 15:54:09'),
(975, 'NALD FOEDER', 'INST-EC77678D3C', 9, 4, '', NULL, 'tersedia', NULL, 1, '2025-08-19 15:54:09', '2025-08-19 15:54:09'),
(976, 'HANDLE MESH NO.4.7 BIONET', 'INST-60E360814D', 9, 4, '', NULL, 'tersedia', NULL, 1, '2025-08-19 15:54:09', '2025-08-19 15:54:09'),
(977, 'CUCING KECIL', 'INST-FFB936598D', 9, 4, '', NULL, 'tersedia', NULL, 1, '2025-08-19 15:54:09', '2025-08-19 15:54:09'),
(978, 'CUCING BESAR OVAL / BULAT', 'INST-917DACD274', 9, 4, '', NULL, 'tersedia', NULL, 1, '2025-08-19 15:54:09', '2025-08-19 15:54:09'),
(979, 'HAK LANGEN DOUBLE', 'INST-191A80DBDF', 9, 4, '', NULL, 'tersedia', NULL, 1, '2025-08-19 15:54:09', '2025-08-19 15:54:09'),
(980, 'LUMBAL RETRACTOR', 'INST-311108577B', 9, 4, '', NULL, 'tersedia', NULL, 1, '2025-08-19 15:54:09', '2025-08-19 15:54:09'),
(981, 'RASPARATORIUM BESAR', 'INST-E931F16CD2', 9, 4, '', NULL, 'tersedia', NULL, 1, '2025-08-19 15:54:09', '2025-08-19 15:54:09'),
(982, 'RASPARATORIUM BOLAK BALIK', 'INST-B4C4B53003', 9, 4, '', NULL, 'tersedia', NULL, 1, '2025-08-19 15:54:09', '2025-08-19 15:54:09'),
(983, 'BONE CURETAGE', 'INST-A6F4828334', 9, 4, '', NULL, 'tersedia', NULL, 1, '2025-08-19 15:54:09', '2025-08-19 15:54:09'),
(984, 'HNP TANG LURUS', 'INST-EE4B1ACC1F', 9, 4, '', NULL, 'tersedia', NULL, 1, '2025-08-19 15:54:09', '2025-08-19 15:54:09'),
(985, 'HNP TANG UP', 'INST-5EE7C0D9B2', 9, 4, '', NULL, 'tersedia', NULL, 1, '2025-08-19 15:54:09', '2025-08-19 15:54:09'),
(986, 'BONE RENGEURUS NO.1', 'INST-9A5D29EB19', 9, 4, '', NULL, 'tersedia', NULL, 1, '2025-08-19 15:54:09', '2025-08-19 15:54:09'),
(987, 'BONE RENGEURUS NO.2', 'INST-8D12555957', 9, 4, '', NULL, 'tersedia', NULL, 1, '2025-08-19 15:54:09', '2025-08-19 15:54:09'),
(988, 'BONE RENGEURUS NO.3', 'INST-E357B13508', 9, 4, '', NULL, 'tersedia', NULL, 1, '2025-08-19 15:54:09', '2025-08-19 15:54:09'),
(989, 'BONE RENGEURUS NO.4', 'INST-E9966EE85A', 9, 4, '', NULL, 'tersedia', NULL, 1, '2025-08-19 15:54:09', '2025-08-19 15:54:09'),
(990, 'PICULINO', 'INST-66CE0FD3EE', 9, 4, '', NULL, 'tersedia', NULL, 1, '2025-08-19 15:54:09', '2025-08-19 15:54:09'),
(991, 'GELPI', 'INST-3690C8B0F3', 9, 4, '', NULL, 'tersedia', NULL, 1, '2025-08-19 15:54:09', '2025-08-19 15:54:09'),
(992, 'KOP BESAR', 'INST-22436E155C', 9, 4, '', NULL, 'tersedia', NULL, 1, '2025-08-19 15:54:09', '2025-08-19 15:54:09'),
(993, 'KNABEL BESAR / KECIL', 'INST-C32964E51D', 9, 4, '', NULL, 'tersedia', NULL, 1, '2025-08-19 15:54:09', '2025-08-19 15:54:09'),
(994, 'BONE CUTING', 'INST-5B3DF64C48', 9, 4, '', NULL, 'tersedia', NULL, 1, '2025-08-19 15:54:09', '2025-08-19 15:54:09'),
(995, 'GUNTING DURA', 'INST-2745D8D501', 9, 4, '', NULL, 'tersedia', NULL, 1, '2025-08-19 15:54:09', '2025-08-19 15:54:09'),
(996, 'RASHPATORIUM MELENGKUNG', 'INST-EAA0B51EF0', 9, 4, '', NULL, 'tersedia', NULL, 1, '2025-08-19 15:54:09', '2025-08-19 15:54:09'),
(997, 'KOCHER LENGKUNG', 'INST-39F8739646', 9, 4, '', NULL, 'tersedia', NULL, 1, '2025-08-19 15:54:09', '2025-08-19 15:54:09'),
(998, 'KLEM ARTERI', 'INST-CF8F9CE8DC', 9, 4, '', NULL, 'tersedia', NULL, 1, '2025-08-19 15:54:09', '2025-08-19 15:54:09'),
(999, 'ARTERI KLEM LURUS', 'INST-AAF4BF78F0', 9, 4, '', NULL, 'tersedia', NULL, 1, '2025-08-19 15:54:09', '2025-08-19 15:54:09'),
(1000, 'BONE ROUNGER NO,2', 'INST-B6ED6F8A1E', 9, 4, '', NULL, 'tersedia', NULL, 1, '2025-08-19 15:54:09', '2025-08-19 15:54:09'),
(1001, 'BONE ROUNGER NO,3', 'INST-68BA38E753', 9, 4, '', NULL, 'tersedia', NULL, 1, '2025-08-19 15:54:09', '2025-08-19 15:54:09'),
(1002, 'BONE ROUNGER NO,4', 'INST-D7F92BFDF3', 9, 4, '', NULL, 'tersedia', NULL, 1, '2025-08-19 15:54:09', '2025-08-19 15:54:09'),
(1003, 'COOP KECIL', 'INST-FED7F1792D', 9, 4, '', NULL, 'tersedia', NULL, 1, '2025-08-19 15:54:09', '2025-08-19 15:54:09'),
(1004, 'HANDLE MESH NO.3', 'INST-61BB39C3CC', 9, 4, '', NULL, 'tersedia', NULL, 1, '2025-08-19 15:54:09', '2025-08-19 15:54:09'),
(1005, 'SUCTION', 'INST-40D3717B2F', 9, 4, '', NULL, 'tersedia', NULL, 1, '2025-08-19 15:54:09', '2025-08-19 15:54:09'),
(1006, 'LOVE HOOK', 'INST-90D6DE649E', 9, 4, '', NULL, 'tersedia', NULL, 1, '2025-08-19 15:54:09', '2025-08-19 15:54:09'),
(1007, 'HANDLE MESH BIONET NO, 3', 'INST-59460DC41E', 9, 4, '', NULL, 'tersedia', NULL, 1, '2025-08-19 15:54:09', '2025-08-19 15:54:09'),
(1008, 'HAMMER', 'INST-3621BCDC21', 9, 4, '', NULL, 'tersedia', NULL, 1, '2025-08-19 15:54:09', '2025-08-19 15:54:09'),
(1009, 'SISA ROD LUMBAL CERVICAL', 'INST-5975D4618F', 9, 4, '', NULL, 'tersedia', NULL, 1, '2025-08-19 15:54:09', '2025-08-19 15:54:09'),
(1010, 'Ellys', 'INST-C8C401BA23', 9, 4, '', NULL, 'tersedia', NULL, 1, '2025-08-19 15:54:09', '2025-08-19 15:54:09'),
(1011, 'Gubting Benang', 'INST-30835EC890', 9, 4, '', NULL, 'tersedia', NULL, 1, '2025-08-19 15:54:09', '2025-08-19 15:54:09'),
(1012, 'Gunting metzenbum', 'INST-C0F72FDDF2', 9, 4, '', NULL, 'tersedia', NULL, 1, '2025-08-19 15:54:09', '2025-08-19 15:54:09'),
(1013, 'Handle mess no.4', 'INST-3B890376F5', 9, 4, '', NULL, 'tersedia', NULL, 1, '2025-08-19 15:54:09', '2025-08-19 15:54:09'),
(1014, 'Krom pendek', 'INST-70607E6CCF', 9, 4, '', NULL, 'tersedia', NULL, 1, '2025-08-19 15:54:09', '2025-08-19 15:54:09'),
(1015, 'Krom Besar Uterus', 'INST-D170F2ADF8', 9, 4, '', NULL, 'tersedia', NULL, 1, '2025-08-19 15:54:09', '2025-08-19 15:54:09'),
(1016, 'Nald Voeder', 'INST-1B92018612', 9, 4, '', NULL, 'tersedia', NULL, 1, '2025-08-19 15:54:09', '2025-08-19 15:54:09'),
(1017, 'Peritonium klem', 'INST-A41CECB080', 9, 4, '', NULL, 'tersedia', NULL, 1, '2025-08-19 15:54:09', '2025-08-19 15:54:09'),
(1018, 'Reverdin/ entomg', 'INST-1463F55337', 9, 4, '', NULL, 'tersedia', NULL, 1, '2025-08-19 15:54:09', '2025-08-19 15:54:09'),
(1019, 'Sponge Holder', 'INST-8F4D75A158', 9, 4, '', NULL, 'tersedia', NULL, 1, '2025-08-19 15:54:09', '2025-08-19 15:54:09'),
(1020, 'Kogel tang gigi 4', 'INST-2EC1F28E86', 9, 4, '', NULL, 'tersedia', NULL, 1, '2025-08-19 15:54:09', '2025-08-19 15:54:09'),
(1021, 'Blas spekulum', 'INST-F0CC9ADB82', 9, 4, '', NULL, 'tersedia', NULL, 1, '2025-08-19 15:54:09', '2025-08-19 15:54:09'),
(1022, 'Elys klem', 'INST-1BE8DD0A99', 9, 4, '', NULL, 'tersedia', NULL, 1, '2025-08-19 15:54:09', '2025-08-19 15:54:09'),
(1023, 'Kocher pendek', 'INST-1D4C1CDEEB', 9, 4, '', NULL, 'tersedia', NULL, 1, '2025-08-19 15:54:09', '2025-08-19 15:54:09'),
(1024, 'Langen back', 'INST-9D85A1DEDD', 9, 4, '', NULL, 'tersedia', NULL, 1, '2025-08-19 15:54:09', '2025-08-19 15:54:09'),
(1025, 'Reverdin/ entong', 'INST-433730E895', 9, 4, '', NULL, 'tersedia', NULL, 1, '2025-08-19 15:54:09', '2025-08-19 15:54:09'),
(1027, 'Myom Bor', 'INST-2C6C82F4CE', 9, 4, '', NULL, 'tersedia', NULL, 1, '2025-08-19 15:54:09', '2025-08-19 15:54:09'),
(1028, 'Handle mes no.3', 'INST-07FB244F96', 9, 4, '', NULL, 'tersedia', NULL, 1, '2025-08-19 15:54:09', '2025-08-19 15:54:09'),
(1029, 'Myom Boor', 'INST-C11E9C9A4E', 9, 4, '', NULL, 'tersedia', NULL, 1, '2025-08-19 15:54:09', '2025-08-19 15:54:09'),
(1030, 'Kogel tang Gig 1', 'INST-1545A17AE2', 9, 4, '', NULL, 'tersedia', NULL, 1, '2025-08-19 15:54:09', '2025-08-19 15:54:09'),
(1031, 'Spatel abdomen', 'INST-B0B0B244CC', 9, 4, '', NULL, 'tersedia', NULL, 1, '2025-08-19 15:54:09', '2025-08-19 15:54:09'),
(1032, 'Kanul Syction', 'INST-3039A14095', 9, 4, '', NULL, 'tersedia', NULL, 1, '2025-08-19 15:54:09', '2025-08-19 15:54:09'),
(1033, 'Hak Rincing Gigi', 'INST-A3C804C6C7', 9, 4, '', NULL, 'tersedia', NULL, 1, '2025-08-19 15:54:09', '2025-08-19 15:54:09'),
(1034, 'Reverdin/Entong', 'INST-68AD89E322', 9, 4, '', NULL, 'tersedia', NULL, 1, '2025-08-19 15:54:09', '2025-08-19 15:54:09'),
(1035, 'Kogel tang gigi 1', 'INST-FFF79BE7F6', 9, 4, '', NULL, 'tersedia', NULL, 1, '2025-08-19 15:54:09', '2025-08-19 15:54:09'),
(1036, 'Koge tang gigi 4', 'INST-3AFF534A91', 9, 4, '', NULL, 'tersedia', NULL, 1, '2025-08-19 15:54:09', '2025-08-19 15:54:09'),
(1038, 'Pean Panjang', 'INST-718240BEFE', 9, 4, '', NULL, 'tersedia', NULL, 1, '2025-08-19 15:54:09', '2025-08-19 15:54:09'),
(1039, 'KOGELTANG gigi 4', 'INST-100502EF31', 9, 4, '', NULL, 'tersedia', NULL, 1, '2025-08-19 15:54:09', '2025-08-19 15:54:09'),
(1040, 'TROICAT', 'INST-98DD1A39DF', 9, 4, '', NULL, 'tersedia', NULL, 1, '2025-08-19 15:54:09', '2025-08-19 15:54:09'),
(1041, 'RINGTANG SEGITIGA', 'INST-5365101CAC', 9, 4, '', NULL, 'tersedia', NULL, 1, '2025-08-19 15:54:09', '2025-08-19 15:54:09'),
(1042, 'HAK BESAR', 'INST-EA540E6909', 9, 4, '', NULL, 'tersedia', NULL, 1, '2025-08-19 15:54:09', '2025-08-19 15:54:09'),
(1043, 'Right Angel', 'INST-FE5DE65C0E', 9, 4, '', NULL, 'tersedia', NULL, 1, '2025-08-19 15:54:09', '2025-08-19 15:54:09'),
(1044, 'curet', 'INST-081E8FC08C', 9, 4, '', NULL, 'tersedia', NULL, 1, '2025-08-19 15:54:09', '2025-08-19 15:54:09'),
(1045, 'Gunting metzenbeum', 'INST-78FBB8BEB4', 9, 4, '', NULL, 'tersedia', NULL, 1, '2025-08-19 15:54:09', '2025-08-19 15:54:09'),
(1046, 'Hak Langenback gigi tajam', 'INST-5DC5A5A0F9', 9, 4, '', NULL, 'tersedia', NULL, 1, '2025-08-19 15:54:09', '2025-08-19 15:54:09'),
(1047, 'Ring tang kecil', 'INST-202967F8AF', 9, 4, '', NULL, 'tersedia', NULL, 1, '2025-08-19 15:54:09', '2025-08-19 15:54:09'),
(1048, 'Handel mess no.3', 'INST-61ABEAA280', 9, 4, '', NULL, 'tersedia', NULL, 1, '2025-08-19 15:54:09', '2025-08-19 15:54:09'),
(1049, 'Right eangle', 'INST-AE2D698F9F', 9, 4, '', NULL, 'tersedia', NULL, 1, '2025-08-19 15:54:09', '2025-08-19 15:54:09'),
(1050, 'Beb Kock', 'INST-BC85CC5008', 9, 4, '', NULL, 'tersedia', NULL, 1, '2025-08-19 15:54:09', '2025-08-19 15:54:09'),
(1051, 'Right Eangel', 'INST-B959954D4B', 9, 4, '', NULL, 'tersedia', NULL, 1, '2025-08-19 15:54:09', '2025-08-19 15:54:09'),
(1052, 'Pincet Chirurgu', 'INST-C33509E0F3', 9, 4, '', NULL, 'tersedia', NULL, 1, '2025-08-19 15:54:09', '2025-08-19 15:54:09'),
(1053, 'Hak Langen + gigi tajam', 'INST-D0C8CBBF49', 9, 4, '', NULL, 'tersedia', NULL, 1, '2025-08-19 15:54:09', '2025-08-19 15:54:09'),
(1054, 'Kocher kecil', 'INST-35B8ED83DD', 9, 4, '', NULL, 'tersedia', NULL, 1, '2025-08-19 15:54:09', '2025-08-19 15:54:09'),
(1055, 'Nald Fuder', 'INST-E494137A5C', 9, 4, '', NULL, 'tersedia', NULL, 1, '2025-08-19 15:54:09', '2025-08-19 15:54:09'),
(1056, 'Pincet chirurgi', 'INST-273E0D318D', 9, 4, '', NULL, 'tersedia', NULL, 1, '2025-08-19 15:54:09', '2025-08-19 15:54:09'),
(1057, 'Khocker Kecil', 'INST-A7ECDC7724', 9, 4, '', NULL, 'tersedia', NULL, 1, '2025-08-19 15:54:09', '2025-08-19 15:54:09'),
(1058, 'Spatel kecil', 'INST-2A8D84D900', 9, 4, '', NULL, 'tersedia', NULL, 1, '2025-08-19 15:54:09', '2025-08-19 15:54:09'),
(1059, 'Spong holder', 'INST-01F3EF8CA3', 9, 4, '', NULL, 'tersedia', NULL, 1, '2025-08-19 15:54:09', '2025-08-19 15:54:09'),
(1060, 'Pincet chirurgiw', 'INST-A5843751C5', 9, 4, '', NULL, 'tersedia', NULL, 1, '2025-08-19 15:54:09', '2025-08-19 15:54:09'),
(1061, 'Ritangle', 'INST-780FD1AD4D', 9, 4, '', NULL, 'tersedia', NULL, 1, '2025-08-19 15:54:09', '2025-08-19 15:54:09'),
(1062, 'BAB COCK / ELIS KLEM', 'INST-B5BCD1589E', 9, 4, '', NULL, 'tersedia', NULL, 1, '2025-08-19 15:54:37', '2025-08-19 15:54:37'),
(1063, 'CUCING', 'INST-0BD00CB561', 9, 4, '', NULL, 'tersedia', NULL, 1, '2025-08-19 15:54:37', '2025-08-19 15:54:37'),
(1064, 'DARMKLEM BENGKOK', 'INST-C588E676AD', 9, 4, '', NULL, 'tersedia', NULL, 1, '2025-08-19 15:54:37', '2025-08-19 15:54:37'),
(1065, 'DARMKLEM LURUS', 'INST-328186EF8B', 9, 4, '', NULL, 'tersedia', NULL, 1, '2025-08-19 15:54:37', '2025-08-19 15:54:37'),
(1066, 'DUK KLEM', 'INST-068E16B248', 9, 4, '', NULL, 'tersedia', NULL, 1, '2025-08-19 15:54:37', '2025-08-19 15:54:37'),
(1067, 'GUNTING BENANG', 'INST-2B3B8C368A', 9, 4, '', NULL, 'tersedia', NULL, 1, '2025-08-19 15:54:37', '2025-08-19 15:54:37'),
(1068, 'GUNTING METZEMBUM', 'INST-DF5B300BD3', 9, 4, '', NULL, 'tersedia', NULL, 1, '2025-08-19 15:54:37', '2025-08-19 15:54:37'),
(1069, 'HAAK TAJAM TUMPUL', 'INST-4A81E80B24', 9, 4, '', NULL, 'tersedia', NULL, 1, '2025-08-19 15:54:37', '2025-08-19 15:54:37'),
(1070, 'HAAK RUNCING GIGI', 'INST-107DB32A44', 9, 4, '', NULL, 'tersedia', NULL, 1, '2025-08-19 15:54:37', '2025-08-19 15:54:37'),
(1071, 'HAKTANGGUNG PACUL', 'INST-F3EC11F25E', 9, 4, '', NULL, 'tersedia', NULL, 1, '2025-08-19 15:54:37', '2025-08-19 15:54:37'),
(1072, 'HAAK LANGEN', 'INST-A7204492F0', 9, 4, '', NULL, 'tersedia', NULL, 1, '2025-08-19 15:54:37', '2025-08-19 15:54:37'),
(1073, 'HAAK SPREDER', 'INST-F86D72E68D', 9, 4, '', NULL, 'tersedia', NULL, 1, '2025-08-19 15:54:37', '2025-08-19 15:54:37'),
(1074, 'HANDLE MESS No.3', 'INST-351C76FC61', 9, 4, '', NULL, 'tersedia', NULL, 1, '2025-08-19 15:54:37', '2025-08-19 15:54:37'),
(1075, 'KANULA SUCTION', 'INST-EC3B64577D', 9, 4, '', NULL, 'tersedia', NULL, 1, '2025-08-19 15:54:37', '2025-08-19 15:54:37'),
(1076, 'KOCKER KECIL', 'INST-2B85226812', 9, 4, '', NULL, 'tersedia', NULL, 1, '2025-08-19 15:54:37', '2025-08-19 15:54:37'),
(1077, 'KOCKER PANJANG', 'INST-427739B234', 9, 4, '', NULL, 'tersedia', NULL, 1, '2025-08-19 15:54:37', '2025-08-19 15:54:37'),
(1078, 'KROM PANJANG', 'INST-DD3FA3E3ED', 9, 4, '', NULL, 'tersedia', NULL, 1, '2025-08-19 15:54:37', '2025-08-19 15:54:37'),
(1079, 'KROM KECIL', 'INST-82E2D68DBB', 9, 4, '', NULL, 'tersedia', NULL, 1, '2025-08-19 15:54:37', '2025-08-19 15:54:37'),
(1080, 'KROP SONDE', 'INST-FE95254A5C', 9, 4, '', NULL, 'tersedia', NULL, 1, '2025-08-19 15:54:37', '2025-08-19 15:54:37'),
(1081, 'NALD VOEDER', 'INST-4A5D7C6B7E', 9, 4, '', NULL, 'tersedia', NULL, 1, '2025-08-19 15:54:37', '2025-08-19 15:54:37'),
(1082, 'NAMPAN', 'INST-6064ECDDCC', 9, 4, '', NULL, 'tersedia', NULL, 1, '2025-08-19 15:54:37', '2025-08-19 15:54:37'),
(1083, 'PEAN ARTERI KLEM', 'INST-C1C18AC55E', 9, 4, '', NULL, 'tersedia', NULL, 1, '2025-08-19 15:54:37', '2025-08-19 15:54:37'),
(1084, 'PERITONIUM KLEM', 'INST-64640F186E', 9, 4, '', NULL, 'tersedia', NULL, 1, '2025-08-19 15:54:37', '2025-08-19 15:54:37'),
(1085, 'PINCET ANATOMI', 'INST-515CFE3DBD', 9, 4, '', NULL, 'tersedia', NULL, 1, '2025-08-19 15:54:37', '2025-08-19 15:54:37'),
(1086, 'PINCETCHIRURGI', 'INST-C9686BE11D', 9, 4, '', NULL, 'tersedia', NULL, 1, '2025-08-19 15:54:37', '2025-08-19 15:54:37'),
(1087, 'CURET', 'INST-530B76A75F', 9, 4, '', NULL, 'tersedia', NULL, 1, '2025-08-19 15:54:37', '2025-08-19 15:54:37'),
(1088, 'RINGTANG/STONETANG', 'INST-FF46A15D23', 9, 4, '', NULL, 'tersedia', NULL, 1, '2025-08-19 15:54:37', '2025-08-19 15:54:37'),
(1089, 'SLEVE SONDE', 'INST-6352496D0C', 9, 4, '', NULL, 'tersedia', NULL, 1, '2025-08-19 15:54:37', '2025-08-19 15:54:37'),
(1090, 'SPATEL', 'INST-B3E3C46B16', 9, 4, '', NULL, 'tersedia', NULL, 1, '2025-08-19 15:54:37', '2025-08-19 15:54:37'),
(1091, 'RIGHTANGEL LURUS BENGKOK', 'INST-8023F82F78', 9, 4, '', NULL, 'tersedia', NULL, 1, '2025-08-19 15:54:37', '2025-08-19 15:54:37'),
(1092, 'BEB COCK', 'INST-36054F3032', 9, 4, '', NULL, 'tersedia', NULL, 1, '2025-08-19 15:54:37', '2025-08-19 15:54:37'),
(1093, 'BLAS SPECULUM', 'INST-F93F465FE0', 9, 4, '', NULL, 'tersedia', NULL, 1, '2025-08-19 15:54:37', '2025-08-19 15:54:37'),
(1094, 'CANULE SUCTION', 'INST-76C275144B', 9, 4, '', NULL, 'tersedia', NULL, 1, '2025-08-19 15:54:37', '2025-08-19 15:54:37'),
(1095, 'ELLIES KLEM', 'INST-158D810A8E', 9, 4, '', NULL, 'tersedia', NULL, 1, '2025-08-19 15:54:37', '2025-08-19 15:54:37'),
(1096, 'HAK RUNCING GIGI', 'INST-13A610FFF4', 9, 4, '', NULL, 'tersedia', NULL, 1, '2025-08-19 15:54:37', '2025-08-19 15:54:37'),
(1097, 'HANDLE MESS NO. 3', 'INST-92D8C55173', 9, 4, '', NULL, 'tersedia', NULL, 1, '2025-08-19 15:54:37', '2025-08-19 15:54:37'),
(1098, 'KOCHER PENDEK', 'INST-566B7C1AC6', 9, 4, '', NULL, 'tersedia', NULL, 1, '2025-08-19 15:54:37', '2025-08-19 15:54:37'),
(1099, 'KOCHER PANJANG', 'INST-00026030E0', 9, 4, '', NULL, 'tersedia', NULL, 1, '2025-08-19 15:54:37', '2025-08-19 15:54:37'),
(1100, 'KROM PENDEK', 'INST-8A64BF74B7', 9, 4, '', NULL, 'tersedia', NULL, 1, '2025-08-19 15:54:37', '2025-08-19 15:54:37'),
(1101, 'KROOM BESAR UTERUS', 'INST-E0A3AC6A03', 9, 4, '', NULL, 'tersedia', NULL, 1, '2025-08-19 15:54:37', '2025-08-19 15:54:37'),
(1102, 'LANGENBACK', 'INST-815A73EA35', 9, 4, '', NULL, 'tersedia', NULL, 1, '2025-08-19 15:54:37', '2025-08-19 15:54:37'),
(1103, 'NALD FOLDER', 'INST-A8DF075129', 9, 4, '', NULL, 'tersedia', NULL, 1, '2025-08-19 15:54:37', '2025-08-19 15:54:37'),
(1104, 'PEAN PENDEK', 'INST-4025235207', 9, 4, '', NULL, 'tersedia', NULL, 1, '2025-08-19 15:54:37', '2025-08-19 15:54:37'),
(1105, 'PERITONEUM KLEM', 'INST-076478D32E', 9, 4, '', NULL, 'tersedia', NULL, 1, '2025-08-19 15:54:37', '2025-08-19 15:54:37'),
(1106, 'PINCET CHIRURGIE', 'INST-B5FCA85880', 9, 4, '', NULL, 'tersedia', NULL, 1, '2025-08-19 15:54:37', '2025-08-19 15:54:37'),
(1107, 'REFERDIN/ ENTONG', 'INST-8A53F42F0B', 9, 4, '', NULL, 'tersedia', NULL, 1, '2025-08-19 15:54:37', '2025-08-19 15:54:37'),
(1108, 'RING TANG', 'INST-69FBF631AB', 9, 4, '', NULL, 'tersedia', NULL, 1, '2025-08-19 15:54:37', '2025-08-19 15:54:37'),
(1110, 'MIOMA BOOR', 'INST-7B62872E94', 9, 4, '', NULL, 'tersedia', NULL, 1, '2025-08-19 15:54:37', '2025-08-19 15:54:37'),
(1111, 'KOGLE TANG', 'INST-FEB9FCFC16', 9, 4, '', NULL, 'tersedia', NULL, 1, '2025-08-19 15:54:37', '2025-08-19 15:54:37'),
(1112, 'BONE CURETTE', 'INST-FD48685D8E', 9, 4, '', NULL, 'tersedia', NULL, 1, '2025-08-19 15:54:37', '2025-08-19 15:54:37'),
(1113, 'BONE TANG', 'INST-E1AEAC6DF2', 9, 4, '', NULL, 'tersedia', NULL, 1, '2025-08-19 15:54:37', '2025-08-19 15:54:37'),
(1114, 'COBRA', 'INST-6C03F7EF48', 9, 4, '', NULL, 'tersedia', NULL, 1, '2025-08-19 15:54:37', '2025-08-19 15:54:37'),
(1115, 'GUNTING STANDART', 'INST-55C5C4B238', 9, 4, '', NULL, 'tersedia', NULL, 1, '2025-08-19 15:54:37', '2025-08-19 15:54:37'),
(1116, 'HAK RUNCING  TUMPUL', 'INST-9FA88065ED', 9, 4, '', NULL, 'tersedia', NULL, 1, '2025-08-19 15:54:37', '2025-08-19 15:54:37'),
(1117, 'HAK LANGENBACK', 'INST-1F6D7B9AAB', 9, 4, '', NULL, 'tersedia', NULL, 1, '2025-08-19 15:54:37', '2025-08-19 15:54:37'),
(1118, 'HANDLE MESS NO. 3 DAN 4', 'INST-F1C039B05D', 9, 4, '', NULL, 'tersedia', NULL, 1, '2025-08-19 15:54:37', '2025-08-19 15:54:37'),
(1119, 'INTANDE HAAK', 'INST-67423E7E65', 9, 4, '', NULL, 'tersedia', NULL, 1, '2025-08-19 15:54:37', '2025-08-19 15:54:37'),
(1120, 'KNABLE', 'INST-893E939CB4', 9, 4, '', NULL, 'tersedia', NULL, 1, '2025-08-19 15:54:37', '2025-08-19 15:54:37'),
(1121, 'KOCHER  PANJANG', 'INST-6DF80B96D8', 9, 4, '', NULL, 'tersedia', NULL, 1, '2025-08-19 15:54:37', '2025-08-19 15:54:37'),
(1122, 'NALD VOELDER', 'INST-FC8E7064A6', 9, 4, '', NULL, 'tersedia', NULL, 1, '2025-08-19 15:54:37', '2025-08-19 15:54:37'),
(1123, 'NAMPAN / BENGKOK', 'INST-DCAD034207', 9, 4, '', NULL, 'tersedia', NULL, 1, '2025-08-19 15:54:37', '2025-08-19 15:54:37'),
(1124, 'PINZET ANATOMI', 'INST-379CEBD635', 9, 4, '', NULL, 'tersedia', NULL, 1, '2025-08-19 15:54:37', '2025-08-19 15:54:37'),
(1125, 'PINZET CIRURGIE', 'INST-A5F9FAFB81', 9, 4, '', NULL, 'tersedia', NULL, 1, '2025-08-19 15:54:37', '2025-08-19 15:54:37'),
(1126, 'RASPATARIUM', 'INST-B167F489DA', 9, 4, '', NULL, 'tersedia', NULL, 1, '2025-08-19 15:54:37', '2025-08-19 15:54:37'),
(1127, 'REDUCTION  (ULIR)', 'INST-93CBB344A7', 9, 4, '', NULL, 'tersedia', NULL, 1, '2025-08-19 15:54:37', '2025-08-19 15:54:37'),
(1128, 'REDUCTION  (KREK)', 'INST-A58EAFD765', 9, 4, '', NULL, 'tersedia', NULL, 1, '2025-08-19 15:54:37', '2025-08-19 15:54:37'),
(1129, 'RING TANG/PEAN PANJANG', 'INST-9AA3BF2721', 9, 4, '', NULL, 'tersedia', NULL, 1, '2025-08-19 15:54:37', '2025-08-19 15:54:37'),
(1130, 'SPEERRER HAAK', 'INST-22746E399D', 9, 4, '', NULL, 'tersedia', NULL, 1, '2025-08-19 15:54:37', '2025-08-19 15:54:37'),
(1131, 'VERBRUGGE', 'INST-D40F2499FE', 9, 4, '', NULL, 'tersedia', NULL, 1, '2025-08-19 15:54:37', '2025-08-19 15:54:37'),
(1132, 'ELEPATORIUM', 'INST-9626033C2B', 9, 4, '', NULL, 'tersedia', NULL, 1, '2025-08-19 15:54:37', '2025-08-19 15:54:37'),
(1133, 'MULER', 'INST-DF94603F22', 9, 4, '', NULL, 'tersedia', NULL, 1, '2025-08-19 15:54:37', '2025-08-19 15:54:37'),
(1134, 'TREEFORT', 'INST-71AADC747D', 9, 4, '', NULL, 'tersedia', NULL, 1, '2025-08-19 15:54:37', '2025-08-19 15:54:37'),
(1135, 'HAK FEMUR / CLOW HACK', 'INST-043A0787FF', 9, 4, '', NULL, 'tersedia', NULL, 1, '2025-08-19 15:54:37', '2025-08-19 15:54:37'),
(1136, 'VERBRUGGE KECIL-SDG', 'INST-85AEDF52E5', 9, 4, '', NULL, 'tersedia', NULL, 1, '2025-08-19 15:54:37', '2025-08-19 15:54:37'),
(1137, 'VERBRUGGE KECIL', 'INST-082FCF9685', 9, 4, '', NULL, 'tersedia', NULL, 1, '2025-08-19 15:54:37', '2025-08-19 15:54:37'),
(1138, 'KROM ARTERI KLEM', 'INST-64ABCCC14F', 9, 4, '', NULL, 'tersedia', NULL, 1, '2025-08-19 15:54:37', '2025-08-19 15:54:37'),
(1139, 'KLEM DANDY', 'INST-B4840DFC5E', 9, 4, '', NULL, 'tersedia', NULL, 1, '2025-08-19 15:54:37', '2025-08-19 15:54:37'),
(1140, 'KOCHER ARTERI KLEM', 'INST-05E9AD1BEF', 9, 4, '', NULL, 'tersedia', NULL, 1, '2025-08-19 15:54:37', '2025-08-19 15:54:37'),
(1141, 'PINCET ANATOMIS', 'INST-31C2566257', 9, 4, '', NULL, 'tersedia', NULL, 1, '2025-08-19 15:54:37', '2025-08-19 15:54:37'),
(1142, 'PINCET BAYONET', 'INST-0C053D90BA', 9, 4, '', NULL, 'tersedia', NULL, 1, '2025-08-19 15:54:37', '2025-08-19 15:54:37'),
(1143, 'GUNTING RUNCING LURUS', 'INST-10DBE616C7', 9, 4, '', NULL, 'tersedia', NULL, 1, '2025-08-19 15:54:37', '2025-08-19 15:54:37'),
(1144, 'HANDLE MESS NO. 4', 'INST-5C2A4A8445', 9, 4, '', NULL, 'tersedia', NULL, 1, '2025-08-19 15:54:37', '2025-08-19 15:54:37'),
(1145, 'ELEPATOR', 'INST-90D3DAF449', 9, 4, '', NULL, 'tersedia', NULL, 1, '2025-08-19 15:54:37', '2025-08-19 15:54:37'),
(1146, 'RAS KECIL/BESAR', 'INST-1AAE3EB4AF', 9, 4, '', NULL, 'tersedia', NULL, 1, '2025-08-19 15:54:37', '2025-08-19 15:54:37'),
(1147, 'KNABLE BENGKOK BERBAGAI UKURAN', 'INST-B5B604C250', 9, 4, '', NULL, 'tersedia', NULL, 1, '2025-08-19 15:54:37', '2025-08-19 15:54:37'),
(1148, 'MANDRIN', 'INST-976EB2BEAE', 9, 4, '', NULL, 'tersedia', NULL, 1, '2025-08-19 15:54:37', '2025-08-19 15:54:37'),
(1149, 'KANULE SUCTION', 'INST-557E584BA6', 9, 4, '', NULL, 'tersedia', NULL, 1, '2025-08-19 15:54:37', '2025-08-19 15:54:37'),
(1150, 'LANGEN HAK DOBLE', 'INST-82F8B539A6', 9, 4, '', NULL, 'tersedia', NULL, 1, '2025-08-19 15:54:37', '2025-08-19 15:54:37'),
(1151, 'SPIRER HAK', 'INST-27A12BB98C', 9, 4, '', NULL, 'tersedia', NULL, 1, '2025-08-19 15:54:37', '2025-08-19 15:54:37'),
(1152, 'REH', 'INST-BBAD7B9457', 9, 4, '', NULL, 'tersedia', NULL, 1, '2025-08-19 15:54:37', '2025-08-19 15:54:37'),
(1153, 'HAK RUNCING GIGI 6', 'INST-DC1CB471A8', 9, 4, '', NULL, 'tersedia', NULL, 1, '2025-08-19 15:54:37', '2025-08-19 15:54:37'),
(1154, 'HAK DURA', 'INST-18E9D92806', 9, 4, '', NULL, 'tersedia', NULL, 1, '2025-08-19 15:54:37', '2025-08-19 15:54:37'),
(1155, 'SPATLE', 'INST-4BB611FB2B', 9, 4, '', NULL, 'tersedia', NULL, 1, '2025-08-19 15:54:37', '2025-08-19 15:54:37'),
(1156, 'HANDLE GIGLI', 'INST-F6F1B06F15', 9, 4, '', NULL, 'tersedia', NULL, 1, '2025-08-19 15:54:37', '2025-08-19 15:54:37'),
(1157, 'WIRE', 'INST-7F07CFD380', 9, 4, '', NULL, 'tersedia', NULL, 1, '2025-08-19 15:54:37', '2025-08-19 15:54:37'),
(1158, 'PINCET CHIRURGIE KASAR / HALUS', 'INST-B35B982F8D', 9, 4, '', NULL, 'tersedia', NULL, 1, '2025-08-19 15:54:37', '2025-08-19 15:54:37'),
(1159, 'GUNTING TUMPUL LURUS', 'INST-9F6A85BA64', 9, 4, '', NULL, 'tersedia', NULL, 1, '2025-08-19 15:54:37', '2025-08-19 15:54:37'),
(1160, 'GUNTING DURA BENGKOK', 'INST-E9B292AFF0', 9, 4, '', NULL, 'tersedia', NULL, 1, '2025-08-19 15:54:37', '2025-08-19 15:54:37'),
(1161, 'BENGKOK', 'INST-CE4C1476AB', 9, 4, '', NULL, 'tersedia', NULL, 1, '2025-08-19 15:54:37', '2025-08-19 15:54:37'),
(1162, 'ELEPATORIUM BESAR /  KECIL --2 UJUNG', 'INST-7BE33864E9', 9, 4, '', NULL, 'tersedia', NULL, 1, '2025-08-19 15:54:37', '2025-08-19 15:54:37'),
(1163, 'RAS KECIL', 'INST-00318CAD58', 9, 4, '', NULL, 'tersedia', NULL, 1, '2025-08-19 15:54:37', '2025-08-19 15:54:37'),
(1164, 'RASHPATORIUM BESAR', 'INST-F648664228', 9, 4, '', NULL, 'tersedia', NULL, 1, '2025-08-19 15:54:37', '2025-08-19 15:54:37'),
(1165, 'KNABLE  BESAR / KECIL', 'INST-294D215D1B', 9, 4, '', NULL, 'tersedia', NULL, 1, '2025-08-19 15:54:37', '2025-08-19 15:54:37'),
(1166, 'SLEEV  SONDE', 'INST-424D8663CE', 9, 4, '', NULL, 'tersedia', NULL, 1, '2025-08-19 15:54:37', '2025-08-19 15:54:37'),
(1167, 'SPATLE HITAM', 'INST-333960547D', 9, 4, '', NULL, 'tersedia', NULL, 1, '2025-08-19 15:54:37', '2025-08-19 15:54:37'),
(1168, 'JARUM DANDY', 'INST-BB91C55F74', 9, 4, '', NULL, 'tersedia', NULL, 1, '2025-08-19 15:54:37', '2025-08-19 15:54:37'),
(1169, 'GUNTING METZEMBUM/ KECIL', 'INST-66F68A1EA4', 9, 4, '', NULL, 'tersedia', NULL, 1, '2025-08-19 15:54:37', '2025-08-19 15:54:37'),
(1170, 'KNABLE BENGKOK', 'INST-4C05F02080', 9, 4, '', NULL, 'tersedia', NULL, 1, '2025-08-19 15:54:37', '2025-08-19 15:54:37'),
(1171, 'HAK RUNCING GIGI 4', 'INST-CEA3C2DF67', 9, 4, '', NULL, 'tersedia', NULL, 1, '2025-08-19 15:54:37', '2025-08-19 15:54:37'),
(1172, 'BRAIN SPATLE', 'INST-BAB4156C27', 9, 4, '', NULL, 'tersedia', NULL, 1, '2025-08-19 15:54:37', '2025-08-19 15:54:37'),
(1173, 'KOKER PANJANG', 'INST-7F196A57FC', 9, 4, '', NULL, 'tersedia', NULL, 1, '2025-08-19 15:54:37', '2025-08-19 15:54:37'),
(1174, 'RASH-ELEPATORIUM BENGKOK', 'INST-E1EAEACB9F', 9, 4, '', NULL, 'tersedia', NULL, 1, '2025-08-19 15:54:37', '2025-08-19 15:54:37'),
(1175, 'RINGTANG', 'INST-8C27313BAD', 9, 4, '', NULL, 'tersedia', NULL, 1, '2025-08-19 15:54:37', '2025-08-19 15:54:37'),
(1176, 'BONE CURRET', 'INST-5832D0F66C', 9, 4, '', NULL, 'tersedia', NULL, 1, '2025-08-19 15:54:37', '2025-08-19 15:54:37'),
(1177, 'BENGKOK/NAMPAN', 'INST-C8B2B7ACE2', 9, 4, '', NULL, 'tersedia', NULL, 1, '2025-08-19 15:54:37', '2025-08-19 15:54:37'),
(1178, 'BRAIN SPATEL METAL', 'INST-D554921C75', 9, 4, '', NULL, 'tersedia', NULL, 1, '2025-08-19 15:54:37', '2025-08-19 15:54:37'),
(1179, 'CUCING / BENGKOK', 'INST-1C4B8E94D2', 9, 4, '', NULL, 'tersedia', NULL, 1, '2025-08-19 15:54:37', '2025-08-19 15:54:37'),
(1180, 'GUNTING HALUS (GUNTING VASKULAR)', 'INST-04E7554ED3', 9, 4, '', NULL, 'tersedia', NULL, 1, '2025-08-19 15:54:37', '2025-08-19 15:54:37'),
(1181, 'HAAK DURA', 'INST-8F49EC5122', 9, 4, '', NULL, 'tersedia', NULL, 1, '2025-08-19 15:54:37', '2025-08-19 15:54:37'),
(1182, 'HAAK RUNCING GIGI 6', 'INST-F8AC488392', 9, 4, '', NULL, 'tersedia', NULL, 1, '2025-08-19 15:54:37', '2025-08-19 15:54:37'),
(1183, 'HAAK SPEERER KECIL ( SPREDER )', 'INST-E4055AD709', 9, 4, '', NULL, 'tersedia', NULL, 1, '2025-08-19 15:54:37', '2025-08-19 15:54:37');
INSERT INTO `instruments` (`instrument_id`, `instrument_name`, `instrument_code`, `instrument_type_id`, `department_id`, `notes`, `image_filename`, `status`, `expiry_in_days`, `created_by_user_id`, `created_at`, `updated_at`) VALUES
(1184, 'HAAK TUMPUL  TAJAM', 'INST-1A076FF7F6', 9, 4, '', NULL, 'tersedia', NULL, 1, '2025-08-19 15:54:37', '2025-08-19 15:54:37'),
(1185, 'KNABLE', 'INST-146A53C792', 9, 4, '', NULL, 'tersedia', NULL, 1, '2025-08-19 15:54:37', '2025-08-19 15:54:37'),
(1186, 'KOCHER', 'INST-34024552C9', 9, 4, '', NULL, 'tersedia', NULL, 1, '2025-08-19 15:54:37', '2025-08-19 15:54:37'),
(1187, 'LANGEN HAK', 'INST-9390E52E85', 9, 4, '', NULL, 'tersedia', NULL, 1, '2025-08-19 15:54:37', '2025-08-19 15:54:37'),
(1188, 'PEAN PANJANG/REH', 'INST-6B64626BC1', 9, 4, '', NULL, 'tersedia', NULL, 1, '2025-08-19 15:54:37', '2025-08-19 15:54:37'),
(1189, 'PINSET BAYONET', 'INST-0869CADF11', 9, 4, '', NULL, 'tersedia', NULL, 1, '2025-08-19 15:54:37', '2025-08-19 15:54:37'),
(1190, 'RASHPATORIUM  ELEPATORIUM', 'INST-B1E09B5679', 9, 4, '', NULL, 'tersedia', NULL, 1, '2025-08-19 15:54:37', '2025-08-19 15:54:37'),
(1191, 'RASHPATORIUM BENGKOK  -  ELEPATORIUM', 'INST-06BDD706E8', 9, 4, '', NULL, 'tersedia', NULL, 1, '2025-08-19 15:54:37', '2025-08-19 15:54:37'),
(1192, 'RASHPATORIUM CELE', 'INST-89782689A1', 9, 4, '', NULL, 'tersedia', NULL, 1, '2025-08-19 15:54:37', '2025-08-19 15:54:37'),
(1193, 'SLIP SONDE', 'INST-C6EDDA446C', 9, 4, '', NULL, 'tersedia', NULL, 1, '2025-08-19 15:54:37', '2025-08-19 15:54:37'),
(1194, 'BABCOCK', 'INST-3B84AE8BD5', 9, 4, '', NULL, 'tersedia', NULL, 1, '2025-08-19 15:54:37', '2025-08-19 15:54:37'),
(1195, 'ELLYS KLEM', 'INST-021788686D', 9, 4, '', NULL, 'tersedia', NULL, 1, '2025-08-19 15:54:37', '2025-08-19 15:54:37'),
(1196, 'GUNTING METZEMBOM', 'INST-A996B90B9F', 9, 4, '', NULL, 'tersedia', NULL, 1, '2025-08-19 15:54:37', '2025-08-19 15:54:37'),
(1197, 'HAAK BESAR (BLAST SPECULUM)', 'INST-91CA40E3E9', 9, 4, '', NULL, 'tersedia', NULL, 1, '2025-08-19 15:54:37', '2025-08-19 15:54:37'),
(1198, 'HAAK RUNCING GIGI4', 'INST-DB5E5233A9', 9, 4, '', NULL, 'tersedia', NULL, 1, '2025-08-19 15:54:37', '2025-08-19 15:54:37'),
(1199, 'KOKER KEM KECIL', 'INST-6DFFC19601', 9, 4, '', NULL, 'tersedia', NULL, 1, '2025-08-19 15:54:37', '2025-08-19 15:54:37'),
(1200, 'KOKER KLEM PANJANG', 'INST-2258576911', 9, 4, '', NULL, 'tersedia', NULL, 1, '2025-08-19 15:54:37', '2025-08-19 15:54:37'),
(1201, 'KROMKLEM BESARBERGIGI', 'INST-2BCD85D342', 9, 4, '', NULL, 'tersedia', NULL, 1, '2025-08-19 15:54:37', '2025-08-19 15:54:37'),
(1202, 'KROMKLEM KECIL', 'INST-74C829BF98', 9, 4, '', NULL, 'tersedia', NULL, 1, '2025-08-19 15:54:37', '2025-08-19 15:54:37'),
(1203, 'KROMPANJANG', 'INST-F6B51924F9', 9, 4, '', NULL, 'tersedia', NULL, 1, '2025-08-19 15:54:37', '2025-08-19 15:54:37'),
(1204, 'KROVEESONDE', 'INST-600BA3C73D', 9, 4, '', NULL, 'tersedia', NULL, 1, '2025-08-19 15:54:37', '2025-08-19 15:54:37'),
(1205, 'LANGEN HAAK', 'INST-C934A2241D', 9, 4, '', NULL, 'tersedia', NULL, 1, '2025-08-19 15:54:37', '2025-08-19 15:54:37'),
(1206, 'PEAN ARTERIKLEMKECIL', 'INST-40332BAFD4', 9, 4, '', NULL, 'tersedia', NULL, 1, '2025-08-19 15:54:37', '2025-08-19 15:54:37'),
(1207, 'PERITONIUMKLEM', 'INST-A24F4EF560', 9, 4, '', NULL, 'tersedia', NULL, 1, '2025-08-19 15:54:37', '2025-08-19 15:54:37'),
(1208, 'SPERRERHAAK', 'INST-FEE5F04395', 9, 4, '', NULL, 'tersedia', NULL, 1, '2025-08-19 15:54:37', '2025-08-19 15:54:37'),
(1209, 'TROICART', 'INST-83EF84073C', 9, 4, '', NULL, 'tersedia', NULL, 1, '2025-08-19 15:54:37', '2025-08-19 15:54:37'),
(1210, 'PEAN ARTERIKLEMKECILLURUS', 'INST-8113468A19', 9, 4, '', NULL, 'tersedia', NULL, 1, '2025-08-19 15:54:37', '2025-08-19 15:54:37'),
(1211, 'PEAN ARTERIKLEMKECIL BENGKOK', 'INST-4AF5E4E639', 9, 4, '', NULL, 'tersedia', NULL, 1, '2025-08-19 15:54:37', '2025-08-19 15:54:37'),
(1212, 'KOKER ARTERIKLEMKECILLURUS', 'INST-237F8E482C', 9, 4, '', NULL, 'tersedia', NULL, 1, '2025-08-19 15:54:37', '2025-08-19 15:54:37'),
(1213, 'ANATOMIPINCETKECIL', 'INST-46495D025A', 9, 4, '', NULL, 'tersedia', NULL, 1, '2025-08-19 15:54:37', '2025-08-19 15:54:37'),
(1214, 'ANATOMIPINCETUJUNG RUNCING', 'INST-A6B44C55EE', 9, 4, '', NULL, 'tersedia', NULL, 1, '2025-08-19 15:54:37', '2025-08-19 15:54:37'),
(1215, 'CHIRURGI PINCET KECIL UJUNG RUNCING', 'INST-45DBB55845', 9, 4, '', NULL, 'tersedia', NULL, 1, '2025-08-19 15:54:37', '2025-08-19 15:54:37'),
(1216, 'CHIRURGI PINCET KECIL', 'INST-0109432321', 9, 4, '', NULL, 'tersedia', NULL, 1, '2025-08-19 15:54:37', '2025-08-19 15:54:37'),
(1217, 'GUNTINGTUMPULTUMPUL LURUS', 'INST-D81B23E0EC', 9, 4, '', NULL, 'tersedia', NULL, 1, '2025-08-19 15:54:37', '2025-08-19 15:54:37'),
(1218, 'GUNTINGTUMPULTUMPUL RUNCING', 'INST-7180C92601', 9, 4, '', NULL, 'tersedia', NULL, 1, '2025-08-19 15:54:37', '2025-08-19 15:54:37'),
(1219, 'GUNTING METZEMBOMKECILBENGKOK', 'INST-1787E9F239', 9, 4, '', NULL, 'tersedia', NULL, 1, '2025-08-19 15:54:37', '2025-08-19 15:54:37'),
(1220, 'LANGEN HAKDOBELTANGGUNG', 'INST-C13EEF2DDC', 9, 4, '', NULL, 'tersedia', NULL, 1, '2025-08-19 15:54:37', '2025-08-19 15:54:37'),
(1221, 'HAAK OBGYN TANGGUNG', 'INST-B882E4B485', 9, 4, '', NULL, 'tersedia', NULL, 1, '2025-08-19 15:54:37', '2025-08-19 15:54:37'),
(1222, 'HAAK RUNCING TUMPUL GIGI3', 'INST-16587B8AA0', 9, 4, '', NULL, 'tersedia', NULL, 1, '2025-08-19 15:54:37', '2025-08-19 15:54:37'),
(1223, 'CUCING BESAR', 'INST-748BD69EE1', 9, 4, '', NULL, 'tersedia', NULL, 1, '2025-08-19 15:54:37', '2025-08-19 15:54:37'),
(1224, 'SLEVEE SONDE', 'INST-66E8BCFD11', 9, 4, '', NULL, 'tersedia', NULL, 1, '2025-08-19 15:54:37', '2025-08-19 15:54:37'),
(1225, 'PERITONIUMKLEMKECIL', 'INST-699431C3BA', 9, 4, '', NULL, 'tersedia', NULL, 1, '2025-08-19 15:54:37', '2025-08-19 15:54:37'),
(1226, 'CANUL SUCTION', 'INST-39E2C2F227', 9, 4, '', NULL, 'tersedia', NULL, 1, '2025-08-19 15:54:37', '2025-08-19 15:54:37'),
(1227, 'KOCHER ARTERI KLEM (KECIL)', 'INST-1CC18A0594', 9, 4, '', NULL, 'tersedia', NULL, 1, '2025-08-19 15:54:37', '2025-08-19 15:54:37'),
(1228, 'KROOMKLEM (KECIL)', 'INST-C7812AEBF8', 9, 4, '', NULL, 'tersedia', NULL, 1, '2025-08-19 15:54:37', '2025-08-19 15:54:37'),
(1229, 'PINZET ANATOMY', 'INST-7254A01BC3', 9, 4, '', NULL, 'tersedia', NULL, 1, '2025-08-19 15:54:37', '2025-08-19 15:54:37'),
(1230, 'PINCETCHIRURGIE', 'INST-A78C9D9EDF', 9, 4, '', NULL, 'tersedia', NULL, 1, '2025-08-19 15:54:37', '2025-08-19 15:54:37'),
(1231, 'HAK TAJAM TUMPUL(KECIL)', 'INST-F21E6B605F', 9, 4, '', NULL, 'tersedia', NULL, 1, '2025-08-19 15:54:37', '2025-08-19 15:54:37'),
(1232, 'HAK TANGGUNG', 'INST-FB48AFE063', 9, 4, '', NULL, 'tersedia', NULL, 1, '2025-08-19 15:54:37', '2025-08-19 15:54:37'),
(1233, 'HAK KECIL', 'INST-581EAAE529', 9, 4, '', NULL, 'tersedia', NULL, 1, '2025-08-19 15:54:37', '2025-08-19 15:54:37'),
(1234, 'HAK RUNCING 3', 'INST-B1DF89B77F', 9, 4, '', NULL, 'tersedia', NULL, 1, '2025-08-19 15:54:37', '2025-08-19 15:54:37'),
(1235, 'INTANDE HAK', 'INST-BCD0065ED1', 9, 4, '', NULL, 'tersedia', NULL, 1, '2025-08-19 15:54:37', '2025-08-19 15:54:37'),
(1236, 'INTANDE HACK TAJAM', 'INST-4EA8B736C0', 9, 4, '', NULL, 'tersedia', NULL, 1, '2025-08-19 15:54:37', '2025-08-19 15:54:37'),
(1237, 'CANULA SUCTION', 'INST-F33B09C051', 9, 4, '', NULL, 'tersedia', NULL, 1, '2025-08-19 15:54:37', '2025-08-19 15:54:37'),
(1238, 'PEAN', 'INST-AF1E98C22C', 9, 4, '', NULL, 'tersedia', NULL, 1, '2025-08-19 15:54:37', '2025-08-19 15:54:37'),
(1239, 'CROOM', 'INST-9307AD603C', 9, 4, '', NULL, 'tersedia', NULL, 1, '2025-08-19 15:54:37', '2025-08-19 15:54:37'),
(1240, 'COCKER', 'INST-1F45F15202', 9, 4, '', NULL, 'tersedia', NULL, 1, '2025-08-19 15:54:37', '2025-08-19 15:54:37'),
(1241, 'COCKER PANJANG', 'INST-D1521B6DC1', 9, 4, '', NULL, 'tersedia', NULL, 1, '2025-08-19 15:54:37', '2025-08-19 15:54:37'),
(1242, 'CROOM PANJANG', 'INST-D06362B748', 9, 4, '', NULL, 'tersedia', NULL, 1, '2025-08-19 15:54:37', '2025-08-19 15:54:37'),
(1243, 'DUK KLEM', 'INST-DFCD416B28', 9, 4, '', NULL, 'tersedia', NULL, 1, '2025-08-19 15:54:37', '2025-08-19 15:54:37'),
(1244, 'ELISS KLEM', 'INST-6F2F0C6089', 9, 4, '', NULL, 'tersedia', NULL, 1, '2025-08-19 15:54:37', '2025-08-19 15:54:37'),
(1245, 'BAB COCK', 'INST-123821CD20', 9, 4, '', NULL, 'tersedia', NULL, 1, '2025-08-19 15:54:37', '2025-08-19 15:54:37'),
(1246, 'MECHOLIC', 'INST-36080E9570', 9, 4, '', NULL, 'tersedia', NULL, 1, '2025-08-19 15:54:37', '2025-08-19 15:54:37'),
(1247, 'DARM KLEM LURUS', 'INST-D043CE2CE7', 9, 4, '', NULL, 'tersedia', NULL, 1, '2025-08-19 15:54:37', '2025-08-19 15:54:37'),
(1248, 'DARM KLEM BENGKOK', 'INST-201B700594', 9, 4, '', NULL, 'tersedia', NULL, 1, '2025-08-19 15:54:37', '2025-08-19 15:54:37'),
(1249, 'PINSET ANATOMIS', 'INST-9AFD16FFF7', 9, 4, '', NULL, 'tersedia', NULL, 1, '2025-08-19 15:54:37', '2025-08-19 15:54:37'),
(1250, 'PINSET CIRURGIES', 'INST-06D673A8E4', 9, 4, '', NULL, 'tersedia', NULL, 1, '2025-08-19 15:54:37', '2025-08-19 15:54:37'),
(1251, 'HANDLE MESS NO 3', 'INST-83AA1FE482', 9, 4, '', NULL, 'tersedia', NULL, 1, '2025-08-19 15:54:37', '2025-08-19 15:54:37'),
(1252, 'LANGEN HAK DOUBLE', 'INST-29F36BDE2A', 9, 4, '', NULL, 'tersedia', NULL, 1, '2025-08-19 15:54:37', '2025-08-19 15:54:37'),
(1253, 'CANULE SUCSION', 'INST-26E6307B3D', 9, 4, '', NULL, 'tersedia', NULL, 1, '2025-08-19 15:54:37', '2025-08-19 15:54:37'),
(1254, 'SLEEVE SONDE', 'INST-12395CB4EB', 9, 4, '', NULL, 'tersedia', NULL, 1, '2025-08-19 15:54:37', '2025-08-19 15:54:37'),
(1255, 'CURETE', 'INST-E6D554BFC9', 9, 4, '', NULL, 'tersedia', NULL, 1, '2025-08-19 15:54:37', '2025-08-19 15:54:37'),
(1256, 'RIGHTANGEL', 'INST-B0FFC7DB4A', 9, 4, '', NULL, 'tersedia', NULL, 1, '2025-08-19 15:54:37', '2025-08-19 15:54:37'),
(1257, 'CROOP SONDE', 'INST-2CDD0A6136', 9, 4, '', NULL, 'tersedia', NULL, 1, '2025-08-19 15:54:37', '2025-08-19 15:54:37'),
(1258, 'KOKER kecil ARTERIKLEMKECILLURUS', 'INST-FFB0ED0CDA', 9, 4, '', NULL, 'tersedia', NULL, 1, '2025-08-19 15:54:37', '2025-08-19 15:54:37'),
(1259, 'KOKER TANGGUNG ARTERIKLEMKECILLURUS', 'INST-750648B079', 9, 4, '', NULL, 'tersedia', NULL, 1, '2025-08-19 15:54:37', '2025-08-19 15:54:37'),
(1260, 'PERITONIUM KLEM KECIL', 'INST-604C464B62', 9, 4, '', NULL, 'tersedia', NULL, 1, '2025-08-19 15:54:37', '2025-08-19 15:54:37'),
(1261, 'KOKER PANJANG LURUS', 'INST-1044DE9613', 9, 4, '', NULL, 'tersedia', NULL, 1, '2025-08-19 15:54:37', '2025-08-19 15:54:37'),
(1262, 'ANATOMI PINCET', 'INST-CDC9B36FC8', 9, 4, '', NULL, 'tersedia', NULL, 1, '2025-08-19 15:54:37', '2025-08-19 15:54:37'),
(1263, 'CHIRURGI PINCET', 'INST-BC030A8586', 9, 4, '', NULL, 'tersedia', NULL, 1, '2025-08-19 15:54:37', '2025-08-19 15:54:37'),
(1264, 'GUNTING TUMPULTUMPUL LURUS', 'INST-65A91421CC', 9, 4, '', NULL, 'tersedia', NULL, 1, '2025-08-19 15:54:37', '2025-08-19 15:54:37'),
(1265, 'GUNTING TUMPULRUNCING LURUS', 'INST-17A0D2D41C', 9, 4, '', NULL, 'tersedia', NULL, 1, '2025-08-19 15:54:37', '2025-08-19 15:54:37'),
(1266, 'CROP SONDE', 'INST-4622B70B8C', 9, 4, '', NULL, 'tersedia', NULL, 1, '2025-08-19 15:54:37', '2025-08-19 15:54:37'),
(1267, 'TONG SPATEL', 'INST-E05613703E', 9, 4, '', NULL, 'tersedia', NULL, 1, '2025-08-19 15:54:37', '2025-08-19 15:54:37'),
(1268, 'LANGEN BACK TUMPUL RUNCING', 'INST-FBB2188936', 9, 4, '', NULL, 'tersedia', NULL, 1, '2025-08-19 15:54:37', '2025-08-19 15:54:37'),
(1269, 'LANGEN BACK BESAR', 'INST-2E63BBB150', 9, 4, '', NULL, 'tersedia', NULL, 1, '2025-08-19 15:54:37', '2025-08-19 15:54:37'),
(1270, 'CURETASE', 'INST-9974B98BAF', 9, 4, '', NULL, 'tersedia', NULL, 1, '2025-08-19 15:54:37', '2025-08-19 15:54:37'),
(1271, 'CUCING', 'INST-ED6EDF0EFC', 9, 4, '', NULL, 'tersedia', NULL, 1, '2025-08-19 15:54:37', '2025-08-19 15:54:37'),
(1272, 'KNOPF SONDE', 'INST-9B13A5FED6', 9, 4, '', NULL, 'tersedia', NULL, 1, '2025-08-19 15:54:37', '2025-08-19 15:54:37'),
(1273, 'KROMKLEM BESAR', 'INST-26DC25A460', 9, 4, '', NULL, 'tersedia', NULL, 1, '2025-08-19 15:54:37', '2025-08-19 15:54:37'),
(1274, 'KOGELTANG', 'INST-B86CAF5D65', 9, 4, '', NULL, 'tersedia', NULL, 1, '2025-08-19 15:54:37', '2025-08-19 15:54:37'),
(1275, 'LANGEN HAAK DOBEL', 'INST-C4209ADA0B', 9, 4, '', NULL, 'tersedia', NULL, 1, '2025-08-19 15:54:37', '2025-08-19 15:54:37'),
(1276, 'LANHENHAAK', 'INST-6F655A5C85', 9, 4, '', NULL, 'tersedia', NULL, 1, '2025-08-19 15:54:37', '2025-08-19 15:54:37'),
(1277, 'HAAK RUNCING GIGI6', 'INST-2E272F3D69', 9, 4, '', NULL, 'tersedia', NULL, 1, '2025-08-19 15:54:37', '2025-08-19 15:54:37'),
(1278, 'TROYCARD', 'INST-A94B0E3994', 9, 4, '', NULL, 'tersedia', NULL, 1, '2025-08-19 15:54:37', '2025-08-19 15:54:37'),
(1279, 'MIYOMBOOR', 'INST-FA8A836818', 9, 4, '', NULL, 'tersedia', NULL, 1, '2025-08-19 15:54:37', '2025-08-19 15:54:37'),
(1280, 'SPATULA  PERITONIUM', 'INST-845C0E8523', 9, 4, '', NULL, 'tersedia', NULL, 1, '2025-08-19 15:54:37', '2025-08-19 15:54:37'),
(1281, 'FORCEP', 'INST-4F9F28FFDF', 9, 4, '', NULL, 'tersedia', NULL, 1, '2025-08-19 15:54:37', '2025-08-19 15:54:37'),
(1282, 'SPATULA ABDOMINAL/REFERDINE', 'INST-E17D5CE6A8', 9, 4, '', NULL, 'tersedia', NULL, 1, '2025-08-19 15:54:37', '2025-08-19 15:54:37'),
(1283, 'KROM BESAR', 'INST-A0125A4321', 9, 4, '', NULL, 'tersedia', NULL, 1, '2025-08-19 15:54:37', '2025-08-19 15:54:37'),
(1284, 'SPERRERHAK', 'INST-55EC206D43', 9, 4, '', NULL, 'tersedia', NULL, 1, '2025-08-19 15:54:37', '2025-08-19 15:54:37'),
(1285, 'SLEEV SONDE', 'INST-9B64B8D4F4', 9, 4, '', NULL, 'tersedia', NULL, 1, '2025-08-19 15:54:37', '2025-08-19 15:54:37'),
(1286, 'DARMKLEM LURUS2', 'INST-C13DAE27D1', 9, 4, '', NULL, 'tersedia', NULL, 1, '2025-08-19 15:54:37', '2025-08-19 15:54:37'),
(1287, 'NAMPAN', 'INST-422EF8E542', 9, 4, '', NULL, 'tersedia', NULL, 1, '2025-08-19 15:54:37', '2025-08-19 15:54:37'),
(1288, 'REFERDINE', 'INST-D026485D7F', 9, 4, '', NULL, 'tersedia', NULL, 1, '2025-08-19 15:54:37', '2025-08-19 15:54:37'),
(1289, 'KROOM KLEM (KECIL)', 'INST-E52116415A', 9, 4, '', NULL, 'tersedia', NULL, 1, '2025-08-19 15:54:37', '2025-08-19 15:54:37'),
(1290, 'KOCHER ARTERI KLEM (PANJANG)', 'INST-57CAE39CA1', 9, 4, '', NULL, 'tersedia', NULL, 1, '2025-08-19 15:54:37', '2025-08-19 15:54:37'),
(1291, 'KROOM KLEM (BESAR)', 'INST-EED960CFA1', 9, 4, '', NULL, 'tersedia', NULL, 1, '2025-08-19 15:54:37', '2025-08-19 15:54:37'),
(1292, 'PERITONEUM KLEM (VAN MEKULICZ)', 'INST-0359A52642', 9, 4, '', NULL, 'tersedia', NULL, 1, '2025-08-19 15:54:37', '2025-08-19 15:54:37'),
(1293, 'GUNTING METZEMBAUM', 'INST-24211CE2DA', 9, 4, '', NULL, 'tersedia', NULL, 1, '2025-08-19 15:54:37', '2025-08-19 15:54:37'),
(1294, 'GUNTING STANDART (TUMPUL  LURUS)', 'INST-4383B27FCC', 9, 4, '', NULL, 'tersedia', NULL, 1, '2025-08-19 15:54:37', '2025-08-19 15:54:37'),
(1295, 'GUNTING STANDART (TUMPUL  BENGKOK)', 'INST-D998C23B2D', 9, 4, '', NULL, 'tersedia', NULL, 1, '2025-08-19 15:54:37', '2025-08-19 15:54:37'),
(1296, 'LANGEN HAK DOUBLE', 'INST-BBAA4E378B', 9, 4, '', NULL, 'tersedia', NULL, 1, '2025-08-19 15:54:37', '2025-08-19 15:54:37'),
(1297, 'HAK BESAR /BLAS SPECULUM', 'INST-5F5A6F0D72', 9, 4, '', NULL, 'tersedia', NULL, 1, '2025-08-19 15:54:37', '2025-08-19 15:54:37'),
(1298, 'TROICORD', 'INST-C91798769D', 9, 4, '', NULL, 'tersedia', NULL, 1, '2025-08-19 15:54:37', '2025-08-19 15:54:37'),
(1299, 'MYOMA BOOR', 'INST-41E931893C', 9, 4, '', NULL, 'tersedia', NULL, 1, '2025-08-19 15:54:37', '2025-08-19 15:54:37'),
(1300, 'TONGUE SPATLE', 'INST-72F438FCED', 9, 4, '', NULL, 'tersedia', NULL, 1, '2025-08-19 15:54:37', '2025-08-19 15:54:37'),
(1301, 'CANULE SUCTION LOGAM', 'INST-629E6D0DF4', 9, 4, '', NULL, 'tersedia', NULL, 1, '2025-08-19 15:54:37', '2025-08-19 15:54:37'),
(1302, 'CUCING BESAR/KECIL', 'INST-839A560AF3', 9, 4, '', NULL, 'tersedia', NULL, 1, '2025-08-19 15:54:37', '2025-08-19 15:54:37'),
(1303, 'HAK OBGYN/TANGGUNG', 'INST-C83AD7FD15', 9, 4, '', NULL, 'tersedia', NULL, 1, '2025-08-19 15:54:37', '2025-08-19 15:54:37'),
(1304, 'PEAN ARTERI KLEM (KECIL)', 'INST-C5E6DD6EB6', 9, 4, '', NULL, 'tersedia', NULL, 1, '2025-08-19 15:54:37', '2025-08-19 15:54:37'),
(1305, 'KROOM KLEM (PANJANG)', 'INST-EDF013C355', 9, 4, '', NULL, 'tersedia', NULL, 1, '2025-08-19 15:54:37', '2025-08-19 15:54:37'),
(1306, 'PEAN ARTERI KLEM PANJANG (RECH)', 'INST-B3317ED962', 9, 4, '', NULL, 'tersedia', NULL, 1, '2025-08-19 15:54:37', '2025-08-19 15:54:37'),
(1307, 'HAK BESAR', 'INST-743945CE3E', 9, 4, '', NULL, 'tersedia', NULL, 1, '2025-08-19 15:54:37', '2025-08-19 15:54:37'),
(1308, 'LANGEN HAK TANGGUNG BEDAH/OBSGYN', 'INST-6BE65ABC4B', 9, 4, '', NULL, 'tersedia', NULL, 1, '2025-08-19 15:54:37', '2025-08-19 15:54:37'),
(1309, 'KOCHER (KECIL)', 'INST-EDD11D69E9', 9, 4, '', NULL, 'tersedia', NULL, 1, '2025-08-19 15:54:37', '2025-08-19 15:54:37'),
(1310, 'KOCHER (PANJANG)', 'INST-2F1CACF8D5', 9, 4, '', NULL, 'tersedia', NULL, 1, '2025-08-19 15:54:37', '2025-08-19 15:54:37'),
(1311, 'KROOM BESAR', 'INST-FE0BBB1DF2', 9, 4, '', NULL, 'tersedia', NULL, 1, '2025-08-19 15:54:37', '2025-08-19 15:54:37'),
(1312, 'PEAN (KECIL)', 'INST-43C2D8C0C6', 9, 4, '', NULL, 'tersedia', NULL, 1, '2025-08-19 15:54:37', '2025-08-19 15:54:37'),
(1313, 'PEAN PANJANG (RECH)', 'INST-8427112734', 9, 4, '', NULL, 'tersedia', NULL, 1, '2025-08-19 15:54:37', '2025-08-19 15:54:37'),
(1314, 'PERITONEUM KLEM', 'INST-CB3F15880D', 9, 4, '', NULL, 'tersedia', NULL, 1, '2025-08-19 15:54:37', '2025-08-19 15:54:37'),
(1315, 'KROMKECIL', 'INST-7036C24149', 9, 4, '', NULL, 'tersedia', NULL, 1, '2025-08-19 15:54:37', '2025-08-19 15:54:37'),
(1316, 'KOKER ARTERIKLEM', 'INST-0F1B3394AC', 9, 4, '', NULL, 'tersedia', NULL, 1, '2025-08-19 15:54:37', '2025-08-19 15:54:37'),
(1317, 'ANATOMIPINCET', 'INST-52F7F19BF1', 9, 4, '', NULL, 'tersedia', NULL, 1, '2025-08-19 15:54:37', '2025-08-19 15:54:37'),
(1318, 'HANDLE MESS No.4', 'INST-10ED28A56E', 9, 4, '', NULL, 'tersedia', NULL, 1, '2025-08-19 15:54:37', '2025-08-19 15:54:37'),
(1319, 'GUNTING METZEMBOOM', 'INST-8B85F22ACD', 9, 4, '', NULL, 'tersedia', NULL, 1, '2025-08-19 15:54:37', '2025-08-19 15:54:37'),
(1320, 'KIKIRTULANG', 'INST-94194DF79F', 9, 4, '', NULL, 'tersedia', NULL, 1, '2025-08-19 15:54:37', '2025-08-19 15:54:37'),
(1321, 'RESPATHORIUM', 'INST-FADC5B9C25', 9, 4, '', NULL, 'tersedia', NULL, 1, '2025-08-19 15:54:37', '2025-08-19 15:54:37'),
(1322, 'ELEPATHORIUM', 'INST-EA0D1AF7EB', 9, 4, '', NULL, 'tersedia', NULL, 1, '2025-08-19 15:54:37', '2025-08-19 15:54:37'),
(1323, 'KNABELTANG', 'INST-F34BDE7705', 9, 4, '', NULL, 'tersedia', NULL, 1, '2025-08-19 15:54:37', '2025-08-19 15:54:37'),
(1324, 'CURRETAGE', 'INST-5298F39BBC', 9, 4, '', NULL, 'tersedia', NULL, 1, '2025-08-19 15:54:37', '2025-08-19 15:54:37'),
(1325, 'KOBRA SEDANG', 'INST-C0E32E1D6B', 9, 4, '', NULL, 'tersedia', NULL, 1, '2025-08-19 15:54:37', '2025-08-19 15:54:37'),
(1326, 'KOBRA BESAR', 'INST-C7D89DFDA0', 9, 4, '', NULL, 'tersedia', NULL, 1, '2025-08-19 15:54:37', '2025-08-19 15:54:37'),
(1327, 'BONETANG', 'INST-1DEADBC981', 9, 4, '', NULL, 'tersedia', NULL, 1, '2025-08-19 15:54:37', '2025-08-19 15:54:37'),
(1328, 'REDUCTION', 'INST-EC8D33C563', 9, 4, '', NULL, 'tersedia', NULL, 1, '2025-08-19 15:54:37', '2025-08-19 15:54:37'),
(1329, 'VERBUGER', 'INST-AA3ECBA029', 9, 4, '', NULL, 'tersedia', NULL, 1, '2025-08-19 15:54:37', '2025-08-19 15:54:37'),
(1330, 'TANGSQUESTER', 'INST-E66251E475', 9, 4, '', NULL, 'tersedia', NULL, 1, '2025-08-19 15:54:37', '2025-08-19 15:54:37'),
(1331, 'HAKFEMUR', 'INST-85FC6AD273', 9, 4, '', NULL, 'tersedia', NULL, 1, '2025-08-19 15:54:37', '2025-08-19 15:54:37'),
(1332, 'PEAN PANJANG', 'INST-B916CAA65A', 9, 4, '', NULL, 'tersedia', NULL, 1, '2025-08-19 15:54:37', '2025-08-19 15:54:37'),
(1333, 'KOKER SEDANG', 'INST-F7593C281C', 9, 4, '', NULL, 'tersedia', NULL, 1, '2025-08-19 15:54:37', '2025-08-19 15:54:37'),
(1334, 'R1NGTANG', 'INST-C2D9A1ADC6', 9, 4, '', NULL, 'tersedia', NULL, 1, '2025-08-19 15:54:37', '2025-08-19 15:54:37'),
(1335, 'KOBRATANGGUNG', 'INST-1AE367B215', 9, 4, '', NULL, 'tersedia', NULL, 1, '2025-08-19 15:54:37', '2025-08-19 15:54:37'),
(1336, 'LANGEN HAAK PANJANG', 'INST-E321B1C7B1', 9, 4, '', NULL, 'tersedia', NULL, 1, '2025-08-19 15:54:37', '2025-08-19 15:54:37'),
(1337, 'BONE TANG BUAYA', 'INST-19484CC258', 9, 4, '', NULL, 'tersedia', NULL, 1, '2025-08-19 15:54:37', '2025-08-19 15:54:37'),
(1338, 'WOND HAAK GIGI 3/2', 'INST-83C4F05F6F', 9, 4, '', NULL, 'tersedia', NULL, 1, '2025-08-19 15:54:37', '2025-08-19 15:54:37'),
(1339, 'KIKIR', 'INST-6BC43B6984', 9, 4, '', NULL, 'tersedia', NULL, 1, '2025-08-19 15:54:37', '2025-08-19 15:54:37'),
(1340, 'TREEFOOD', 'INST-939145ACC2', 9, 4, '', NULL, 'tersedia', NULL, 1, '2025-08-19 15:54:37', '2025-08-19 15:54:37'),
(1341, 'LANGENHAAKDOBEL(TUMPULGIGI2)', 'INST-F3B5DD7016', 9, 4, '', NULL, 'tersedia', NULL, 1, '2025-08-19 15:54:37', '2025-08-19 15:54:37'),
(1343, 'KOCHER ARTERI KLEM ( PANJANG )', 'INST-A71A286C0D', 9, 4, '', NULL, 'tersedia', NULL, 1, '2025-08-19 15:54:37', '2025-08-19 15:54:37'),
(1344, 'GUNTING STANDART ( TUMPUL  TUMPUL )', 'INST-419A30F336', 9, 4, '', NULL, 'tersedia', NULL, 1, '2025-08-19 15:54:37', '2025-08-19 15:54:37'),
(1345, 'RASPATARIUM  ELLEVATORIUM', 'INST-C0A8EBD6B7', 9, 4, '', NULL, 'tersedia', NULL, 1, '2025-08-19 15:54:37', '2025-08-19 15:54:37'),
(1346, 'COBRA KECIL', 'INST-3CEB519746', 9, 4, '', NULL, 'tersedia', NULL, 1, '2025-08-19 15:54:37', '2025-08-19 15:54:37'),
(1347, 'REDUCTION KECIL (KREK)', 'INST-0735B87226', 9, 4, '', NULL, 'tersedia', NULL, 1, '2025-08-19 15:54:37', '2025-08-19 15:54:37'),
(1348, 'REDUCTION  Kecil (ULIR)', 'INST-9132BB04FB', 9, 4, '', NULL, 'tersedia', NULL, 1, '2025-08-19 15:54:37', '2025-08-19 15:54:37'),
(1349, 'VERBRUGGE (KECIL)', 'INST-9ED00E99D0', 9, 4, '', NULL, 'tersedia', NULL, 1, '2025-08-19 15:54:37', '2025-08-19 15:54:37'),
(1350, 'VERBRUGGE (TANGGUNG)', 'INST-08A474CAD2', 9, 4, '', NULL, 'tersedia', NULL, 1, '2025-08-19 15:54:37', '2025-08-19 15:54:37'),
(1351, 'BONE CURETTES / SCARFLE LAFEL', 'INST-E972F82CAF', 9, 4, '', NULL, 'tersedia', NULL, 1, '2025-08-19 15:54:37', '2025-08-19 15:54:37'),
(1352, 'CANULE ZUIGHT APPARAT', 'INST-DCE2B2F26E', 9, 4, '', NULL, 'tersedia', NULL, 1, '2025-08-19 15:54:37', '2025-08-19 15:54:37'),
(1353, 'HAK RUNCING GIGI 2', 'INST-9A797DC16D', 9, 4, '', NULL, 'tersedia', NULL, 1, '2025-08-19 15:54:37', '2025-08-19 15:54:37'),
(1354, 'KOCHER KECIL', 'INST-E702603B89', 9, 4, '', NULL, 'tersedia', NULL, 1, '2025-08-19 15:54:37', '2025-08-19 15:54:37'),
(1355, 'PEAN KECIL', 'INST-E19016CE5C', 9, 4, '', NULL, 'tersedia', NULL, 1, '2025-08-19 15:54:37', '2025-08-19 15:54:37'),
(1356, 'PICET ANATOMIS', 'INST-4F64094473', 9, 4, '', NULL, 'tersedia', NULL, 1, '2025-08-19 15:54:37', '2025-08-19 15:54:37'),
(1357, 'PINCET CIRURGY', 'INST-7BD4A8A8C1', 9, 4, '', NULL, 'tersedia', NULL, 1, '2025-08-19 15:54:37', '2025-08-19 15:54:37'),
(1358, 'PINCET MANIS', 'INST-35116CFB64', 9, 4, '', NULL, 'tersedia', NULL, 1, '2025-08-19 15:54:37', '2025-08-19 15:54:37'),
(1359, 'PINSET HALUS PEMBULUH DARAH', 'INST-8740F80150', 9, 4, '', NULL, 'tersedia', NULL, 1, '2025-08-19 15:54:37', '2025-08-19 15:54:37'),
(1360, 'ITANDE HAK', 'INST-A0472EBEE4', 9, 4, '', NULL, 'tersedia', NULL, 1, '2025-08-19 15:54:37', '2025-08-19 15:54:37'),
(1361, 'SPEARER HAK', 'INST-354F595C4C', 9, 4, '', NULL, 'tersedia', NULL, 1, '2025-08-19 15:54:37', '2025-08-19 15:54:37'),
(1362, 'PROBE', 'INST-5219FE1A0F', 9, 4, '', NULL, 'tersedia', NULL, 1, '2025-08-19 15:54:37', '2025-08-19 15:54:37'),
(1363, 'RASPATORIUM KECIL', 'INST-A98F74697C', 9, 4, '', NULL, 'tersedia', NULL, 1, '2025-08-19 15:54:37', '2025-08-19 15:54:37'),
(1364, 'NALPOUDER', 'INST-9E8E93C23B', 9, 4, '', NULL, 'tersedia', NULL, 1, '2025-08-19 15:54:37', '2025-08-19 15:54:37'),
(1365, 'CANUL SUCTION BESAR /KECIL', 'INST-A134C859F5', 9, 4, '', NULL, 'tersedia', NULL, 1, '2025-08-19 15:54:37', '2025-08-19 15:54:37'),
(1366, 'HANDLE MES NO 3 LURUS/BENGKOK', 'INST-0FB1008D73', 9, 4, '', NULL, 'tersedia', NULL, 1, '2025-08-19 15:54:37', '2025-08-19 15:54:37'),
(1367, 'HANDLE MES NO 4', 'INST-B23BFEBDD7', 9, 4, '', NULL, 'tersedia', NULL, 1, '2025-08-19 15:54:37', '2025-08-19 15:54:37'),
(1368, 'BONE CURRET BENGKOK', 'INST-EE1C456D55', 9, 4, '', NULL, 'tersedia', NULL, 1, '2025-08-19 15:54:37', '2025-08-19 15:54:37'),
(1369, 'CANABLE BENGKOK/ LURUS BESAR', 'INST-15FF14DE35', 9, 4, '', NULL, 'tersedia', NULL, 1, '2025-08-19 15:54:37', '2025-08-19 15:54:37'),
(1370, 'ROAD DESECTOR PANJANG/PENDEK', 'INST-63321022F1', 9, 4, '', NULL, 'tersedia', NULL, 1, '2025-08-19 15:54:37', '2025-08-19 15:54:37'),
(1371, 'TELLER', 'INST-9DDA1FD17A', 9, 4, '', NULL, 'tersedia', NULL, 1, '2025-08-19 15:54:37', '2025-08-19 15:54:37'),
(1372, 'GALPHY', 'INST-DC23CC80CE', 9, 4, '', NULL, 'tersedia', NULL, 1, '2025-08-19 15:54:37', '2025-08-19 15:54:37'),
(1373, 'KOOP BESAR/SEDANG/KECIL', 'INST-C82900DF36', 9, 4, '', NULL, 'tersedia', NULL, 1, '2025-08-19 15:54:37', '2025-08-19 15:54:37'),
(1374, 'ROUNGGER/KETILIEN UP, DOWN,HORIZONE BITE', 'INST-4EB61363A1', 9, 4, '', NULL, 'tersedia', NULL, 1, '2025-08-19 15:54:37', '2025-08-19 15:54:37'),
(1375, 'BANDING', 'INST-99A13FDF65', 9, 4, '', NULL, 'tersedia', NULL, 1, '2025-08-19 15:54:37', '2025-08-19 15:54:37'),
(1376, 'KRISEN 1,2,3,4,5', 'INST-0AFCC6F160', 9, 4, '', NULL, 'tersedia', NULL, 1, '2025-08-19 15:54:37', '2025-08-19 15:54:37'),
(1377, 'SCREW DRIVER', 'INST-A3C87FF69E', 9, 4, '', NULL, 'tersedia', NULL, 1, '2025-08-19 15:54:37', '2025-08-19 15:54:37'),
(1378, 'DISTRAKTOR LAMINA', 'INST-893CB362C5', 9, 4, '', NULL, 'tersedia', NULL, 1, '2025-08-19 15:54:37', '2025-08-19 15:54:37'),
(1379, 'KING KOHN', 'INST-E9E6022F5F', 9, 4, '', NULL, 'tersedia', NULL, 1, '2025-08-19 15:54:37', '2025-08-19 15:54:37'),
(1380, 'KROM  TANGGUNG', 'INST-B3EBCDE8AB', 9, 4, '', NULL, 'tersedia', NULL, 1, '2025-08-19 15:54:37', '2025-08-19 15:54:37'),
(1381, 'KOCHER LURUS', 'INST-3F3741DB65', 9, 4, '', NULL, 'tersedia', NULL, 1, '2025-08-19 15:54:37', '2025-08-19 15:54:37'),
(1382, 'KOCHER BENGKOK', 'INST-F21B600FB2', 9, 4, '', NULL, 'tersedia', NULL, 1, '2025-08-19 15:54:37', '2025-08-19 15:54:37'),
(1383, 'RINGTANG', 'INST-06BFF8CFF5', 9, 4, '', NULL, 'tersedia', NULL, 1, '2025-08-19 15:54:37', '2025-08-19 15:54:37'),
(1384, 'VERBUGE KECIL', 'INST-854BD5F0C0', 9, 4, '', NULL, 'tersedia', NULL, 1, '2025-08-19 15:54:37', '2025-08-19 15:54:37'),
(1385, 'VERBUGE SEDANG', 'INST-E68D95160D', 9, 4, '', NULL, 'tersedia', NULL, 1, '2025-08-19 15:54:37', '2025-08-19 15:54:37'),
(1386, 'REDUCTION KECIL', 'INST-DFFEC31047', 9, 4, '', NULL, 'tersedia', NULL, 1, '2025-08-19 15:54:37', '2025-08-19 15:54:37'),
(1387, 'REDUCTION SEDANG', 'INST-D09ACAB9F6', 9, 4, '', NULL, 'tersedia', NULL, 1, '2025-08-19 15:54:37', '2025-08-19 15:54:37'),
(1388, 'HAK TAJAM TUMPUL', 'INST-214ADF5E28', 9, 4, '', NULL, 'tersedia', NULL, 1, '2025-08-19 15:54:37', '2025-08-19 15:54:37'),
(1389, 'HAK TANGGUNG', 'INST-7234ADE629', 9, 4, '', NULL, 'tersedia', NULL, 1, '2025-08-19 15:54:37', '2025-08-19 15:54:37'),
(1390, 'SLOOP SONDE', 'INST-BC750CBFE9', 9, 4, '', NULL, 'tersedia', NULL, 1, '2025-08-19 15:54:37', '2025-08-19 15:54:37'),
(1391, 'SPREAR HAK', 'INST-A97FF816F2', 9, 4, '', NULL, 'tersedia', NULL, 1, '2025-08-19 15:54:37', '2025-08-19 15:54:37'),
(1392, 'RASPATORIUM', 'INST-19C472901C', 9, 4, '', NULL, 'tersedia', NULL, 1, '2025-08-19 15:54:37', '2025-08-19 15:54:37'),
(1393, 'HANDLE MES NO 3', 'INST-162C1976FB', 9, 4, '', NULL, 'tersedia', NULL, 1, '2025-08-19 15:54:37', '2025-08-19 15:54:37'),
(1394, 'HAK TANGGUNG 2', 'INST-829B7AFCD4', 9, 4, '', NULL, 'tersedia', NULL, 1, '2025-08-19 15:54:37', '2025-08-19 15:54:37'),
(1395, 'HAK GIGI TAJAM', 'INST-72D65BB79C', 9, 4, '', NULL, 'tersedia', NULL, 1, '2025-08-19 15:54:37', '2025-08-19 15:54:37'),
(1396, 'ELEVATORIUM', 'INST-C0621D3773', 9, 4, '', NULL, 'tersedia', NULL, 1, '2025-08-19 15:54:37', '2025-08-19 15:54:37'),
(1397, 'CANUL SUCTION KECIL/BESAR', 'INST-7E4C879878', 9, 4, '', NULL, 'tersedia', NULL, 1, '2025-08-19 15:54:37', '2025-08-19 15:54:37'),
(1398, 'KROM BESAR / RIGH ANGEL', 'INST-2F2B77B566', 9, 4, '', NULL, 'tersedia', NULL, 1, '2025-08-19 15:54:37', '2025-08-19 15:54:37'),
(1399, 'PEAN BESAR', 'INST-52AD552428', 9, 4, '', NULL, 'tersedia', NULL, 1, '2025-08-19 15:54:37', '2025-08-19 15:54:37'),
(1400, 'LANGEN BACK DOBLE', 'INST-02F1C90303', 9, 4, '', NULL, 'tersedia', NULL, 1, '2025-08-19 15:54:37', '2025-08-19 15:54:37'),
(1401, 'HAK KECIL TUMPUL', 'INST-6108F894AB', 9, 4, '', NULL, 'tersedia', NULL, 1, '2025-08-19 15:54:37', '2025-08-19 15:54:37'),
(1402, 'RASPATORIUM-ELEVATORIUM', 'INST-F4E6E20818', 9, 4, '', NULL, 'tersedia', NULL, 1, '2025-08-19 15:54:37', '2025-08-19 15:54:37'),
(1403, 'BON CURRET', 'INST-3E322ED8D2', 9, 4, '', NULL, 'tersedia', NULL, 1, '2025-08-19 15:54:37', '2025-08-19 15:54:37'),
(1404, 'NALVOUDER', 'INST-2105F47265', 9, 4, '', NULL, 'tersedia', NULL, 1, '2025-08-19 15:54:37', '2025-08-19 15:54:37'),
(1405, 'KROM SEDANG', 'INST-300FAA161B', 9, 4, '', NULL, 'tersedia', NULL, 1, '2025-08-19 15:54:37', '2025-08-19 15:54:37'),
(1406, 'VERBUGE', 'INST-8D1FB0ED9A', 9, 4, '', NULL, 'tersedia', NULL, 1, '2025-08-19 15:54:37', '2025-08-19 15:54:37'),
(1407, 'REDUCTION TANGGUNG', 'INST-9510129F1E', 9, 4, '', NULL, 'tersedia', NULL, 1, '2025-08-19 15:54:37', '2025-08-19 15:54:37'),
(1408, 'BONE FORCEP', 'INST-0B8955AB26', 9, 4, '', NULL, 'tersedia', NULL, 1, '2025-08-19 15:54:37', '2025-08-19 15:54:37'),
(1409, 'RING KLEM', 'INST-613FC37B93', 9, 4, '', NULL, 'tersedia', NULL, 1, '2025-08-19 15:54:37', '2025-08-19 15:54:37'),
(1410, 'LANGEN BACK', 'INST-F8494EF94D', 9, 4, '', NULL, 'tersedia', NULL, 1, '2025-08-19 15:54:37', '2025-08-19 15:54:37'),
(1411, 'HAK TAJAM', 'INST-E5ED9A3F6B', 9, 4, '', NULL, 'tersedia', NULL, 1, '2025-08-19 15:54:37', '2025-08-19 15:54:37'),
(1412, 'RASPATORIUM ELEVATOR', 'INST-1A28B2231F', 9, 4, '', NULL, 'tersedia', NULL, 1, '2025-08-19 15:54:37', '2025-08-19 15:54:37'),
(1413, 'COBRA', 'INST-B6DB75ED99', 9, 4, '', NULL, 'tersedia', NULL, 1, '2025-08-19 15:54:37', '2025-08-19 15:54:37'),
(1414, 'MULLER', 'INST-C4C7821B14', 9, 4, '', NULL, 'tersedia', NULL, 1, '2025-08-19 15:54:37', '2025-08-19 15:54:37'),
(1415, 'TANG CUCUT', 'INST-16971DAB9A', 9, 4, '', NULL, 'tersedia', NULL, 1, '2025-08-19 15:54:37', '2025-08-19 15:54:37'),
(1416, 'PEAN LURUS', 'INST-DC84E345CE', 9, 4, '', NULL, 'tersedia', NULL, 1, '2025-08-19 15:54:37', '2025-08-19 15:54:37'),
(1417, 'HAK GIGI TAJAM 4', 'INST-E38ECC7C32', 9, 4, '', NULL, 'tersedia', NULL, 1, '2025-08-19 15:54:37', '2025-08-19 15:54:37'),
(1418, 'HAK GIGI TAJAM 2', 'INST-70D349CA20', 9, 4, '', NULL, 'tersedia', NULL, 1, '2025-08-19 15:54:37', '2025-08-19 15:54:37'),
(1419, 'ELEPATORIUM', 'INST-0F24C5A9A4', 9, 4, '', NULL, 'tersedia', NULL, 1, '2025-08-19 15:54:37', '2025-08-19 15:54:37'),
(1420, 'KOCHER TANGGUNG', 'INST-E99AFB9490', 9, 4, '', NULL, 'tersedia', NULL, 1, '2025-08-19 15:54:37', '2025-08-19 15:54:37'),
(1421, 'KOCHER BESAR', 'INST-60BCC8CF13', 9, 4, '', NULL, 'tersedia', NULL, 1, '2025-08-19 15:54:37', '2025-08-19 15:54:37'),
(1422, 'KOCHER PANJANG BENGKOK', 'INST-3E53D5AC8B', 9, 4, '', NULL, 'tersedia', NULL, 1, '2025-08-19 15:54:37', '2025-08-19 15:54:37'),
(1423, 'PEAN ARTERI KLEM', 'INST-B48FC32596', 9, 4, '', NULL, 'tersedia', NULL, 1, '2025-08-19 15:54:37', '2025-08-19 15:54:37'),
(1424, 'VERBUGE BESAR', 'INST-33BF2910E6', 9, 4, '', NULL, 'tersedia', NULL, 1, '2025-08-19 15:54:37', '2025-08-19 15:54:37'),
(1425, 'REDUCTION BESAR', 'INST-0F88D74CBD', 9, 4, '', NULL, 'tersedia', NULL, 1, '2025-08-19 15:54:37', '2025-08-19 15:54:37'),
(1426, 'LANGEN HAK', 'INST-4D85E76B2D', 9, 4, '', NULL, 'tersedia', NULL, 1, '2025-08-19 15:54:37', '2025-08-19 15:54:37'),
(1427, 'HAK TAJAM GIGI 4', 'INST-BD3CBCDB0B', 9, 4, '', NULL, 'tersedia', NULL, 1, '2025-08-19 15:54:37', '2025-08-19 15:54:37'),
(1428, 'CLAW HAK GIGI 4 TUMPUL', 'INST-6D4E530033', 9, 4, '', NULL, 'tersedia', NULL, 1, '2025-08-19 15:54:37', '2025-08-19 15:54:37'),
(1429, 'HANDLE MES NO 3 /4', 'INST-D874872D80', 9, 4, '', NULL, 'tersedia', NULL, 1, '2025-08-19 15:54:37', '2025-08-19 15:54:37'),
(1430, 'COBRA BESAR', 'INST-FE7872E3DC', 9, 4, '', NULL, 'tersedia', NULL, 1, '2025-08-19 15:54:37', '2025-08-19 15:54:37'),
(1431, 'COBRA SEDANG', 'INST-1C6829996E', 9, 4, '', NULL, 'tersedia', NULL, 1, '2025-08-19 15:54:37', '2025-08-19 15:54:37'),
(1432, 'KOCHER PANJANG', 'INST-36A68071D5', 9, 4, '', NULL, 'tersedia', NULL, 1, '2025-08-19 15:54:37', '2025-08-19 15:54:37'),
(1433, 'HAK TAJAM GIGI 3', 'INST-D4B1CF0AA4', 9, 4, '', NULL, 'tersedia', NULL, 1, '2025-08-19 15:54:37', '2025-08-19 15:54:37'),
(1434, 'CLAW HAK GIGI 2TUMPUL', 'INST-E2C2DAED26', 9, 4, '', NULL, 'tersedia', NULL, 1, '2025-08-19 15:54:37', '2025-08-19 15:54:37'),
(1435, 'CUCING BESAR/ KECIL', 'INST-EC893A4DC9', 9, 4, '', NULL, 'tersedia', NULL, 1, '2025-08-19 15:54:37', '2025-08-19 15:54:37'),
(1436, 'KNABEL BESAR', 'INST-4683900C9F', 9, 4, '', NULL, 'tersedia', NULL, 1, '2025-08-19 15:54:37', '2025-08-19 15:54:37'),
(1437, 'LANGEN HAK DOUBLE SEDANG', 'INST-02D369B2E0', 9, 4, '', NULL, 'tersedia', NULL, 1, '2025-08-19 15:54:37', '2025-08-19 15:54:37'),
(1438, 'HAK TAJAM GIGI 2/3', 'INST-2408C35471', 9, 4, '', NULL, 'tersedia', NULL, 1, '2025-08-19 15:54:37', '2025-08-19 15:54:37'),
(1439, 'CUCING KECIL', 'INST-69BB59444C', 9, 4, '', NULL, 'tersedia', NULL, 1, '2025-08-19 15:54:37', '2025-08-19 15:54:37'),
(1440, 'LANGEN HAK SINGLE', 'INST-2FC2F9AB82', 9, 4, '', NULL, 'tersedia', NULL, 1, '2025-08-19 15:54:37', '2025-08-19 15:54:37'),
(1441, 'HAK TAJAM', 'INST-7062A49B88', 9, 4, '', NULL, 'tersedia', NULL, 1, '2025-08-19 15:54:37', '2025-08-19 15:54:37'),
(1442, 'CUCING BESAR /KECIL', 'INST-A9BFF76BD0', 9, 4, '', NULL, 'tersedia', NULL, 1, '2025-08-19 15:54:37', '2025-08-19 15:54:37'),
(1443, 'PROBE', 'INST-35292EE4C4', 9, 4, '', NULL, 'tersedia', NULL, 1, '2025-08-19 15:54:37', '2025-08-19 15:54:37'),
(1444, 'TROICORT', 'INST-BF4F11EEDD', 9, 4, '', NULL, 'tersedia', NULL, 1, '2025-08-19 15:54:37', '2025-08-19 15:54:37'),
(1445, 'CHIZER', 'INST-DDFBEAC064', 9, 4, '', NULL, 'tersedia', NULL, 1, '2025-08-19 15:54:37', '2025-08-19 15:54:37'),
(1446, 'GRASPER', 'INST-80C74F0E4E', 9, 4, '', NULL, 'tersedia', NULL, 1, '2025-08-19 15:54:37', '2025-08-19 15:54:37'),
(1447, 'GRASPER TAJAM', 'INST-E5CC372C74', 9, 4, '', NULL, 'tersedia', NULL, 1, '2025-08-19 15:54:37', '2025-08-19 15:54:37'),
(1448, 'PUNCH LURUS KECIL/SEDANG/BESAR', 'INST-CDA573ECC7', 9, 4, '', NULL, 'tersedia', NULL, 1, '2025-08-19 15:54:37', '2025-08-19 15:54:37'),
(1449, 'PUNCH BENGKOK KIRI', 'INST-1C6069446C', 9, 4, '', NULL, 'tersedia', NULL, 1, '2025-08-19 15:54:37', '2025-08-19 15:54:37'),
(1450, 'PUNCH BENGKOK KANAN', 'INST-59D463FCA1', 9, 4, '', NULL, 'tersedia', NULL, 1, '2025-08-19 15:54:37', '2025-08-19 15:54:37'),
(1451, 'RIGHTANGLE', 'INST-300CFC85C6', 9, 4, '', NULL, 'tersedia', NULL, 1, '2025-08-19 15:54:37', '2025-08-19 15:54:37'),
(1452, 'TROICORT BESAR/KECIL', 'INST-B0C098B5B2', 9, 4, '', NULL, 'tersedia', NULL, 1, '2025-08-19 15:54:37', '2025-08-19 15:54:37'),
(1453, 'GRASPER LEMBUT', 'INST-D583F3FA8E', 9, 4, '', NULL, 'tersedia', NULL, 1, '2025-08-19 15:54:37', '2025-08-19 15:54:37'),
(1454, 'PUNCH LURUS', 'INST-B33E6BA1A4', 9, 4, '', NULL, 'tersedia', NULL, 1, '2025-08-19 15:54:37', '2025-08-19 15:54:37'),
(1455, 'SHAVET', 'INST-698208AA98', 9, 4, '', NULL, 'tersedia', NULL, 1, '2025-08-19 15:54:37', '2025-08-19 15:54:37'),
(1456, 'MATA BOR', 'INST-AF1C7DBAB8', 9, 4, '', NULL, 'tersedia', NULL, 1, '2025-08-19 15:54:37', '2025-08-19 15:54:37'),
(1457, 'BLADE', 'INST-352B1B2A58', 9, 4, '', NULL, 'tersedia', NULL, 1, '2025-08-19 15:54:37', '2025-08-19 15:54:37'),
(1458, 'CURRET', 'INST-F873B11CD8', 9, 4, '', NULL, 'tersedia', NULL, 1, '2025-08-19 15:54:37', '2025-08-19 15:54:37'),
(1459, 'TUNDAN SLEPER', 'INST-42D0066750', 9, 4, '', NULL, 'tersedia', NULL, 1, '2025-08-19 15:54:37', '2025-08-19 15:54:37'),
(1460, 'MANELREM', 'INST-06787A684C', 9, 4, '', NULL, 'tersedia', NULL, 1, '2025-08-19 15:54:37', '2025-08-19 15:54:37'),
(1461, 'KROM BENGKOK', 'INST-AAC2FB1210', 9, 4, '', NULL, 'tersedia', NULL, 1, '2025-08-19 15:54:37', '2025-08-19 15:54:37'),
(1462, 'KLEM PEAN', 'INST-FF3C19EAB2', 9, 4, '', NULL, 'tersedia', NULL, 1, '2025-08-19 15:54:37', '2025-08-19 15:54:37'),
(1463, 'ELIS KLEM', 'INST-78F68D4532', 9, 4, '', NULL, 'tersedia', NULL, 1, '2025-08-19 15:54:37', '2025-08-19 15:54:37'),
(1464, 'TUMOR TANG', 'INST-E7C24034F7', 9, 4, '', NULL, 'tersedia', NULL, 1, '2025-08-19 15:54:37', '2025-08-19 15:54:37'),
(1465, 'LANGEN HAK TAJAM TUMPUL', 'INST-A8751A7257', 9, 4, '', NULL, 'tersedia', NULL, 1, '2025-08-19 15:54:37', '2025-08-19 15:54:37'),
(1466, 'ROLL HAK', 'INST-1A7E7CF031', 9, 4, '', NULL, 'tersedia', NULL, 1, '2025-08-19 15:54:37', '2025-08-19 15:54:37'),
(1467, 'STONE TANG', 'INST-8828B82294', 9, 4, '', NULL, 'tersedia', NULL, 1, '2025-08-19 15:54:37', '2025-08-19 15:54:37'),
(1468, 'KLEM PEAN KECIL', 'INST-7A27F72E28', 9, 4, '', NULL, 'tersedia', NULL, 1, '2025-08-19 15:54:37', '2025-08-19 15:54:37'),
(1469, 'PICET ANATOMIS MANIS', 'INST-61F1CC3E62', 9, 4, '', NULL, 'tersedia', NULL, 1, '2025-08-19 15:54:37', '2025-08-19 15:54:37'),
(1470, 'PINCET CIRURGY MANIS', 'INST-1E41FDF99A', 9, 4, '', NULL, 'tersedia', NULL, 1, '2025-08-19 15:54:37', '2025-08-19 15:54:37'),
(1471, 'HAK GINJAL', 'INST-F0EA7E0610', 9, 4, '', NULL, 'tersedia', NULL, 1, '2025-08-19 15:54:37', '2025-08-19 15:54:37'),
(1472, 'LANGEN BACK SINGLE', 'INST-E520E58746', 9, 4, '', NULL, 'tersedia', NULL, 1, '2025-08-19 15:54:37', '2025-08-19 15:54:37'),
(1473, 'LANGEN HAK kOMBINASI KECIL', 'INST-E411F1444E', 9, 4, '', NULL, 'tersedia', NULL, 1, '2025-08-19 15:54:37', '2025-08-19 15:54:37'),
(1474, 'RASPA', 'INST-E3F82CC95F', 9, 4, '', NULL, 'tersedia', NULL, 1, '2025-08-19 15:54:37', '2025-08-19 15:54:37'),
(1475, 'Yasargil Micro Sciss Bayo ST/ B 225 mm', 'INST-A1927F848F', 9, 4, '', NULL, 'tersedia', NULL, 1, '2025-08-19 15:54:37', '2025-08-19 15:54:37'),
(1476, 'Yasargil Micro Sciss Bayo ST/ BL 225 mm', 'INST-417960255A', 9, 4, '', NULL, 'tersedia', NULL, 1, '2025-08-19 15:54:37', '2025-08-19 15:54:37'),
(1477, 'Yasargil Micro Sciss dELBayo STS/ S 225 mm', 'INST-FADEAAA765', 9, 4, '', NULL, 'tersedia', NULL, 1, '2025-08-19 15:54:37', '2025-08-19 15:54:37'),
(1478, 'Yasargil Micro Sciss Bayoup-CVDS/ S 225 mmSTS/ S 225 mm', 'INST-D05D19AC86', 9, 4, '', NULL, 'tersedia', NULL, 1, '2025-08-19 15:54:37', '2025-08-19 15:54:37'),
(1479, 'Yasargil Micro Scissors STR 185 mm', 'INST-969604F13B', 9, 4, '', NULL, 'tersedia', NULL, 1, '2025-08-19 15:54:37', '2025-08-19 15:54:37'),
(1480, 'Yasargil Tumor Forceps 3mm 220 mm', 'INST-1B70577C50', 9, 4, '', NULL, 'tersedia', NULL, 1, '2025-08-19 15:54:37', '2025-08-19 15:54:37'),
(1481, 'Yasargil Tumor Forceps 5mm 220 mm', 'INST-9785A5034D', 9, 4, '', NULL, 'tersedia', NULL, 1, '2025-08-19 15:54:37', '2025-08-19 15:54:37'),
(1482, 'Yasargil Tumor Forceps serr 3mm 220 mm', 'INST-0D996F2EA4', 9, 4, '', NULL, 'tersedia', NULL, 1, '2025-08-19 15:54:37', '2025-08-19 15:54:37'),
(1483, 'Yasargil Tumor Forceps serr 5mm 220 mm', 'INST-AF54E89F9A', 9, 4, '', NULL, 'tersedia', NULL, 1, '2025-08-19 15:54:37', '2025-08-19 15:54:37'),
(1484, 'Yasargil Mikro Forceps', 'INST-FD60513E15', 9, 4, '', NULL, 'tersedia', NULL, 1, '2025-08-19 15:54:37', '2025-08-19 15:54:37'),
(1485, 'Yasargil Mikroform  Bayo Forceps 6mm 180 mm', 'INST-57ED99FCE8', 9, 4, '', NULL, 'tersedia', NULL, 1, '2025-08-19 15:54:37', '2025-08-19 15:54:37'),
(1486, 'Yasargil Mikroform  Bayo Forceps 1X2 180 mm', 'INST-856C7289ED', 9, 4, '', NULL, 'tersedia', NULL, 1, '2025-08-19 15:54:37', '2025-08-19 15:54:37'),
(1487, 'KOCHER KLEM', 'INST-142AF7A1B7', 9, 4, '', NULL, 'tersedia', NULL, 1, '2025-08-19 15:54:37', '2025-08-19 15:54:37'),
(1488, 'STONE TANG', 'INST-0B8C2041E1', 9, 4, '', NULL, 'tersedia', NULL, 1, '2025-08-19 15:54:37', '2025-08-19 15:54:37'),
(1489, 'LANGEN BAK', 'INST-344AB8CB45', 9, 4, '', NULL, 'tersedia', NULL, 1, '2025-08-19 15:54:37', '2025-08-19 15:54:37'),
(1490, 'HAK HAK TAJAM TUMPUL', 'INST-9C66572536', 9, 4, '', NULL, 'tersedia', NULL, 1, '2025-08-19 15:54:37', '2025-08-19 15:54:37'),
(1491, 'BON CURATAGE', 'INST-30FBB65A11', 9, 4, '', NULL, 'tersedia', NULL, 1, '2025-08-19 15:54:37', '2025-08-19 15:54:37'),
(1492, 'CANUL SUCTION SEDANG', 'INST-2A04AF2AFB', 9, 4, '', NULL, 'tersedia', NULL, 1, '2025-08-19 15:54:37', '2025-08-19 15:54:37'),
(1493, 'CANUL SUCTION KECIL', 'INST-C7368930FC', 9, 4, '', NULL, 'tersedia', NULL, 1, '2025-08-19 15:54:37', '2025-08-19 15:54:37'),
(1494, 'RIGHTANGEL KLEM', 'INST-04ABB339ED', 9, 4, '', NULL, 'tersedia', NULL, 1, '2025-08-19 15:54:37', '2025-08-19 15:54:37'),
(1495, 'DARM KLEM BENGKOK', 'INST-41792C846C', 9, 4, '', NULL, 'tersedia', NULL, 1, '2025-08-19 15:54:37', '2025-08-19 15:54:37'),
(1496, 'DARM KLEM LURUS', 'INST-62A4A140D8', 9, 4, '', NULL, 'tersedia', NULL, 1, '2025-08-19 15:54:37', '2025-08-19 15:54:37'),
(1497, 'HAK GIGI 4', 'INST-CD831999C1', 9, 4, '', NULL, 'tersedia', NULL, 1, '2025-08-19 15:54:37', '2025-08-19 15:54:37'),
(1498, 'SPREADER HAK', 'INST-CA5ABDE75C', 9, 4, '', NULL, 'tersedia', NULL, 1, '2025-08-19 15:54:37', '2025-08-19 15:54:37'),
(1499, 'SONDE', 'INST-05A62ED4AA', 9, 4, '', NULL, 'tersedia', NULL, 1, '2025-08-19 15:54:37', '2025-08-19 15:54:37'),
(1500, 'SLOP SONDE', 'INST-AB2EA4B9D5', 9, 4, '', NULL, 'tersedia', NULL, 1, '2025-08-19 15:54:37', '2025-08-19 15:54:37'),
(1501, 'KROM PANJANG', 'INST-C9F38E739A', 9, 4, '', NULL, 'tersedia', NULL, 1, '2025-08-19 15:54:37', '2025-08-19 15:54:37'),
(1502, 'KOCHER BESAR', 'INST-5FEC501A31', 9, 4, '', NULL, 'tersedia', NULL, 1, '2025-08-19 15:54:37', '2025-08-19 15:54:37'),
(1503, 'STONE TANG  RENAL', 'INST-6E4AAC7761', 9, 4, '', NULL, 'tersedia', NULL, 1, '2025-08-19 15:54:37', '2025-08-19 15:54:37'),
(1504, 'STONE TANG  BENGKOK', 'INST-0975B26D92', 9, 4, '', NULL, 'tersedia', NULL, 1, '2025-08-19 15:54:37', '2025-08-19 15:54:37'),
(1505, 'PICET CIRURGIE', 'INST-C10BD7E1DE', 9, 4, '', NULL, 'tersedia', NULL, 1, '2025-08-19 15:54:37', '2025-08-19 15:54:37'),
(1506, 'HAK GINJAL', 'INST-58E07FCDD7', 9, 4, '', NULL, 'tersedia', NULL, 1, '2025-08-19 15:54:37', '2025-08-19 15:54:37'),
(1507, 'STONE TANG  LURUS', 'INST-B3C45C356E', 9, 4, '', NULL, 'tersedia', NULL, 1, '2025-08-19 15:54:37', '2025-08-19 15:54:37'),
(1508, 'PICET MANIS', 'INST-CCDE12F21B', 9, 4, '', NULL, 'tersedia', NULL, 1, '2025-08-19 15:54:37', '2025-08-19 15:54:37'),
(1509, 'HAK GIGI 6', 'INST-1D1797BB23', 9, 4, '', NULL, 'tersedia', NULL, 1, '2025-08-19 15:54:37', '2025-08-19 15:54:37'),
(1510, 'ROL HAK', 'INST-541C4D71CA', 9, 4, '', NULL, 'tersedia', NULL, 1, '2025-08-19 15:54:37', '2025-08-19 15:54:37'),
(1511, 'SATINSKEY KLEM', 'INST-BC70DD076B', 9, 4, '', NULL, 'tersedia', NULL, 1, '2025-08-19 15:54:37', '2025-08-19 15:54:37'),
(1512, 'STONE TANG  BESAR', 'INST-758BE2D9A6', 9, 4, '', NULL, 'tersedia', NULL, 1, '2025-08-19 15:54:37', '2025-08-19 15:54:37'),
(1513, 'STONE TANG  KECIL', 'INST-7467E9F085', 9, 4, '', NULL, 'tersedia', NULL, 1, '2025-08-19 15:54:37', '2025-08-19 15:54:37'),
(1514, 'STATINZKI', 'INST-F7A54CF438', 9, 4, '', NULL, 'tersedia', NULL, 1, '2025-08-19 15:54:37', '2025-08-19 15:54:37'),
(1515, 'PICET ANATOMI', 'INST-E138116989', 9, 4, '', NULL, 'tersedia', NULL, 1, '2025-08-19 15:54:37', '2025-08-19 15:54:37'),
(1516, 'SPECULUM HIDUNG BENGKOK', 'INST-4ACB804495', 9, 4, '', NULL, 'tersedia', NULL, 1, '2025-08-19 15:54:37', '2025-08-19 15:54:37'),
(1517, 'MOUTGAG BIASA', 'INST-A0DA151B8C', 9, 4, '', NULL, 'tersedia', NULL, 1, '2025-08-19 15:54:37', '2025-08-19 15:54:37'),
(1518, 'ADENOID CURATAGE', 'INST-2954243401', 9, 4, '', NULL, 'tersedia', NULL, 1, '2025-08-19 15:54:37', '2025-08-19 15:54:37'),
(1519, 'PISAU TONSIL / BISTURI', 'INST-17A1CB2365', 9, 4, '', NULL, 'tersedia', NULL, 1, '2025-08-19 15:54:37', '2025-08-19 15:54:37'),
(1520, 'TAMPON TANG', 'INST-806C9A0E5D', 9, 4, '', NULL, 'tersedia', NULL, 1, '2025-08-19 15:54:37', '2025-08-19 15:54:37'),
(1521, 'GUNTING METZEMBUM', 'INST-9A905C1436', 9, 4, '', NULL, 'tersedia', NULL, 1, '2025-08-19 15:54:37', '2025-08-19 15:54:37'),
(1522, 'TANG SPATEL', 'INST-244CE2699E', 9, 4, '', NULL, 'tersedia', NULL, 1, '2025-08-19 15:54:37', '2025-08-19 15:54:37'),
(1523, 'CANUL SUCTION BESAR', 'INST-44C628DCE2', 9, 4, '', NULL, 'tersedia', NULL, 1, '2025-08-19 15:54:37', '2025-08-19 15:54:37'),
(1524, 'RING HAK', 'INST-50555D7C8C', 9, 4, '', NULL, 'tersedia', NULL, 1, '2025-08-19 15:54:37', '2025-08-19 15:54:37'),
(1525, 'INTADE HAK', 'INST-66590610F3', 9, 4, '', NULL, 'tersedia', NULL, 1, '2025-08-19 15:54:37', '2025-08-19 15:54:37'),
(1526, 'HAK BULAT', 'INST-220C0C39A0', 9, 4, '', NULL, 'tersedia', NULL, 1, '2025-08-19 15:54:37', '2025-08-19 15:54:37'),
(1527, 'DRAGON W0TEN', 'INST-9381EF747F', 9, 4, '', NULL, 'tersedia', NULL, 1, '2025-08-19 15:54:37', '2025-08-19 15:54:37'),
(1528, 'BENGKOK', 'INST-9B03CB547F', 9, 4, '', NULL, 'tersedia', NULL, 1, '2025-08-19 15:54:37', '2025-08-19 15:54:37'),
(1529, 'UKURAN 2', 'INST-8ADE8F1C87', 9, 4, '', NULL, 'tersedia', NULL, 1, '2025-08-19 15:54:37', '2025-08-19 15:54:37'),
(1530, 'TANG SPATEL LUBANG', 'INST-6275DDED5E', 9, 4, '', NULL, 'tersedia', NULL, 1, '2025-08-19 15:54:37', '2025-08-19 15:54:37'),
(1531, 'TANG SPATEL BUNTU', 'INST-793CB267D5', 9, 4, '', NULL, 'tersedia', NULL, 1, '2025-08-19 15:54:37', '2025-08-19 15:54:37'),
(1532, 'HAK BENGKOK', 'INST-CADB51BD8B', 9, 4, '', NULL, 'tersedia', NULL, 1, '2025-08-19 15:54:37', '2025-08-19 15:54:37'),
(1533, 'HAK LURUS', 'INST-36EBE1594A', 9, 4, '', NULL, 'tersedia', NULL, 1, '2025-08-19 15:54:37', '2025-08-19 15:54:37'),
(1534, 'NALDFOODER', 'INST-CB637E6682', 9, 4, '', NULL, 'tersedia', NULL, 1, '2025-08-19 15:54:37', '2025-08-19 15:54:37'),
(1535, 'KROM TANGGUNG', 'INST-52CB716A5C', 9, 4, '', NULL, 'tersedia', NULL, 1, '2025-08-19 15:54:37', '2025-08-19 15:54:37'),
(1536, 'KOKER', 'INST-F1CC1435B4', 9, 4, '', NULL, 'tersedia', NULL, 1, '2025-08-19 15:54:37', '2025-08-19 15:54:37'),
(1537, 'HAK TUMPUL RUNCING', 'INST-461E8034AC', 9, 4, '', NULL, 'tersedia', NULL, 1, '2025-08-19 15:54:37', '2025-08-19 15:54:37'),
(1538, 'SPECULUM HIDUNG', 'INST-09E6AC3667', 9, 4, '', NULL, 'tersedia', NULL, 1, '2025-08-19 15:54:37', '2025-08-19 15:54:37'),
(1539, 'HAYEK', 'INST-4E901FDC28', 9, 4, '', NULL, 'tersedia', NULL, 1, '2025-08-19 15:54:37', '2025-08-19 15:54:37'),
(1540, 'ELIS KLEM', 'INST-B051E4B18E', 9, 4, '', NULL, 'tersedia', NULL, 1, '2025-08-19 15:54:37', '2025-08-19 15:54:37'),
(1541, 'BIOPSI TANG', 'INST-B2D4249C46', 9, 4, '', NULL, 'tersedia', NULL, 1, '2025-08-19 15:54:37', '2025-08-19 15:54:37'),
(1542, 'HANDLE MES PANJANG', 'INST-4B70C4661C', 9, 4, '', NULL, 'tersedia', NULL, 1, '2025-08-19 15:54:37', '2025-08-19 15:54:37'),
(1543, 'HANDLE MES PENDEK', 'INST-0D943BB709', 9, 4, '', NULL, 'tersedia', NULL, 1, '2025-08-19 15:54:37', '2025-08-19 15:54:37'),
(1544, 'MOUTGAG SET UKURAN 1', 'INST-05E1B01CE5', 9, 4, '', NULL, 'tersedia', NULL, 1, '2025-08-19 15:54:37', '2025-08-19 15:54:37'),
(1545, 'MOUTGAG SET UKURAN 2', 'INST-B4D37BF359', 9, 4, '', NULL, 'tersedia', NULL, 1, '2025-08-19 15:54:37', '2025-08-19 15:54:37'),
(1546, 'MOUTGAG SET UKURAN 3', 'INST-35AA515F6B', 9, 4, '', NULL, 'tersedia', NULL, 1, '2025-08-19 15:54:37', '2025-08-19 15:54:37'),
(1547, 'MOUTGAG SET UKURAN 4', 'INST-4BFBA76F3B', 9, 4, '', NULL, 'tersedia', NULL, 1, '2025-08-19 15:54:37', '2025-08-19 15:54:37'),
(1548, 'MOUTGAG SET UKURAN 5', 'INST-8475AC6FC1', 9, 4, '', NULL, 'tersedia', NULL, 1, '2025-08-19 15:54:37', '2025-08-19 15:54:37'),
(1549, 'KROM', 'INST-91536CBDC0', 9, 4, '', NULL, 'tersedia', NULL, 1, '2025-08-19 15:54:37', '2025-08-19 15:54:37'),
(1550, 'KOKER', 'INST-6A7B78BC03', 9, 4, '', NULL, 'tersedia', NULL, 1, '2025-08-19 15:54:37', '2025-08-19 15:54:37'),
(1551, 'CANUL SUCTION PIPIH', 'INST-76C175B6D5', 9, 4, '', NULL, 'tersedia', NULL, 1, '2025-08-19 15:54:37', '2025-08-19 15:54:37'),
(1552, 'CANUL SUCTION UJUNG BENGKOK', 'INST-1514AFCACD', 9, 4, '', NULL, 'tersedia', NULL, 1, '2025-08-19 15:54:37', '2025-08-19 15:54:37'),
(1553, 'CANUL SUCTION TAJAM', 'INST-E51822AE11', 9, 4, '', NULL, 'tersedia', NULL, 1, '2025-08-19 15:54:37', '2025-08-19 15:54:37'),
(1554, 'HANDLE MES', 'INST-8BEE446EF2', 9, 4, '', NULL, 'tersedia', NULL, 1, '2025-08-19 15:54:37', '2025-08-19 15:54:37'),
(1555, 'TANG POLIP', 'INST-9858F65CC8', 9, 4, '', NULL, 'tersedia', NULL, 1, '2025-08-19 15:54:37', '2025-08-19 15:54:37'),
(1556, 'GUNTING BENGKOK', 'INST-36810A9947', 9, 4, '', NULL, 'tersedia', NULL, 1, '2025-08-19 15:54:37', '2025-08-19 15:54:37'),
(1557, 'GUNTING ENDOSCOPY', 'INST-103A03C309', 9, 4, '', NULL, 'tersedia', NULL, 1, '2025-08-19 15:54:37', '2025-08-19 15:54:37'),
(1558, 'CURATAGE', 'INST-0768B5CD2E', 9, 4, '', NULL, 'tersedia', NULL, 1, '2025-08-19 15:54:37', '2025-08-19 15:54:37'),
(1559, 'CURATAGE ENDOSCOPY', 'INST-89D9BE941A', 9, 4, '', NULL, 'tersedia', NULL, 1, '2025-08-19 15:54:37', '2025-08-19 15:54:37'),
(1560, 'CURATAGE ENDOSCP LENGKUNG', 'INST-473A55386D', 9, 4, '', NULL, 'tersedia', NULL, 1, '2025-08-19 15:54:37', '2025-08-19 15:54:37'),
(1561, 'BACKBITING', 'INST-5A99EB86AC', 9, 4, '', NULL, 'tersedia', NULL, 1, '2025-08-19 15:54:37', '2025-08-19 15:54:37'),
(1562, 'BIOPSI TANG ENDOSCOPY', 'INST-1B04220DCC', 9, 4, '', NULL, 'tersedia', NULL, 1, '2025-08-19 15:54:37', '2025-08-19 15:54:37'),
(1563, 'BIOPSI TANG UP', 'INST-C3FFD2DFCD', 9, 4, '', NULL, 'tersedia', NULL, 1, '2025-08-19 15:54:37', '2025-08-19 15:54:37'),
(1564, 'BIOPSI TANG UJUNG BULAT', 'INST-61787C08B2', 9, 4, '', NULL, 'tersedia', NULL, 1, '2025-08-19 15:54:37', '2025-08-19 15:54:37'),
(1565, 'BIOPSI TANG UJUNG BULAT LENGKUNG', 'INST-AE216CE428', 9, 4, '', NULL, 'tersedia', NULL, 1, '2025-08-19 15:54:37', '2025-08-19 15:54:37'),
(1566, 'RASPA ENDOSCOPY', 'INST-6F7FF1B32D', 9, 4, '', NULL, 'tersedia', NULL, 1, '2025-08-19 15:54:37', '2025-08-19 15:54:37'),
(1567, 'RASPA 1 UJUNG', 'INST-E2D10E66D3', 9, 4, '', NULL, 'tersedia', NULL, 1, '2025-08-19 15:54:37', '2025-08-19 15:54:37'),
(1568, 'KONDOM LENSA', 'INST-B54781AB03', 9, 4, '', NULL, 'tersedia', NULL, 1, '2025-08-19 15:54:37', '2025-08-19 15:54:37'),
(1569, 'TROICARD', 'INST-5ED7B3C9FA', 9, 4, '', NULL, 'tersedia', NULL, 1, '2025-08-19 15:54:37', '2025-08-19 15:54:37'),
(1570, 'SONDE LENGKUNG', 'INST-5F872A2D2F', 9, 4, '', NULL, 'tersedia', NULL, 1, '2025-08-19 15:54:37', '2025-08-19 15:54:37'),
(1571, 'SONDE LENGKUNG TEBAL', 'INST-6FD2BE3DED', 9, 4, '', NULL, 'tersedia', NULL, 1, '2025-08-19 15:54:37', '2025-08-19 15:54:37'),
(1572, 'SODE LANCIP', 'INST-CEA7E1B1CF', 9, 4, '', NULL, 'tersedia', NULL, 1, '2025-08-19 15:54:37', '2025-08-19 15:54:37'),
(1573, 'CURATAGE JARUM / BULAT', 'INST-4414ED8211', 9, 4, '', NULL, 'tersedia', NULL, 1, '2025-08-19 15:54:37', '2025-08-19 15:54:37');
INSERT INTO `instruments` (`instrument_id`, `instrument_name`, `instrument_code`, `instrument_type_id`, `department_id`, `notes`, `image_filename`, `status`, `expiry_in_days`, `created_by_user_id`, `created_at`, `updated_at`) VALUES
(1574, 'BISTURI', 'INST-7509462F75', 9, 4, '', NULL, 'tersedia', NULL, 1, '2025-08-19 15:54:37', '2025-08-19 15:54:37'),
(1575, 'MANDREN', 'INST-FC096E21D9', 9, 4, '', NULL, 'tersedia', NULL, 1, '2025-08-19 15:54:37', '2025-08-19 15:54:37'),
(1576, 'PEAN', 'INST-574E794A25', 9, 4, '', NULL, 'tersedia', NULL, 1, '2025-08-19 15:54:37', '2025-08-19 15:54:37'),
(1577, 'TANG TONSIL', 'INST-3823649714', 9, 4, '', NULL, 'tersedia', NULL, 1, '2025-08-19 15:54:37', '2025-08-19 15:54:37'),
(1578, 'HAK KECIL', 'INST-1051DE2398', 9, 4, '', NULL, 'tersedia', NULL, 1, '2025-08-19 15:54:37', '2025-08-19 15:54:37'),
(1579, 'CURATAGE', 'INST-6D682A8404', 9, 4, '', NULL, 'tersedia', NULL, 1, '2025-08-19 15:54:37', '2025-08-19 15:54:37'),
(1580, 'SPECULUM HIDUNG BESAR', 'INST-78129B863A', 9, 4, '', NULL, 'tersedia', NULL, 1, '2025-08-19 15:54:37', '2025-08-19 15:54:37'),
(1581, 'SPECULUM HIDUNG KECIL', 'INST-C8ABDD1C9D', 9, 4, '', NULL, 'tersedia', NULL, 1, '2025-08-19 15:54:37', '2025-08-19 15:54:37'),
(1582, 'OSTEOTOM', 'INST-41D22AF90C', 9, 4, '', NULL, 'tersedia', NULL, 1, '2025-08-19 15:54:37', '2025-08-19 15:54:37'),
(1583, 'HAMER / PALU', 'INST-9F2A4EF75A', 9, 4, '', NULL, 'tersedia', NULL, 1, '2025-08-19 15:54:37', '2025-08-19 15:54:37'),
(1584, 'BIOPSI TANG BESAR', 'INST-D4E3ACC8EE', 9, 4, '', NULL, 'tersedia', NULL, 1, '2025-08-19 15:54:37', '2025-08-19 15:54:37'),
(1585, 'MOUTGAG', 'INST-7E7154DDEC', 9, 4, '', NULL, 'tersedia', NULL, 1, '2025-08-19 15:54:37', '2025-08-19 15:54:37'),
(1586, 'RIGTANGEL', 'INST-1E47613AEC', 9, 4, '', NULL, 'tersedia', NULL, 1, '2025-08-19 15:54:37', '2025-08-19 15:54:37'),
(1587, 'PINSET CIRURGI', 'INST-93A595C6D4', 9, 4, '', NULL, 'tersedia', NULL, 1, '2025-08-19 15:54:37', '2025-08-19 15:54:37'),
(1588, 'GUNTING MATZEBOUM', 'INST-D8149FDCD6', 9, 4, '', NULL, 'tersedia', NULL, 1, '2025-08-19 15:54:37', '2025-08-19 15:54:37'),
(1589, 'PINCET CIRURGI', 'INST-F75C9A09EE', 9, 4, '', NULL, 'tersedia', NULL, 1, '2025-08-19 15:54:37', '2025-08-19 15:54:37'),
(1590, 'PINCET CIRURGI BENGKOK', 'INST-1487E0F13A', 9, 4, '', NULL, 'tersedia', NULL, 1, '2025-08-19 15:54:37', '2025-08-19 15:54:37'),
(1591, 'PINCET CIRURGI KECIL', 'INST-81DC4ECE91', 9, 4, '', NULL, 'tersedia', NULL, 1, '2025-08-19 15:54:37', '2025-08-19 15:54:37'),
(1592, 'CANUL SUCTION', 'INST-085366AF43', 9, 4, '', NULL, 'tersedia', NULL, 1, '2025-08-19 15:54:37', '2025-08-19 15:54:37'),
(1593, 'SPEKULUM HIDUNG', 'INST-8729F9ABE8', 9, 4, '', NULL, 'tersedia', NULL, 1, '2025-08-19 15:54:37', '2025-08-19 15:54:37'),
(1594, 'DRAGON WOTEN', 'INST-EE102202D7', 9, 4, '', NULL, 'tersedia', NULL, 1, '2025-08-19 15:54:37', '2025-08-19 15:54:37'),
(1595, 'ITANDE HAK KECIL', 'INST-E51AE667A1', 9, 4, '', NULL, 'tersedia', NULL, 1, '2025-08-19 15:54:37', '2025-08-19 15:54:37'),
(1596, 'RASPA MINI', 'INST-907293E3C8', 9, 4, '', NULL, 'tersedia', NULL, 1, '2025-08-19 15:54:37', '2025-08-19 15:54:37'),
(1597, 'SPEKULUM TELINGA', 'INST-679705AA6D', 9, 4, '', NULL, 'tersedia', NULL, 1, '2025-08-19 15:54:37', '2025-08-19 15:54:37'),
(1598, 'TANG SPATEL', 'INST-5867323C46', 9, 4, '', NULL, 'tersedia', NULL, 1, '2025-08-19 15:54:37', '2025-08-19 15:54:37'),
(1599, 'CURRET LUBANG', 'INST-8B299AE244', 9, 4, '', NULL, 'tersedia', NULL, 1, '2025-08-19 15:54:37', '2025-08-19 15:54:37'),
(1600, 'DOUBLE CURRET', 'INST-A092E1A0BF', 9, 4, '', NULL, 'tersedia', NULL, 1, '2025-08-19 15:54:37', '2025-08-19 15:54:37'),
(1601, 'Hak Tanggung Pacul', 'INST-432D4E5B48', 9, 4, '', NULL, 'tersedia', NULL, 1, '2025-08-19 15:54:37', '2025-08-19 15:54:37'),
(1602, 'Hak Langen', 'INST-5B8F723719', 9, 4, '', NULL, 'tersedia', NULL, 1, '2025-08-19 15:54:37', '2025-08-19 15:54:37'),
(1603, 'Hnadle mess no.3', 'INST-8F4E5ECD4E', 9, 4, '', NULL, 'tersedia', NULL, 1, '2025-08-19 15:54:37', '2025-08-19 15:54:37'),
(1604, 'Pincet chirurgi', 'INST-ADD519D4F2', 9, 4, '', NULL, 'tersedia', NULL, 1, '2025-08-19 15:54:37', '2025-08-19 15:54:37'),
(1605, 'Riteangle', 'INST-4AF30055DD', 9, 4, '', NULL, 'tersedia', NULL, 1, '2025-08-19 15:54:37', '2025-08-19 15:54:37'),
(1606, 'Riteangel', 'INST-108837E872', 9, 4, '', NULL, 'tersedia', NULL, 1, '2025-08-19 15:54:37', '2025-08-19 15:54:37'),
(1607, 'Rungtang', 'INST-AB26C44F45', 9, 4, '', NULL, 'tersedia', NULL, 1, '2025-08-19 15:54:37', '2025-08-19 15:54:37'),
(1608, 'Hak langen', 'INST-2948874D7F', 9, 4, '', NULL, 'tersedia', NULL, 1, '2025-08-19 15:54:37', '2025-08-19 15:54:37'),
(1609, 'Rit eangle', 'INST-7A0008AC6D', 9, 4, '', NULL, 'tersedia', NULL, 1, '2025-08-19 15:54:37', '2025-08-19 15:54:37'),
(1610, 'Bulb kock', 'INST-E913DA9780', 9, 4, '', NULL, 'tersedia', NULL, 1, '2025-08-19 15:54:37', '2025-08-19 15:54:37'),
(1611, 'Crom klem kecil', 'INST-424892E682', 9, 4, '', NULL, 'tersedia', NULL, 1, '2025-08-19 15:54:37', '2025-08-19 15:54:37'),
(1612, 'Dram klem bengkok', 'INST-4CBC9E2E6B', 9, 4, '', NULL, 'tersedia', NULL, 1, '2025-08-19 15:54:37', '2025-08-19 15:54:37'),
(1613, 'Dram klem lurus', 'INST-130D4743E9', 9, 4, '', NULL, 'tersedia', NULL, 1, '2025-08-19 15:54:37', '2025-08-19 15:54:37'),
(1614, 'Ellis', 'INST-87D3DCFBCC', 9, 4, '', NULL, 'tersedia', NULL, 1, '2025-08-19 15:54:37', '2025-08-19 15:54:37'),
(1615, 'Gunting menzembeum', 'INST-3A9D6144FD', 9, 4, '', NULL, 'tersedia', NULL, 1, '2025-08-19 15:54:37', '2025-08-19 15:54:37'),
(1616, 'Handle mess no 3', 'INST-9E22D5BCC0', 9, 4, '', NULL, 'tersedia', NULL, 1, '2025-08-19 15:54:37', '2025-08-19 15:54:37'),
(1617, 'Nald pouder', 'INST-0A32115BC2', 9, 4, '', NULL, 'tersedia', NULL, 1, '2025-08-19 15:54:37', '2025-08-19 15:54:37'),
(1618, 'Pean arteryklem kecil', 'INST-61F30D054C', 9, 4, '', NULL, 'tersedia', NULL, 1, '2025-08-19 15:54:37', '2025-08-19 15:54:37'),
(1619, 'Peritorium klem', 'INST-15285E4377', 9, 4, '', NULL, 'tersedia', NULL, 1, '2025-08-19 15:54:37', '2025-08-19 15:54:37'),
(1620, 'Pincet Cirurgie', 'INST-AF12205D5D', 9, 4, '', NULL, 'tersedia', NULL, 1, '2025-08-19 15:54:37', '2025-08-19 15:54:37'),
(1621, 'Right angle', 'INST-DFEBB771CD', 9, 4, '', NULL, 'tersedia', NULL, 1, '2025-08-19 15:54:37', '2025-08-19 15:54:37'),
(1622, 'Ring tang besar', 'INST-FB554594BA', 9, 4, '', NULL, 'tersedia', NULL, 1, '2025-08-19 15:54:37', '2025-08-19 15:54:37'),
(1623, 'Crom panjang', 'INST-071EC51996', 9, 4, '', NULL, 'tersedia', NULL, 1, '2025-08-19 15:54:37', '2025-08-19 15:54:37'),
(1624, 'Spatel', 'INST-D1ADF7B497', 9, 4, '', NULL, 'tersedia', NULL, 1, '2025-08-19 15:54:37', '2025-08-19 15:54:37'),
(1625, 'Stintang', 'INST-C67D794FAF', 9, 4, '', NULL, 'tersedia', NULL, 1, '2025-08-19 15:54:37', '2025-08-19 15:54:37'),
(1626, 'Beb cock', 'INST-830F192D07', 9, 4, '', NULL, 'tersedia', NULL, 1, '2025-08-19 15:54:37', '2025-08-19 15:54:37'),
(1627, 'Ellys Klem', 'INST-D9FEFC3396', 9, 4, '', NULL, 'tersedia', NULL, 1, '2025-08-19 15:54:37', '2025-08-19 15:54:37'),
(1628, 'Gunting Benang', 'INST-2E312BB67A', 9, 4, '', NULL, 'tersedia', NULL, 1, '2025-08-19 15:54:37', '2025-08-19 15:54:37'),
(1629, 'Hak Langen Gigi Tajam', 'INST-5EE83D3341', 9, 4, '', NULL, 'tersedia', NULL, 1, '2025-08-19 15:54:37', '2025-08-19 15:54:37'),
(1630, 'Pincet Anatomi', 'INST-3119310876', 9, 4, '', NULL, 'tersedia', NULL, 1, '2025-08-19 15:54:37', '2025-08-19 15:54:37'),
(1631, 'Hand piece Boor Perforator', 'INST-CA99592533', 9, 4, '', NULL, 'tersedia', NULL, 1, '2025-08-19 15:54:37', '2025-08-19 15:54:37'),
(1632, 'Hand piece Boor Craniotome', 'INST-61FB925EA4', 9, 4, '', NULL, 'tersedia', NULL, 1, '2025-08-19 15:54:37', '2025-08-19 15:54:37'),
(1633, 'Dura Guard', 'INST-3F22B26C36', 9, 4, '', NULL, 'tersedia', NULL, 1, '2025-08-19 15:54:37', '2025-08-19 15:54:37'),
(1634, 'Hand piece drill bionet', 'INST-D355AAA5C1', 9, 4, '', NULL, 'tersedia', NULL, 1, '2025-08-19 15:54:37', '2025-08-19 15:54:37'),
(1635, 'Hand piece drill pendek straight', 'INST-F73613A8AF', 9, 4, '', NULL, 'tersedia', NULL, 1, '2025-08-19 15:54:37', '2025-08-19 15:54:37'),
(1636, 'Hand piece drill [endek bionet', 'INST-6F6ABADF74', 9, 4, '', NULL, 'tersedia', NULL, 1, '2025-08-19 15:54:37', '2025-08-19 15:54:37'),
(1637, 'Motor Cable', 'INST-EEF33F8329', 9, 4, '', NULL, 'tersedia', NULL, 1, '2025-08-19 15:54:37', '2025-08-19 15:54:37'),
(1638, 'Foot Pedals', 'INST-D77CEDE6C9', 9, 4, '', NULL, 'tersedia', NULL, 1, '2025-08-19 15:54:37', '2025-08-19 15:54:37'),
(1639, 'Mesin Boor', 'INST-3C27A981D3', 9, 4, '', NULL, 'tersedia', NULL, 1, '2025-08-19 15:54:37', '2025-08-19 15:54:37'),
(1640, 'ELAN 4 ELECTRO CONTROL UNIT', 'INST-08D43F6583', 9, 4, '', NULL, 'tersedia', NULL, 1, '2025-08-19 15:54:37', '2025-08-19 15:54:37'),
(1641, 'ELAN 4 ELECTRO FOOT CONTROL', 'INST-C2994474B4', 9, 4, '', NULL, 'tersedia', NULL, 1, '2025-08-19 15:54:37', '2025-08-19 15:54:37'),
(1642, 'MAINS CORD 5M LONG', 'INST-1B67EECD48', 9, 4, '', NULL, 'tersedia', NULL, 1, '2025-08-19 15:54:37', '2025-08-19 15:54:37'),
(1643, 'ELAN 4 ELECTRO MOTOR CABLE F/FOOT CTRL.', 'INST-B35C9B23D1', 9, 4, '', NULL, 'tersedia', NULL, 1, '2025-08-19 15:54:37', '2025-08-19 15:54:37'),
(1644, 'ELAN 4 ELECTRO PERFORATOR DRIVER', 'INST-5712F9CD61', 9, 4, '', NULL, 'tersedia', NULL, 1, '2025-08-19 15:54:37', '2025-08-19 15:54:37'),
(1645, 'ELAN 4 ELECTRO CRANIOTOME 2-RING', 'INST-8EC7AE9E1F', 9, 4, '', NULL, 'tersedia', NULL, 1, '2025-08-19 15:54:37', '2025-08-19 15:54:37'),
(1646, 'ELAN 4 ELECTRO 1-RING HANDPIECE L4', 'INST-CEA8FD51C1', 9, 4, '', NULL, 'tersedia', NULL, 1, '2025-08-19 15:54:37', '2025-08-19 15:54:37'),
(1647, 'ELAN 4 ELECTRO 1-RING HANDPIECE L7', 'INST-A57EB16187', 9, 4, '', NULL, 'tersedia', NULL, 1, '2025-08-19 15:54:37', '2025-08-19 15:54:37'),
(1648, 'ELAN 4 ELECTRO 1-RING HANDPIECE L10', 'INST-C6B0A11F37', 9, 4, '', NULL, 'tersedia', NULL, 1, '2025-08-19 15:54:37', '2025-08-19 15:54:37'),
(1649, 'ELAN 4 ELECTRO 1-RING HANDPIECE L13', 'INST-13C2370743', 9, 4, '', NULL, 'tersedia', NULL, 1, '2025-08-19 15:54:37', '2025-08-19 15:54:37'),
(1650, 'ELAN 4 FIXED DURAGUARD PAEDIATRIC', 'INST-A6EA3428A2', 9, 4, '', NULL, 'tersedia', NULL, 1, '2025-08-19 15:54:37', '2025-08-19 15:54:37'),
(1651, 'ELAN 4 FIXED DURAGUARD STANDARD', 'INST-014E2B561D', 9, 4, '', NULL, 'tersedia', NULL, 1, '2025-08-19 15:54:37', '2025-08-19 15:54:37'),
(1652, 'ELAN 4 FIXED DURAGUARD LONG', 'INST-88BABCB80A', 9, 4, '', NULL, 'tersedia', NULL, 1, '2025-08-19 15:54:37', '2025-08-19 15:54:37'),
(1653, 'ELAN 4 HOLDING SLEEVE F/CRANIOTOME', 'INST-5D20C16215', 9, 4, '', NULL, 'tersedia', NULL, 1, '2025-08-19 15:54:37', '2025-08-19 15:54:37'),
(1654, 'YASARGIL MICRO SCISS BAYO ST/B225MM', 'INST-8E20B61DA3', 9, 4, '', NULL, 'tersedia', NULL, 1, '2025-08-19 15:54:37', '2025-08-19 15:54:37'),
(1655, 'YASARGIL MICRO SCISSBAYOCVD/BL 225MM', 'INST-14FE9C921D', 9, 4, '', NULL, 'tersedia', NULL, 1, '2025-08-19 15:54:37', '2025-08-19 15:54:37'),
(1656, 'YAS.MICRO SCISSDELBAYOSTS/S225MM', 'INST-EA538274B6', 9, 4, '', NULL, 'tersedia', NULL, 1, '2025-08-19 15:54:37', '2025-08-19 15:54:37'),
(1657, 'YAS.MICRO SCISS BAYOUP-CVDS/S225MM', 'INST-10737A36D5', 9, 4, '', NULL, 'tersedia', NULL, 1, '2025-08-19 15:54:37', '2025-08-19 15:54:37'),
(1658, 'YASARGIL MICRO SCISSORS STR185MM', 'INST-AF422B08DB', 9, 4, '', NULL, 'tersedia', NULL, 1, '2025-08-19 15:54:37', '2025-08-19 15:54:37'),
(1659, 'YASARGIL TUMOR FORCEPS 3MM 220MM', 'INST-77980959EE', 9, 4, '', NULL, 'tersedia', NULL, 1, '2025-08-19 15:54:37', '2025-08-19 15:54:37'),
(1660, 'YASARGIL TUMOR FORCEPS 5MM220MM', 'INST-09BFCF1232', 9, 4, '', NULL, 'tersedia', NULL, 1, '2025-08-19 15:54:37', '2025-08-19 15:54:37'),
(1661, 'YASARGIL TUMOR FCPS SERR 3MM220MM', 'INST-FEA4A7E6F2', 9, 4, '', NULL, 'tersedia', NULL, 1, '2025-08-19 15:54:37', '2025-08-19 15:54:37'),
(1662, 'YASARGIL TUMOR FORCEPS SERR 5MM220MM', 'INST-A8B992773E', 9, 4, '', NULL, 'tersedia', NULL, 1, '2025-08-19 15:54:37', '2025-08-19 15:54:37'),
(1663, 'YASARGIL MICRO FORCEPS', 'INST-73F61665BF', 9, 4, '', NULL, 'tersedia', NULL, 1, '2025-08-19 15:54:37', '2025-08-19 15:54:37'),
(1664, 'YASARGIL MICROFORM BAYO FCPS .6MM180MM', 'INST-5C3277B5FD', 9, 4, '', NULL, 'tersedia', NULL, 1, '2025-08-19 15:54:37', '2025-08-19 15:54:37'),
(1665, 'YASARGIL MICROFORM BAYO FRCPS1X2180MM', 'INST-ECCF58912F', 9, 4, '', NULL, 'tersedia', NULL, 1, '2025-08-19 15:54:37', '2025-08-19 15:54:37'),
(1666, 'YASARGIL MICROFORM BAYO FCPS .9MM200MM', 'INST-C18057B2D6', 9, 4, '', NULL, 'tersedia', NULL, 1, '2025-08-19 15:54:37', '2025-08-19 15:54:37'),
(1667, 'YASARGIL NEEDLE HOLDER BAYO STR 200MM', 'INST-00ED245B3F', 9, 4, '', NULL, 'tersedia', NULL, 1, '2025-08-19 15:54:37', '2025-08-19 15:54:37'),
(1668, 'YASARGIL NEEDLE HOLDERBAYOUP-CVD200MM', 'INST-7258E50612', 9, 4, '', NULL, 'tersedia', NULL, 1, '2025-08-19 15:54:37', '2025-08-19 15:54:37'),
(1669, 'XS STORAGE TRAY', 'INST-E9B7446538', 9, 4, '', NULL, 'tersedia', NULL, 1, '2025-08-19 15:54:37', '2025-08-19 15:54:37'),
(1670, 'BOTTOM FOR 3/4 CONTAINER HEIGHT:120MM', 'INST-D22F824ADE', 9, 4, '', NULL, 'tersedia', NULL, 1, '2025-08-19 15:54:37', '2025-08-19 15:54:37'),
(1672, 'MICRO SUCTION SETW/SPECIAL CUT-OFF ADAP', 'INST-E9647523D0', 9, 4, '', NULL, 'tersedia', NULL, 1, '2025-08-19 15:54:37', '2025-08-19 15:54:37'),
(1673, 'SUCTION TUBE TAPERED TEARDROP 3FR 180MM', 'INST-2CC6C67F91', 9, 4, '', NULL, 'tersedia', NULL, 1, '2025-08-19 15:54:37', '2025-08-19 15:54:37'),
(1674, 'SUCTION TUBE TAPERED TEARDROP 4FR 180MM', 'INST-BD01DE498F', 9, 4, '', NULL, 'tersedia', NULL, 1, '2025-08-19 15:54:37', '2025-08-19 15:54:37'),
(1675, 'SUCTION TUBE TAPERED TEARDROP 6FR 180MM', 'INST-D13B4A5A9C', 9, 4, '', NULL, 'tersedia', NULL, 1, '2025-08-19 15:54:37', '2025-08-19 15:54:37'),
(1676, 'SUCTION TUBE TAPERED TEARDROP 6FR 165MM', 'INST-2A3A0A9D7B', 9, 4, '', NULL, 'tersedia', NULL, 1, '2025-08-19 15:54:37', '2025-08-19 15:54:37'),
(1677, 'SUCTION TUBE TAPERED TEARDROP 5FR 205MM', 'INST-FBA2A99B8A', 9, 4, '', NULL, 'tersedia', NULL, 1, '2025-08-19 15:54:37', '2025-08-19 15:54:37'),
(1678, 'SUCTION TUBE TAPERED TEARDROP 6FR 205MM', 'INST-6AF0EB2B57', 9, 4, '', NULL, 'tersedia', NULL, 1, '2025-08-19 15:54:37', '2025-08-19 15:54:37'),
(1679, 'SUCTION TUBE TAPERED TEARDROP 8FR 230MM', 'INST-792FF00C37', 9, 4, '', NULL, 'tersedia', NULL, 1, '2025-08-19 15:54:37', '2025-08-19 15:54:37'),
(1680, 'SUCTION TUBE TAPERED TEARDROP 9FR 230MM', 'INST-C24876B6FB', 9, 4, '', NULL, 'tersedia', NULL, 1, '2025-08-19 15:54:37', '2025-08-19 15:54:37'),
(1682, 'SILICONE CUSHIONING PAD 3/4 SIZE', 'INST-72FBAF22FB', 9, 4, '', NULL, 'tersedia', NULL, 1, '2025-08-19 15:54:37', '2025-08-19 15:54:37'),
(1683, 'BOTTOM FOR 3/4 CONTAINER HEIGHT:90MM', 'INST-3D3C225CC3', 9, 4, '', NULL, 'tersedia', NULL, 1, '2025-08-19 15:54:37', '2025-08-19 15:54:37'),
(1684, 'MICRO NEEDLEHOLDER 150MM STR.W/RATCHET', 'INST-D63695AC20', 9, 4, '', NULL, 'tersedia', NULL, 1, '2025-08-19 15:54:37', '2025-08-19 15:54:37'),
(1685, 'MICRO-NEEDLE HOLDER W/CATCH CVD 150MM', 'INST-2E93D734D8', 9, 4, '', NULL, 'tersedia', NULL, 1, '2025-08-19 15:54:37', '2025-08-19 15:54:37'),
(1686, 'MUELLER MICRO-FORCEPS 1.2MM TRI111MM', 'INST-5E60F6FB24', 9, 4, '', NULL, 'tersedia', NULL, 1, '2025-08-19 15:54:37', '2025-08-19 15:54:37'),
(1687, 'MICRO-SCSRFLT-HDL/CROSS-SERSTR160MM', 'INST-C3EBAE7FDC', 9, 4, '', NULL, 'tersedia', NULL, 1, '2025-08-19 15:54:37', '2025-08-19 15:54:37'),
(1688, 'RND BODY SUTURE FORCEPSSTR0.3MM150MM', 'INST-49089C477F', 9, 4, '', NULL, 'tersedia', NULL, 1, '2025-08-19 15:54:37', '2025-08-19 15:54:37'),
(1689, 'KRAYENBUEHL NERV HKSHRTBALL-TIP184MM', 'INST-F9409E12E3', 9, 4, '', NULL, 'tersedia', NULL, 1, '2025-08-19 15:54:37', '2025-08-19 15:54:37'),
(1690, 'KRAYENBUEHL NERVE HOOK BALL-TIP 184MM', 'INST-F5295A4DB1', 9, 4, '', NULL, 'tersedia', NULL, 1, '2025-08-19 15:54:37', '2025-08-19 15:54:37'),
(1691, 'KRAYENBUEHL NERVE/VESSEL HKSHARP184MM', 'INST-3B408161F9', 9, 4, '', NULL, 'tersedia', NULL, 1, '2025-08-19 15:54:37', '2025-08-19 15:54:37'),
(1692, 'MICRO DISSECTOR UP-CVD 230MM', 'INST-375019578B', 9, 4, '', NULL, 'tersedia', NULL, 1, '2025-08-19 15:54:37', '2025-08-19 15:54:37'),
(1693, 'MICRO RASPATORY RND-BLD LRG 229MM', 'INST-5FAEF5CB87', 9, 4, '', NULL, 'tersedia', NULL, 1, '2025-08-19 15:54:37', '2025-08-19 15:54:37'),
(1694, 'MICRO HOOK SEMI SHARP STR.230MM', 'INST-CF890915E0', 9, 4, '', NULL, 'tersedia', NULL, 1, '2025-08-19 15:54:37', '2025-08-19 15:54:37'),
(1695, 'MICRO HOOK BLUNT230MM', 'INST-9E026490E2', 9, 4, '', NULL, 'tersedia', NULL, 1, '2025-08-19 15:54:37', '2025-08-19 15:54:37'),
(1696, 'MICRO DISSECTOR STR230MM', 'INST-7AE0A2CB51', 9, 4, '', NULL, 'tersedia', NULL, 1, '2025-08-19 15:54:37', '2025-08-19 15:54:37'),
(1697, 'VASCULAR SPATULA230MM', 'INST-9F23D2A57F', 9, 4, '', NULL, 'tersedia', NULL, 1, '2025-08-19 15:54:37', '2025-08-19 15:54:37'),
(1698, 'MICRO DISSECTORSMALL230MM', 'INST-C6A47CC7B3', 9, 4, '', NULL, 'tersedia', NULL, 1, '2025-08-19 15:54:37', '2025-08-19 15:54:37'),
(1699, 'MICRO SCOOP STR SHARP229MM', 'INST-A028DFAB6E', 9, 4, '', NULL, 'tersedia', NULL, 1, '2025-08-19 15:54:37', '2025-08-19 15:54:37'),
(1700, 'MICRO SCOOP ANG SHARP 229MM', 'INST-A151A499AB', 9, 4, '', NULL, 'tersedia', NULL, 1, '2025-08-19 15:54:37', '2025-08-19 15:54:37'),
(1701, 'MICRO RASPATORY RND-BLD SM229MM', 'INST-BD2A4FA6CA', 9, 4, '', NULL, 'tersedia', NULL, 1, '2025-08-19 15:54:37', '2025-08-19 15:54:37'),
(1704, 'SILICONE CUSHIONING PAD 248X237MM', 'INST-F4B2FB120F', 9, 4, '', NULL, 'tersedia', NULL, 1, '2025-08-19 15:54:37', '2025-08-19 15:54:37'),
(1705, 'MAIER FORCEPS W/RCHT CVD260MM', 'INST-39D042B9FC', 9, 4, '', NULL, 'tersedia', NULL, 1, '2025-08-19 15:54:37', '2025-08-19 15:54:37'),
(1706, 'BACKHAUS TOWEL CLAMP 110MM', 'INST-8C12C46403', 9, 4, '', NULL, 'tersedia', NULL, 1, '2025-08-19 15:54:37', '2025-08-19 15:54:37'),
(1707, 'SCALPEL HANDLE #3 125MM', 'INST-EF63432683', 9, 4, '', NULL, 'tersedia', NULL, 1, '2025-08-19 15:54:37', '2025-08-19 15:54:37'),
(1708, 'SCALPEL HANDLE OFFSET 210MM NO.3', 'INST-8F6142B24C', 9, 4, '', NULL, 'tersedia', NULL, 1, '2025-08-19 15:54:37', '2025-08-19 15:54:37'),
(1709, 'TC METZENBAUM SCISSORS DEL CVD 180MM', 'INST-A9F58FECDC', 9, 4, '', NULL, 'tersedia', NULL, 1, '2025-08-19 15:54:37', '2025-08-19 15:54:37'),
(1710, 'TC SUTURE WAVECUT SCISSORS CVD 180MM', 'INST-66BC809283', 9, 4, '', NULL, 'tersedia', NULL, 1, '2025-08-19 15:54:37', '2025-08-19 15:54:37'),
(1711, 'TC MAYO-LEXER SCISSORS CVD 165MM', 'INST-2600CB26D2', 9, 4, '', NULL, 'tersedia', NULL, 1, '2025-08-19 15:54:37', '2025-08-19 15:54:37'),
(1712, 'SURGICAL SCISSORS STR S/B145MM', 'INST-344F8C327A', 9, 4, '', NULL, 'tersedia', NULL, 1, '2025-08-19 15:54:37', '2025-08-19 15:54:37'),
(1713, 'TISSUE FORCEPS SERR 145MM', 'INST-435A9864B7', 9, 4, '', NULL, 'tersedia', NULL, 1, '2025-08-19 15:54:37', '2025-08-19 15:54:37'),
(1714, 'STANDARD TISSUE FORCEPS 1X2 145MM', 'INST-740B3CBCB4', 9, 4, '', NULL, 'tersedia', NULL, 1, '2025-08-19 15:54:37', '2025-08-19 15:54:37'),
(1715, 'DISSECT.FORCEPS MED.WIDE 1X2T.200MM', 'INST-6019BB2BDC', 9, 4, '', NULL, 'tersedia', NULL, 1, '2025-08-19 15:54:37', '2025-08-19 15:54:37'),
(1716, 'DE\'BAKEY ATR.FCPS 2.0MM STR150MM', 'INST-141526D1E8', 9, 4, '', NULL, 'tersedia', NULL, 1, '2025-08-19 15:54:37', '2025-08-19 15:54:37'),
(1717, 'GRUENWALD FORCEPS BAYO SERR 200MM', 'INST-ED549AF5FF', 9, 4, '', NULL, 'tersedia', NULL, 1, '2025-08-19 15:54:37', '2025-08-19 15:54:37'),
(1718, 'HALSTED-MOSQUITO FORCEPS DEL CVD125MM', 'INST-139CA12DCE', 9, 4, '', NULL, 'tersedia', NULL, 1, '2025-08-19 15:54:37', '2025-08-19 15:54:37'),
(1719, 'HEISS DELICATE FORCEPS STR 1X2 200MM', 'INST-57184FAEF7', 9, 4, '', NULL, 'tersedia', NULL, 1, '2025-08-19 15:54:37', '2025-08-19 15:54:37'),
(1720, 'TC CRILE-WOOD NDL HLDRSTRSERR 145MM', 'INST-189887701D', 9, 4, '', NULL, 'tersedia', NULL, 1, '2025-08-19 15:54:37', '2025-08-19 15:54:37'),
(1721, 'TC DE\'BAKEY NDL HOLDER DEL SERR 180MM', 'INST-D1EA18CB5B', 9, 4, '', NULL, 'tersedia', NULL, 1, '2025-08-19 15:54:37', '2025-08-19 15:54:37'),
(1722, 'WEITLANER RETRACTOR 3X4T.SH.130MM', 'INST-8498D6A6A5', 9, 4, '', NULL, 'tersedia', NULL, 1, '2025-08-19 15:54:37', '2025-08-19 15:54:37'),
(1723, 'WEITLANER RETR 3X4T.SHARP/DEEP130MM', 'INST-D6DD159606', 9, 4, '', NULL, 'tersedia', NULL, 1, '2025-08-19 15:54:37', '2025-08-19 15:54:37'),
(1724, 'KRAEMER RETRACTOR 66X10MM 210MM', 'INST-7361CD0B85', 9, 4, '', NULL, 'tersedia', NULL, 1, '2025-08-19 15:54:37', '2025-08-19 15:54:37'),
(1725, 'CASPAR RETRACTOR OPEN 67X17MM210MM', 'INST-7F6EA3372C', 9, 4, '', NULL, 'tersedia', NULL, 1, '2025-08-19 15:54:37', '2025-08-19 15:54:37'),
(1726, 'DOCKHORN CHEEK RETRACTOR55X14MM 210MM', 'INST-4EB7D4103B', 9, 4, '', NULL, 'tersedia', NULL, 1, '2025-08-19 15:54:37', '2025-08-19 15:54:37'),
(1727, 'SPINE CLASSICS MLD RETRACTOR SET CPL.', 'INST-BC608BD631', 9, 4, '', NULL, 'tersedia', NULL, 1, '2025-08-19 15:54:37', '2025-08-19 15:54:37'),
(1728, 'CASPAR SPECULUM 75MM BLACK', 'INST-869A052E92', 9, 4, '', NULL, 'tersedia', NULL, 1, '2025-08-19 15:54:37', '2025-08-19 15:54:37'),
(1729, 'CASPAR SPECULUM 85MM BLACK', 'INST-68804E7BC6', 9, 4, '', NULL, 'tersedia', NULL, 1, '2025-08-19 15:54:37', '2025-08-19 15:54:37'),
(1730, 'RETRACTOR BLADE F/BV812R 75MM BLACK', 'INST-4AFE5B6E22', 9, 4, '', NULL, 'tersedia', NULL, 1, '2025-08-19 15:54:37', '2025-08-19 15:54:37'),
(1731, 'RETRACTOR BLADE F/BV812R 85MM BLACK', 'INST-23BE8FE81E', 9, 4, '', NULL, 'tersedia', NULL, 1, '2025-08-19 15:54:37', '2025-08-19 15:54:37'),
(1732, 'CASPAR EXTRAFORAMINAL RETRACTOR BLD 40MM', 'INST-9B0987EA85', 9, 4, '', NULL, 'tersedia', NULL, 1, '2025-08-19 15:54:37', '2025-08-19 15:54:37'),
(1733, 'CASPAR EXTRAFORAMINAL RETRACTOR BLD 45MM', 'INST-CCA46FEE41', 9, 4, '', NULL, 'tersedia', NULL, 1, '2025-08-19 15:54:37', '2025-08-19 15:54:37'),
(1734, 'CASPAR EXTRAFORAMINAL RETRACTOR BLD 50MM', 'INST-BBCF0AEB1E', 9, 4, '', NULL, 'tersedia', NULL, 1, '2025-08-19 15:54:37', '2025-08-19 15:54:37'),
(1735, 'CASPAR EXTRAFORAMINAL RETRACTOR BLD 55MM', 'INST-884A086BF7', 9, 4, '', NULL, 'tersedia', NULL, 1, '2025-08-19 15:54:37', '2025-08-19 15:54:37'),
(1736, 'CASPAR EXTRAFORAMINAL RETRACTOR BLD 60MM', 'INST-D63DE8AD9B', 9, 4, '', NULL, 'tersedia', NULL, 1, '2025-08-19 15:54:37', '2025-08-19 15:54:37'),
(1737, 'CASPAR EXTRAFORAMINAL RETRACTOR BLD 65MM', 'INST-38259B8089', 9, 4, '', NULL, 'tersedia', NULL, 1, '2025-08-19 15:54:37', '2025-08-19 15:54:37'),
(1738, 'CASPAR EXTRAFORAMINAL RETRACTOR BLD 70MM', 'INST-1A48120AEC', 9, 4, '', NULL, 'tersedia', NULL, 1, '2025-08-19 15:54:37', '2025-08-19 15:54:37'),
(1739, 'CASPAR NERVE ROOT RETRACTOR 6MM 240MM', 'INST-6C5EDA3053', 9, 4, '', NULL, 'tersedia', NULL, 1, '2025-08-19 15:54:37', '2025-08-19 15:54:37'),
(1740, 'CASPAR NERVE ROOT RETRACTOR 8MM 240MM', 'INST-83D5EB1537', 9, 4, '', NULL, 'tersedia', NULL, 1, '2025-08-19 15:54:37', '2025-08-19 15:54:37'),
(1741, 'CASPAR KNIFE BLUNT-TIP STR 203MM', 'INST-72D9D8262D', 9, 4, '', NULL, 'tersedia', NULL, 1, '2025-08-19 15:54:37', '2025-08-19 15:54:37'),
(1742, 'CASPAR MICRO-DISSDWN-CVD4.5MM230MM', 'INST-099852D6D8', 9, 4, '', NULL, 'tersedia', NULL, 1, '2025-08-19 15:54:37', '2025-08-19 15:54:37'),
(1743, 'CASPAR MICRO-DISSDWN-CVD2.0MM230MM', 'INST-FBE7AE05B8', 9, 4, '', NULL, 'tersedia', NULL, 1, '2025-08-19 15:54:37', '2025-08-19 15:54:37'),
(1744, 'DAVIS VASCULAR SPATULA 245MM', 'INST-3BF914F6FB', 9, 4, '', NULL, 'tersedia', NULL, 1, '2025-08-19 15:54:37', '2025-08-19 15:54:37'),
(1745, 'CASPAR EXPLORATION HOOKLONG-TIP245MM', 'INST-5295DFA38E', 9, 4, '', NULL, 'tersedia', NULL, 1, '2025-08-19 15:54:37', '2025-08-19 15:54:37'),
(1746, 'SHARP BONE CURETTE #00STR4.4MM250MM', 'INST-251F952A1F', 9, 4, '', NULL, 'tersedia', NULL, 1, '2025-08-19 15:54:37', '2025-08-19 15:54:37'),
(1747, 'SHARP BONE CUR#00FWD-ANG4.4MM250MM', 'INST-D788DCA3C5', 9, 4, '', NULL, 'tersedia', NULL, 1, '2025-08-19 15:54:37', '2025-08-19 15:54:37'),
(1748, 'CASPAR RONGEURSTRSERR 2X12MM160MM', 'INST-4FF8685C78', 9, 4, '', NULL, 'tersedia', NULL, 1, '2025-08-19 15:54:37', '2025-08-19 15:54:37'),
(1749, 'CASPAR RONGEURSTRSERR 3X12MM160MM', 'INST-28E3CE3B76', 9, 4, '', NULL, 'tersedia', NULL, 1, '2025-08-19 15:54:37', '2025-08-19 15:54:37'),
(1750, 'CASPAR RONGEURSTRSERR 4X14MM160MM', 'INST-1EA58A47B1', 9, 4, '', NULL, 'tersedia', NULL, 1, '2025-08-19 15:54:37', '2025-08-19 15:54:37'),
(1751, 'CASPAR RONGEURUP-BITESERR 3MM160MM', 'INST-860BA44200', 9, 4, '', NULL, 'tersedia', NULL, 1, '2025-08-19 15:54:37', '2025-08-19 15:54:37'),
(1752, 'CASPAR RONGEURUP-BITESERR 4MM160MM', 'INST-928797EA99', 9, 4, '', NULL, 'tersedia', NULL, 1, '2025-08-19 15:54:37', '2025-08-19 15:54:37'),
(1753, 'CASPAR RONGEURDWN-BITESERR 3MM160MM', 'INST-913A08DE06', 9, 4, '', NULL, 'tersedia', NULL, 1, '2025-08-19 15:54:37', '2025-08-19 15:54:37'),
(1754, 'ANTRUM PUNCH ROTATABLE', 'INST-FDB60CAC69', 9, 4, '', NULL, 'tersedia', NULL, 1, '2025-08-19 15:54:37', '2025-08-19 15:54:37'),
(1755, 'KERRISON BLK COATED 130 UP 180X1MM REG', 'INST-48BE905630', 9, 4, '', NULL, 'tersedia', NULL, 1, '2025-08-19 15:54:37', '2025-08-19 15:54:37'),
(1756, 'KERRISON BLK COATED 130 UP 180X2MM REG', 'INST-7B0A75D172', 9, 4, '', NULL, 'tersedia', NULL, 1, '2025-08-19 15:54:37', '2025-08-19 15:54:37'),
(1757, 'KERRISON BLK COATED 130 UP 180X3MM REG', 'INST-C3361D42AD', 9, 4, '', NULL, 'tersedia', NULL, 1, '2025-08-19 15:54:37', '2025-08-19 15:54:37'),
(1758, 'KERRISON BLK COATED 130 UP 180X4MM REG', 'INST-68A96ABDEC', 9, 4, '', NULL, 'tersedia', NULL, 1, '2025-08-19 15:54:37', '2025-08-19 15:54:37'),
(1759, 'KERRISON BLK COATED 130 UP 200X5MM REG', 'INST-DFDC9D70AC', 9, 4, '', NULL, 'tersedia', NULL, 1, '2025-08-19 15:54:37', '2025-08-19 15:54:37'),
(1760, 'YASARGIL NEEDLE HOLDERBAYOUP-CVD225MM', 'INST-D0E1D3C20C', 9, 4, '', NULL, 'tersedia', NULL, 1, '2025-08-19 15:54:37', '2025-08-19 15:54:37'),
(1761, 'SUCTION TUBE TAPERED TEARDROP 12FR 230MM', 'INST-D3EE1609C9', 9, 4, '', NULL, 'tersedia', NULL, 1, '2025-08-19 15:54:37', '2025-08-19 15:54:37'),
(1762, 'INTERIOR BOX F/BL930', 'INST-2A3ED2BD70', 9, 4, '', NULL, 'tersedia', NULL, 1, '2025-08-19 15:54:37', '2025-08-19 15:54:37'),
(1763, 'LABORATORY DISH 0.16 L', 'INST-28B4E180AA', 9, 4, '', NULL, 'tersedia', NULL, 1, '2025-08-19 15:54:37', '2025-08-19 15:54:37'),
(1764, 'LABORATORY DISH 0.3 L', 'INST-DDEE361F1D', 9, 4, '', NULL, 'tersedia', NULL, 1, '2025-08-19 15:54:37', '2025-08-19 15:54:37'),
(1765, 'KIDNEY TRAY STAINLESS STEEL 250MM', 'INST-E1F30A4DBA', 9, 4, '', NULL, 'tersedia', NULL, 1, '2025-08-19 15:54:37', '2025-08-19 15:54:37'),
(1766, 'REDON SPIKE CH.10 SLIG.CVD.TRIANG.TIP', 'INST-374EE8645D', 9, 4, '', NULL, 'tersedia', NULL, 1, '2025-08-19 15:54:37', '2025-08-19 15:54:37'),
(1767, 'REDON SPIKE CH.12 SLIG.CVD.TRIANG.TIP', 'INST-DE8D35D81B', 9, 4, '', NULL, 'tersedia', NULL, 1, '2025-08-19 15:54:37', '2025-08-19 15:54:37'),
(1769, 'SILICONE PAD BLUE 470X230X30MM', 'INST-09AE101BAC', 9, 4, '', NULL, 'tersedia', NULL, 1, '2025-08-19 15:54:37', '2025-08-19 15:54:37'),
(1770, 'KERRISON DET130 DEG UP 1MM 180MM', 'INST-9472E5B248', 9, 4, '', NULL, 'tersedia', NULL, 1, '2025-08-19 15:54:37', '2025-08-19 15:54:37'),
(1771, 'KERRISON DET130 DEG UP 2MM 180MM', 'INST-140CD87AEC', 9, 4, '', NULL, 'tersedia', NULL, 1, '2025-08-19 15:54:37', '2025-08-19 15:54:37'),
(1772, 'KERRISON DET130 DEG UP 3MM 180MM.REG', 'INST-6E9C18904A', 9, 4, '', NULL, 'tersedia', NULL, 1, '2025-08-19 15:54:37', '2025-08-19 15:54:37'),
(1773, 'KERRISON DET130 DEG UP 4MM 180MMREG', 'INST-0890761198', 9, 4, '', NULL, 'tersedia', NULL, 1, '2025-08-19 15:54:37', '2025-08-19 15:54:37'),
(1774, 'KERRISON DET130 DEG UP 5MM 180MMREG', 'INST-C493E85377', 9, 4, '', NULL, 'tersedia', NULL, 1, '2025-08-19 15:54:37', '2025-08-19 15:54:37'),
(1775, 'KERRISON DET130 DEG UP 1MM 180MMTHP', 'INST-FCE067B7CB', 9, 4, '', NULL, 'tersedia', NULL, 1, '2025-08-19 15:54:37', '2025-08-19 15:54:37'),
(1776, 'KERRISON DET130 DEG UP 2MM 180MMTHP', 'INST-D1ED4A39C1', 9, 4, '', NULL, 'tersedia', NULL, 1, '2025-08-19 15:54:37', '2025-08-19 15:54:37'),
(1777, 'KERRISON DET130 DEG UP 3MM 180MMTHP', 'INST-0F676852B1', 9, 4, '', NULL, 'tersedia', NULL, 1, '2025-08-19 15:54:37', '2025-08-19 15:54:37'),
(1778, 'CASPAR RONGEURSTRSERR 2X12MM185MM', 'INST-5A277D5AA1', 9, 4, '', NULL, 'tersedia', NULL, 1, '2025-08-19 15:54:37', '2025-08-19 15:54:37'),
(1779, 'CASPAR RONGEURSTRSERR 3X12MM185MM', 'INST-5772A6E6C4', 9, 4, '', NULL, 'tersedia', NULL, 1, '2025-08-19 15:54:37', '2025-08-19 15:54:37'),
(1780, 'CASPAR RONGEURSTRSERR 4X14MM185MM', 'INST-822B5DE048', 9, 4, '', NULL, 'tersedia', NULL, 1, '2025-08-19 15:54:37', '2025-08-19 15:54:37'),
(1781, 'CASPAR RONGEURUP-BITESERR 3MM185MM', 'INST-C67577FDA8', 9, 4, '', NULL, 'tersedia', NULL, 1, '2025-08-19 15:54:37', '2025-08-19 15:54:37'),
(1782, 'CASPAR RONGEURUP-BITESERR 4MM185MM', 'INST-B58F26338F', 9, 4, '', NULL, 'tersedia', NULL, 1, '2025-08-19 15:54:37', '2025-08-19 15:54:37'),
(1783, 'CASPAR RONGEUR DWN-BITESERR3MM185MM', 'INST-E929634AAB', 9, 4, '', NULL, 'tersedia', NULL, 1, '2025-08-19 15:54:37', '2025-08-19 15:54:37'),
(1784, 'CASPAR RONGEUR DWN-BITESERR4MM185MM', 'INST-19397C4D81', 9, 4, '', NULL, 'tersedia', NULL, 1, '2025-08-19 15:54:37', '2025-08-19 15:54:37'),
(1785, 'KERRISON BAY.SHAPED 130UP 240MM 2MM', 'INST-066168997D', 9, 4, '', NULL, 'tersedia', NULL, 1, '2025-08-19 15:54:37', '2025-08-19 15:54:37'),
(1786, 'KERRISON BAY.SHAPED 130UP 240MM 3MM', 'INST-BF3B8FC41F', 9, 4, '', NULL, 'tersedia', NULL, 1, '2025-08-19 15:54:37', '2025-08-19 15:54:37'),
(1787, 'KERRISON BAY.SHAPED 130UP 240MM 4MM', 'INST-FC10C920E6', 9, 4, '', NULL, 'tersedia', NULL, 1, '2025-08-19 15:54:37', '2025-08-19 15:54:37'),
(1788, 'KERRISON BAY.SHAPED 130UP 240MM 5MM', 'INST-B0AD7F62F9', 9, 4, '', NULL, 'tersedia', NULL, 1, '2025-08-19 15:54:37', '2025-08-19 15:54:37'),
(1789, 'KERRISON CVD.UP 200MM 2MM', 'INST-B3513D0119', 9, 4, '', NULL, 'tersedia', NULL, 1, '2025-08-19 15:54:37', '2025-08-19 15:54:37'),
(1790, 'KERRISON CVD.UP 200MM 3MM', 'INST-3EC332D987', 9, 4, '', NULL, 'tersedia', NULL, 1, '2025-08-19 15:54:37', '2025-08-19 15:54:37'),
(1791, 'KERRISON CVD.UP 200MM 4MM', 'INST-3E60C547BA', 9, 4, '', NULL, 'tersedia', NULL, 1, '2025-08-19 15:54:37', '2025-08-19 15:54:37'),
(1792, 'KERRISON CVD.UP 200MM 5MM', 'INST-5F7EBF1B71', 9, 4, '', NULL, 'tersedia', NULL, 1, '2025-08-19 15:54:37', '2025-08-19 15:54:37'),
(1794, 'RACK FOR BONE PUNCHES AND RONGEURS', 'INST-3C8DF05BFE', 9, 4, '', NULL, 'tersedia', NULL, 1, '2025-08-19 15:54:37', '2025-08-19 15:54:37'),
(1795, 'BOTTOM FOR 1/1 CONTAINER HEIGHT:187MM', 'INST-7EED7BC373', 9, 4, '', NULL, 'tersedia', NULL, 1, '2025-08-19 15:54:37', '2025-08-19 15:54:37'),
(1796, 'PRIMELINE PRO 1/1 LID BLUE', 'INST-BF693B44B5', 9, 4, '', NULL, 'tersedia', NULL, 1, '2025-08-19 15:54:37', '2025-08-19 15:54:37'),
(1797, 'CCR ORGA TRAY', 'INST-7200697A2F', 9, 4, '', NULL, 'tersedia', NULL, 1, '2025-08-19 15:54:37', '2025-08-19 15:54:37'),
(1798, 'CCR LONGITUDINAL RETRACTOR', 'INST-E7E54DD86D', 9, 4, '', NULL, 'tersedia', NULL, 1, '2025-08-19 15:54:37', '2025-08-19 15:54:37'),
(1799, 'CCR LONGITUDINAL RETRACTOR V-STYLE', 'INST-C6D1A7CC9D', 9, 4, '', NULL, 'tersedia', NULL, 1, '2025-08-19 15:54:37', '2025-08-19 15:54:37'),
(1800, 'CCR TRANSVERSE RETRACTOR', 'INST-8A9D2D9972', 9, 4, '', NULL, 'tersedia', NULL, 1, '2025-08-19 15:54:37', '2025-08-19 15:54:37'),
(1801, 'CASPAR SIDE LOAD BLADE HANDLE', 'INST-494801CF17', 9, 4, '', NULL, 'tersedia', NULL, 1, '2025-08-19 15:54:37', '2025-08-19 15:54:37'),
(1802, 'CCR DEPTH MEASUREMENT INSTRUMENT', 'INST-415189BFCB', 9, 4, '', NULL, 'tersedia', NULL, 1, '2025-08-19 15:54:37', '2025-08-19 15:54:37'),
(1803, 'CCR BLADE FENESTRTD TI LATERAL 30X24MM', 'INST-A1E20504F9', 9, 4, '', NULL, 'tersedia', NULL, 1, '2025-08-19 15:54:37', '2025-08-19 15:54:37'),
(1804, 'CCR BLADE FENESTRTD TI LATERAL 35X24MM', 'INST-062A0A43C9', 9, 4, '', NULL, 'tersedia', NULL, 1, '2025-08-19 15:54:37', '2025-08-19 15:54:37'),
(1805, 'CCR BLADE FENESTRTD TI LATERAL 40X24MM', 'INST-6E6FABAFC4', 9, 4, '', NULL, 'tersedia', NULL, 1, '2025-08-19 15:54:37', '2025-08-19 15:54:37'),
(1806, 'CCR BLADE FENESTRTD TI LATERAL 45X24MM', 'INST-DF91F2728D', 9, 4, '', NULL, 'tersedia', NULL, 1, '2025-08-19 15:54:37', '2025-08-19 15:54:37'),
(1807, 'CCR BLADE FENESTRTD TI LATERAL 50X24MM', 'INST-3928FE997A', 9, 4, '', NULL, 'tersedia', NULL, 1, '2025-08-19 15:54:37', '2025-08-19 15:54:37'),
(1808, 'CCR BLADE FENESTRTD TI LATERAL 55X24MM', 'INST-E9AA30DCD1', 9, 4, '', NULL, 'tersedia', NULL, 1, '2025-08-19 15:54:37', '2025-08-19 15:54:37'),
(1809, 'CCR BLADE FENESTRTD TI LATERAL 60X24MM', 'INST-46D88051D0', 9, 4, '', NULL, 'tersedia', NULL, 1, '2025-08-19 15:54:37', '2025-08-19 15:54:37'),
(1810, 'CCR BLADE FENESTRTD TI LATERAL 65X24MM', 'INST-8C3245ED3A', 9, 4, '', NULL, 'tersedia', NULL, 1, '2025-08-19 15:54:37', '2025-08-19 15:54:37'),
(1811, 'CCR BLADE FENESTRTD TI MEDIAL 30X24MM', 'INST-1858F91192', 9, 4, '', NULL, 'tersedia', NULL, 1, '2025-08-19 15:54:37', '2025-08-19 15:54:37'),
(1812, 'CCR BLADE FENESTRTD TI MEDIAL 35X24MM', 'INST-F0EC556F5C', 9, 4, '', NULL, 'tersedia', NULL, 1, '2025-08-19 15:54:37', '2025-08-19 15:54:37'),
(1813, 'CCR BLADE FENESTRTD TI MEDIAL 40X24MM', 'INST-7855088D02', 9, 4, '', NULL, 'tersedia', NULL, 1, '2025-08-19 15:54:37', '2025-08-19 15:54:37'),
(1814, 'CCR BLADE FENESTRTD TI MEDIAL 45X24MM', 'INST-48B3CEC403', 9, 4, '', NULL, 'tersedia', NULL, 1, '2025-08-19 15:54:37', '2025-08-19 15:54:37'),
(1815, 'CCR BLADE FENESTRTD TI MEDIAL 50X24MM', 'INST-51A84E5C7A', 9, 4, '', NULL, 'tersedia', NULL, 1, '2025-08-19 15:54:37', '2025-08-19 15:54:37'),
(1816, 'CCR BLADE FENESTRTD TI MEDIAL 55X24MM', 'INST-A5F8211C1B', 9, 4, '', NULL, 'tersedia', NULL, 1, '2025-08-19 15:54:37', '2025-08-19 15:54:37'),
(1817, 'CCR BLADE FENESTRTD TI MEDIAL 60X24MM', 'INST-26F6425978', 9, 4, '', NULL, 'tersedia', NULL, 1, '2025-08-19 15:54:37', '2025-08-19 15:54:37'),
(1818, 'CCR BLADE FENESTRTD TI MEDIAL 65X24MM', 'INST-A5E4962926', 9, 4, '', NULL, 'tersedia', NULL, 1, '2025-08-19 15:54:37', '2025-08-19 15:54:37'),
(1819, 'CCR BLADEFENESTRATED TI BLUNT 35X24MM', 'INST-C7936C0AAC', 9, 4, '', NULL, 'tersedia', NULL, 1, '2025-08-19 15:54:37', '2025-08-19 15:54:37'),
(1820, 'CCR BLADEFENESTRATED TI BLUNT 40X24MM', 'INST-72CFBC6BA1', 9, 4, '', NULL, 'tersedia', NULL, 1, '2025-08-19 15:54:37', '2025-08-19 15:54:37'),
(1821, 'CCR BLADEFENESTRATED TI BLUNT 45X24MM', 'INST-F03C82CA6A', 9, 4, '', NULL, 'tersedia', NULL, 1, '2025-08-19 15:54:37', '2025-08-19 15:54:37'),
(1822, 'CCR BLADEFENESTRATED TI BLUNT 50X24MM', 'INST-423BA16D9F', 9, 4, '', NULL, 'tersedia', NULL, 1, '2025-08-19 15:54:37', '2025-08-19 15:54:37'),
(1823, 'CCR BLADEFENESTRATED TI BLUNT 55X24MM', 'INST-86FD6BC9F0', 9, 4, '', NULL, 'tersedia', NULL, 1, '2025-08-19 15:54:37', '2025-08-19 15:54:37'),
(1824, 'CCR BLADEFENESTRATED TI BLUNT 60X24MM', 'INST-44D574FCF5', 9, 4, '', NULL, 'tersedia', NULL, 1, '2025-08-19 15:54:37', '2025-08-19 15:54:37'),
(1825, 'CCR BLADEFENESTRATED TI BLUNT 65X24MM', 'INST-73E42AE81B', 9, 4, '', NULL, 'tersedia', NULL, 1, '2025-08-19 15:54:37', '2025-08-19 15:54:37'),
(1826, 'SCALPEL HANDLE #4 135MM', 'INST-453D5914A7', 9, 4, '', NULL, 'tersedia', NULL, 1, '2025-08-19 15:54:37', '2025-08-19 15:54:37'),
(1827, 'SCALPEL HDL.STR.NO.4', 'INST-ED9B956599', 9, 4, '', NULL, 'tersedia', NULL, 1, '2025-08-19 15:54:37', '2025-08-19 15:54:37'),
(1828, 'SCALPEL HANDLE #7 ENGLISH NO.5 160MM', 'INST-76E1561832', 9, 4, '', NULL, 'tersedia', NULL, 1, '2025-08-19 15:54:37', '2025-08-19 15:54:37'),
(1829, 'NELSON-METZENBAUM SCISSORS CVD 230MM', 'INST-0EFB119F4B', 9, 4, '', NULL, 'tersedia', NULL, 1, '2025-08-19 15:54:37', '2025-08-19 15:54:37'),
(1830, 'CUSHING DEL STR FORCEPS 200MM', 'INST-C76ADA582D', 9, 4, '', NULL, 'tersedia', NULL, 1, '2025-08-19 15:54:37', '2025-08-19 15:54:37'),
(1831, 'STANDARD TISSUE FORCEPS 1X2 160MM', 'INST-38567A1600', 9, 4, '', NULL, 'tersedia', NULL, 1, '2025-08-19 15:54:37', '2025-08-19 15:54:37'),
(1832, 'GERALD FORCEPS DEL STR 175MM', 'INST-625473D892', 9, 4, '', NULL, 'tersedia', NULL, 1, '2025-08-19 15:54:37', '2025-08-19 15:54:37'),
(1833, 'GERALD TISSUE FCPS STR 1X2 175MM', 'INST-574519461A', 9, 4, '', NULL, 'tersedia', NULL, 1, '2025-08-19 15:54:37', '2025-08-19 15:54:37'),
(1834, 'LERICHE DELICATE FORCEPS CVD1X2150MM', 'INST-6C36A8BA07', 9, 4, '', NULL, 'tersedia', NULL, 1, '2025-08-19 15:54:37', '2025-08-19 15:54:37'),
(1835, 'MAYO-HEGAR NEEDLE HOLDER200MM', 'INST-5BE4ED024A', 9, 4, '', NULL, 'tersedia', NULL, 1, '2025-08-19 15:54:37', '2025-08-19 15:54:37'),
(1836, 'CUSHING VESS.HOOK BL.90DEG 4/190MM', 'INST-095BDC6D6A', 9, 4, '', NULL, 'tersedia', NULL, 1, '2025-08-19 15:54:37', '2025-08-19 15:54:37'),
(1837, 'VOLKMANN RETR6-PRGSHARP9X29MM220MM', 'INST-13C0DFE0DD', 9, 4, '', NULL, 'tersedia', NULL, 1, '2025-08-19 15:54:37', '2025-08-19 15:54:37'),
(1838, 'GELPI VAGINAL RETRACTOR135MM', 'INST-166F14A0C4', 9, 4, '', NULL, 'tersedia', NULL, 1, '2025-08-19 15:54:37', '2025-08-19 15:54:37'),
(1839, 'BECKMANN-EATON LAM RETR 7X7 SHP 320MM', 'INST-6DB0DD529B', 9, 4, '', NULL, 'tersedia', NULL, 1, '2025-08-19 15:54:37', '2025-08-19 15:54:37'),
(1840, 'SCOVILLE LAMINECTOMY RETRACTOR', 'INST-FCE08B8A17', 9, 4, '', NULL, 'tersedia', NULL, 1, '2025-08-19 15:54:37', '2025-08-19 15:54:37'),
(1841, 'DISSECTOR 240MM SPAT.ENDS 3+4MM', 'INST-CAC6396FC2', 9, 4, '', NULL, 'tersedia', NULL, 1, '2025-08-19 15:54:37', '2025-08-19 15:54:37'),
(1842, 'LOVE NERVE ROOT RETRACTOR BAY-SH.210MM', 'INST-33DD04CB3B', 9, 4, '', NULL, 'tersedia', NULL, 1, '2025-08-19 15:54:37', '2025-08-19 15:54:37'),
(1843, 'LOVE NERVE ROOT RETRACTOR STR 220MM', 'INST-6CB87812B0', 9, 4, '', NULL, 'tersedia', NULL, 1, '2025-08-19 15:54:37', '2025-08-19 15:54:37'),
(1844, 'COBBS SPINAL ELEVATOR 13MM WIDE 280MM', 'INST-F5DFCAB6D8', 9, 4, '', NULL, 'tersedia', NULL, 1, '2025-08-19 15:54:37', '2025-08-19 15:54:37'),
(1845, 'LANGENBECK RIB RASPATORY 16MM 190MM', 'INST-0A866B3B54', 9, 4, '', NULL, 'tersedia', NULL, 1, '2025-08-19 15:54:37', '2025-08-19 15:54:37'),
(1846, 'SHARP BONE CURETTE # 000STR3.6MM250MM', 'INST-DDFC36E975', 9, 4, '', NULL, 'tersedia', NULL, 1, '2025-08-19 15:54:37', '2025-08-19 15:54:37'),
(1847, 'SHARP BONE CUR#000FWD-ANG3.6MM250MM', 'INST-902E04DEBE', 9, 4, '', NULL, 'tersedia', NULL, 1, '2025-08-19 15:54:37', '2025-08-19 15:54:37'),
(1848, 'SHARP BONE CURETTE#0FWD-ANG5.2MM250MM', 'INST-D743413D5A', 9, 4, '', NULL, 'tersedia', NULL, 1, '2025-08-19 15:54:37', '2025-08-19 15:54:37'),
(1849, 'OLIVECRONA BONE RONGEUR CVD 205MM', 'INST-F0E1C50355', 9, 4, '', NULL, 'tersedia', NULL, 1, '2025-08-19 15:54:37', '2025-08-19 15:54:37'),
(1850, 'STILLE BONE RONGEUR230MM', 'INST-CCE5F1D28E', 9, 4, '', NULL, 'tersedia', NULL, 1, '2025-08-19 15:54:37', '2025-08-19 15:54:37'),
(1851, 'LEKSELL-STILLE BONE RONGEUR 240MM', 'INST-51B49B162D', 9, 4, '', NULL, 'tersedia', NULL, 1, '2025-08-19 15:54:37', '2025-08-19 15:54:37'),
(1852, 'BONE CUTTING FORCEPS ANG 240MM', 'INST-92B102AB4C', 9, 4, '', NULL, 'tersedia', NULL, 1, '2025-08-19 15:54:37', '2025-08-19 15:54:37'),
(1853, 'CASPAR SPECULUM 65MM BLACK', 'INST-60E3730314', 9, 4, '', NULL, 'tersedia', NULL, 1, '2025-08-19 15:54:37', '2025-08-19 15:54:37'),
(1854, 'KIDNEY TRAY 170MM 250ML', 'INST-5F5152BCB0', 9, 4, '', NULL, 'tersedia', NULL, 1, '2025-08-19 15:54:37', '2025-08-19 15:54:37'),
(1855, 'LABORATORY DISH 0.063 L', 'INST-4D2DEDF377', 9, 4, '', NULL, 'tersedia', NULL, 1, '2025-08-19 15:54:37', '2025-08-19 15:54:37'),
(1856, 'BOTTOM FOR 1/1 CONTAINER HEIGHT:120MM', 'INST-2456B97690', 9, 4, '', NULL, 'tersedia', NULL, 1, '2025-08-19 15:54:37', '2025-08-19 15:54:37'),
(1857, 'CLR RETRACTOR BLADE 35X20MM SL', 'INST-37F4B2BBF6', 9, 4, '', NULL, 'tersedia', NULL, 1, '2025-08-19 15:54:37', '2025-08-19 15:54:37'),
(1858, 'CLR RETRACTOR BLADE 40X20MM SL', 'INST-33545E3E3B', 9, 4, '', NULL, 'tersedia', NULL, 1, '2025-08-19 15:54:37', '2025-08-19 15:54:37'),
(1859, 'CLR RETRACTOR BLADE 45X20MM SL', 'INST-EC29DA4079', 9, 4, '', NULL, 'tersedia', NULL, 1, '2025-08-19 15:54:37', '2025-08-19 15:54:37'),
(1860, 'CLR RETRACTOR BLADE 55X20MM SL', 'INST-D216312FBC', 9, 4, '', NULL, 'tersedia', NULL, 1, '2025-08-19 15:54:37', '2025-08-19 15:54:37'),
(1861, 'CLR RETRACTOR BLADE 65X20MM SL', 'INST-1C19633FEF', 9, 4, '', NULL, 'tersedia', NULL, 1, '2025-08-19 15:54:37', '2025-08-19 15:54:37'),
(1862, 'CLR RETRACTOR BLADE 35X40MM SL', 'INST-81A50EEB93', 9, 4, '', NULL, 'tersedia', NULL, 1, '2025-08-19 15:54:37', '2025-08-19 15:54:37'),
(1863, 'CLR RETRACTOR BLADE 40X40MM SL', 'INST-C4014B5940', 9, 4, '', NULL, 'tersedia', NULL, 1, '2025-08-19 15:54:37', '2025-08-19 15:54:37'),
(1864, 'CLR RETRACTOR BLADE 45X40MM SL', 'INST-EC9436C32E', 9, 4, '', NULL, 'tersedia', NULL, 1, '2025-08-19 15:54:37', '2025-08-19 15:54:37'),
(1865, 'CLR RETRACTOR BLADE 55X40MM SL', 'INST-763EA62039', 9, 4, '', NULL, 'tersedia', NULL, 1, '2025-08-19 15:54:37', '2025-08-19 15:54:37'),
(1866, 'CLR RETRACTOR BLADE 65X40MM SL', 'INST-A4248E0842', 9, 4, '', NULL, 'tersedia', NULL, 1, '2025-08-19 15:54:37', '2025-08-19 15:54:37'),
(1867, 'CLR RETRACTOR BLADE 75X40MM SL', 'INST-7998A0E686', 9, 4, '', NULL, 'tersedia', NULL, 1, '2025-08-19 15:54:37', '2025-08-19 15:54:37'),
(1868, 'CLR RETRACTOR BLADE 35X60MM SL', 'INST-A3D00A61A1', 9, 4, '', NULL, 'tersedia', NULL, 1, '2025-08-19 15:54:37', '2025-08-19 15:54:37'),
(1869, 'CLR RETRACTOR BLADE 40X60MM SL', 'INST-F2F78848C9', 9, 4, '', NULL, 'tersedia', NULL, 1, '2025-08-19 15:54:37', '2025-08-19 15:54:37'),
(1870, 'CLR RETRACTOR BLADE 45X60MM SL', 'INST-577D4DE8AF', 9, 4, '', NULL, 'tersedia', NULL, 1, '2025-08-19 15:54:37', '2025-08-19 15:54:37'),
(1871, 'CLR RETRACTOR BLADE 55X60MM SL', 'INST-B91BE4DF30', 9, 4, '', NULL, 'tersedia', NULL, 1, '2025-08-19 15:54:37', '2025-08-19 15:54:37'),
(1872, 'CLR RETRACTOR BLADE 65X60MM SL', 'INST-470EF22F47', 9, 4, '', NULL, 'tersedia', NULL, 1, '2025-08-19 15:54:37', '2025-08-19 15:54:37'),
(1873, 'CLR RETRACTOR BLADE 75X60MM SL', 'INST-CB17B34215', 9, 4, '', NULL, 'tersedia', NULL, 1, '2025-08-19 15:54:37', '2025-08-19 15:54:37'),
(1874, 'CLR RETRACTOR BLADE 85X60MM SL', 'INST-1882935702', 9, 4, '', NULL, 'tersedia', NULL, 1, '2025-08-19 15:54:37', '2025-08-19 15:54:37'),
(1875, 'SLR/CLR SYSTEM RETRACTOR ONLY', 'INST-68E4651BD9', 9, 4, '', NULL, 'tersedia', NULL, 1, '2025-08-19 15:54:37', '2025-08-19 15:54:37'),
(1876, 'HEX KEY', 'INST-FCBCA2F367', 9, 4, '', NULL, 'tersedia', NULL, 1, '2025-08-19 15:54:37', '2025-08-19 15:54:37'),
(1877, 'CLR HEMILAMINECTOMY HOOK SMALL SL', 'INST-2CF1BF3143', 9, 4, '', NULL, 'tersedia', NULL, 1, '2025-08-19 15:54:37', '2025-08-19 15:54:37'),
(1878, 'CLR HEMILAMINECTOMY HOOK LARGE SL', 'INST-FEDC14AB03', 9, 4, '', NULL, 'tersedia', NULL, 1, '2025-08-19 15:54:37', '2025-08-19 15:54:37'),
(1879, 'CLR TRAY ONLY', 'INST-922440403A', 9, 4, '', NULL, 'tersedia', NULL, 1, '2025-08-19 15:54:37', '2025-08-19 15:54:37'),
(1880, 'Begkok', 'INST-CC5DAB2D5E', 9, 4, '', NULL, 'tersedia', NULL, 1, '2025-08-19 15:54:37', '2025-08-19 15:54:37'),
(1881, 'Elevator', 'INST-6458FD272B', 9, 4, '', NULL, 'tersedia', NULL, 1, '2025-08-19 15:54:37', '2025-08-19 15:54:37'),
(1882, 'Gigli', 'INST-EF4FE4B3C3', 9, 4, '', NULL, 'tersedia', NULL, 1, '2025-08-19 15:54:37', '2025-08-19 15:54:37'),
(1883, 'Hal langeng', 'INST-D873B5E965', 9, 4, '', NULL, 'tersedia', NULL, 1, '2025-08-19 15:54:37', '2025-08-19 15:54:37'),
(1884, 'Handel mess no 3', 'INST-F4441AD491', 9, 4, '', NULL, 'tersedia', NULL, 1, '2025-08-19 15:54:37', '2025-08-19 15:54:37'),
(1885, 'Handel mess no 4', 'INST-0CED827D39', 9, 4, '', NULL, 'tersedia', NULL, 1, '2025-08-19 15:54:37', '2025-08-19 15:54:37'),
(1886, 'Knabel', 'INST-AF6305EDD9', 9, 4, '', NULL, 'tersedia', NULL, 1, '2025-08-19 15:54:37', '2025-08-19 15:54:37'),
(1887, 'Pengait gigli', 'INST-793D8BBDBD', 9, 4, '', NULL, 'tersedia', NULL, 1, '2025-08-19 15:54:37', '2025-08-19 15:54:37'),
(1888, 'Raspatoriun', 'INST-383652218A', 9, 4, '', NULL, 'tersedia', NULL, 1, '2025-08-19 15:54:37', '2025-08-19 15:54:37'),
(1889, 'Songe holder', 'INST-5141AE83C2', 9, 4, '', NULL, 'tersedia', NULL, 1, '2025-08-19 15:54:37', '2025-08-19 15:54:37'),
(1890, 'Gandle mess no.3', 'INST-64BA046BCA', 9, 4, '', NULL, 'tersedia', NULL, 1, '2025-08-19 15:54:37', '2025-08-19 15:54:37'),
(1891, 'Hak doyen', 'INST-FF5938D1B9', 9, 4, '', NULL, 'tersedia', NULL, 1, '2025-08-19 15:54:37', '2025-08-19 15:54:37'),
(1892, 'Hook tajam', 'INST-5D6FB8BCA9', 9, 4, '', NULL, 'tersedia', NULL, 1, '2025-08-19 15:54:37', '2025-08-19 15:54:37'),
(1893, 'Cucing sedang', 'INST-6A044C67EF', 9, 4, '', NULL, 'tersedia', NULL, 1, '2025-08-19 15:54:37', '2025-08-19 15:54:37'),
(1894, 'Ellis', 'INST-D72AA393D0', 9, 4, '', NULL, 'tersedia', NULL, 1, '2025-08-19 15:54:37', '2025-08-19 15:54:37'),
(1895, 'Hak Langenback', 'INST-900B36040E', 9, 4, '', NULL, 'tersedia', NULL, 1, '2025-08-19 15:54:37', '2025-08-19 15:54:37'),
(1896, 'Hak kecil gigi tajam', 'INST-AD7815157D', 9, 4, '', NULL, 'tersedia', NULL, 1, '2025-08-19 15:54:37', '2025-08-19 15:54:37'),
(1897, 'Intande', 'INST-057B1A2238', 9, 4, '', NULL, 'tersedia', NULL, 1, '2025-08-19 15:54:37', '2025-08-19 15:54:37'),
(1898, 'Kocher', 'INST-1BB6E02F37', 9, 4, '', NULL, 'tersedia', NULL, 1, '2025-08-19 15:54:37', '2025-08-19 15:54:37'),
(1899, 'Naldfuder', 'INST-C23698C161', 9, 4, '', NULL, 'tersedia', NULL, 1, '2025-08-19 15:54:37', '2025-08-19 15:54:37'),
(1900, 'Kogel Tang', 'INST-FB17DAAE8E', 9, 4, '', NULL, 'tersedia', NULL, 1, '2025-08-19 15:54:37', '2025-08-19 15:54:37'),
(1901, 'Gunting benan', 'INST-DAB36E4189', 9, 4, '', NULL, 'tersedia', NULL, 1, '2025-08-19 15:54:37', '2025-08-19 15:54:37'),
(1902, 'Jak langen', 'INST-06CD87EA0F', 9, 4, '', NULL, 'tersedia', NULL, 1, '2025-08-19 15:54:37', '2025-08-19 15:54:37'),
(1903, 'Sonde uterus', 'INST-CA5AA34EA3', 9, 4, '', NULL, 'tersedia', NULL, 1, '2025-08-19 15:54:37', '2025-08-19 15:54:37'),
(1904, 'Speculum vagina', 'INST-EFA0CFBC48', 9, 4, '', NULL, 'tersedia', NULL, 1, '2025-08-19 15:54:37', '2025-08-19 15:54:37'),
(1905, 'Buldog', 'INST-A928600F07', 9, 4, '', NULL, 'tersedia', NULL, 1, '2025-08-19 15:54:37', '2025-08-19 15:54:37'),
(1906, 'Gunting Metzemboom', 'INST-08F440DEA1', 9, 4, '', NULL, 'tersedia', NULL, 1, '2025-08-19 15:54:37', '2025-08-19 15:54:37'),
(1907, 'Gunting pot', 'INST-F501086BD0', 9, 4, '', NULL, 'tersedia', NULL, 1, '2025-08-19 15:54:37', '2025-08-19 15:54:37'),
(1908, 'Hak langen gigi tajam', 'INST-F13CFDA3C8', 9, 4, '', NULL, 'tersedia', NULL, 1, '2025-08-19 15:54:37', '2025-08-19 15:54:37'),
(1909, 'Krom klem', 'INST-E5C670028F', 9, 4, '', NULL, 'tersedia', NULL, 1, '2025-08-19 15:54:37', '2025-08-19 15:54:37'),
(1910, 'Nald foeder', 'INST-8B2CB6A419', 9, 4, '', NULL, 'tersedia', NULL, 1, '2025-08-19 15:54:37', '2025-08-19 15:54:37'),
(1911, 'Sponge holder', 'INST-0DA6260D92', 9, 4, '', NULL, 'tersedia', NULL, 1, '2025-08-19 15:54:37', '2025-08-19 15:54:37'),
(1912, 'Statinsky', 'INST-0D80ACD881', 9, 4, '', NULL, 'tersedia', NULL, 1, '2025-08-19 15:54:37', '2025-08-19 15:54:37'),
(1913, 'ABSON (DESECTOR)', 'INST-3DEECBD55B', 9, 4, '', NULL, 'tersedia', NULL, 1, '2025-08-19 15:54:37', '2025-08-19 15:54:37'),
(1914, 'BENGKOK / NAMPAN', 'INST-F1F43EBD6A', 9, 4, '', NULL, 'tersedia', NULL, 1, '2025-08-19 15:54:37', '2025-08-19 15:54:37'),
(1915, 'BRAIN SPATEL', 'INST-87DAAE73F1', 9, 4, '', NULL, 'tersedia', NULL, 1, '2025-08-19 15:54:37', '2025-08-19 15:54:37'),
(1916, 'CURET', 'INST-9D774058E2', 9, 4, '', NULL, 'tersedia', NULL, 1, '2025-08-19 15:54:37', '2025-08-19 15:54:37'),
(1917, 'DANDY KLEM', 'INST-7CCC008F47', 9, 4, '', NULL, 'tersedia', NULL, 1, '2025-08-19 15:54:37', '2025-08-19 15:54:37'),
(1918, 'HAAK  SPREDER', 'INST-7D4672E607', 9, 4, '', NULL, 'tersedia', NULL, 1, '2025-08-19 15:54:37', '2025-08-19 15:54:37'),
(1919, 'HAAK LANGEN', 'INST-F5E1A6E314', 9, 4, '', NULL, 'tersedia', NULL, 1, '2025-08-19 15:54:37', '2025-08-19 15:54:37'),
(1920, 'PEAN ARTERI LURUS', 'INST-A1C34261F9', 9, 4, '', NULL, 'tersedia', NULL, 1, '2025-08-19 15:54:37', '2025-08-19 15:54:37'),
(1921, 'PINSET DURA', 'INST-A7DC08760D', 9, 4, '', NULL, 'tersedia', NULL, 1, '2025-08-19 15:54:37', '2025-08-19 15:54:37'),
(1922, 'RASHPATORIUM KECIL', 'INST-1CE68F3A7E', 9, 4, '', NULL, 'tersedia', NULL, 1, '2025-08-19 15:54:37', '2025-08-19 15:54:37'),
(1923, 'WIRE', 'INST-158E8945CA', 9, 4, '', NULL, 'tersedia', NULL, 1, '2025-08-19 15:54:37', '2025-08-19 15:54:37'),
(1924, 'PINSET TUMOR', 'INST-BD26693834', 9, 4, '', NULL, 'tersedia', NULL, 1, '2025-08-19 15:54:37', '2025-08-19 15:54:37'),
(1925, 'BONE ROUNGER NO.3.4.5', 'INST-663DF75AF9', 9, 4, '', NULL, 'tersedia', NULL, 1, '2025-08-19 15:54:37', '2025-08-19 15:54:37'),
(1926, 'ADSON / DESECTOR', 'INST-E83271A32E', 9, 4, '', NULL, 'tersedia', NULL, 1, '2025-08-19 15:54:37', '2025-08-19 15:54:37'),
(1927, 'NERVE HOOK', 'INST-739D5BA128', 9, 4, '', NULL, 'tersedia', NULL, 1, '2025-08-19 15:54:37', '2025-08-19 15:54:37'),
(1928, 'PEAN LURUS BESAR', 'INST-B0A22900E7', 9, 4, '', NULL, 'tersedia', NULL, 1, '2025-08-19 15:54:37', '2025-08-19 15:54:37'),
(1929, 'KOCHER LENGKUNG/ PANJANG', 'INST-EA5018FFD4', 9, 4, '', NULL, 'tersedia', NULL, 1, '2025-08-19 15:54:37', '2025-08-19 15:54:37'),
(1930, 'KOCHER ARTERY KLEM', 'INST-E3044BBA63', 9, 4, '', NULL, 'tersedia', NULL, 1, '2025-08-19 15:54:37', '2025-08-19 15:54:37'),
(1931, 'DUUK KLEM', 'INST-EE69B9CA5D', 9, 4, '', NULL, 'tersedia', NULL, 1, '2025-08-19 15:54:37', '2025-08-19 15:54:37'),
(1932, 'PINSET ANATOMY', 'INST-9979A4E718', 9, 4, '', NULL, 'tersedia', NULL, 1, '2025-08-19 15:54:37', '2025-08-19 15:54:37'),
(1933, 'PINSET CIRURGY', 'INST-83AF743CD9', 9, 4, '', NULL, 'tersedia', NULL, 1, '2025-08-19 15:54:37', '2025-08-19 15:54:37'),
(1934, 'NALD FOEDER', 'INST-65B59B1B3D', 9, 4, '', NULL, 'tersedia', NULL, 1, '2025-08-19 15:54:37', '2025-08-19 15:54:37'),
(1935, 'HANDLE MESH NO.4.7 BIONET', 'INST-4118866BA9', 9, 4, '', NULL, 'tersedia', NULL, 1, '2025-08-19 15:54:37', '2025-08-19 15:54:37'),
(1936, 'CUCING KECIL', 'INST-918D742A93', 9, 4, '', NULL, 'tersedia', NULL, 1, '2025-08-19 15:54:37', '2025-08-19 15:54:37'),
(1937, 'CUCING BESAR OVAL / BULAT', 'INST-8E938A7BB5', 9, 4, '', NULL, 'tersedia', NULL, 1, '2025-08-19 15:54:37', '2025-08-19 15:54:37'),
(1938, 'HAK LANGEN DOUBLE', 'INST-170AE2CAD2', 9, 4, '', NULL, 'tersedia', NULL, 1, '2025-08-19 15:54:37', '2025-08-19 15:54:37'),
(1939, 'LUMBAL RETRACTOR', 'INST-DC60A78043', 9, 4, '', NULL, 'tersedia', NULL, 1, '2025-08-19 15:54:37', '2025-08-19 15:54:37');
INSERT INTO `instruments` (`instrument_id`, `instrument_name`, `instrument_code`, `instrument_type_id`, `department_id`, `notes`, `image_filename`, `status`, `expiry_in_days`, `created_by_user_id`, `created_at`, `updated_at`) VALUES
(1940, 'RASPARATORIUM BESAR', 'INST-1DCD918C3D', 9, 4, '', NULL, 'tersedia', NULL, 1, '2025-08-19 15:54:37', '2025-08-19 15:54:37'),
(1941, 'RASPARATORIUM BOLAK BALIK', 'INST-164F2899F8', 9, 4, '', NULL, 'tersedia', NULL, 1, '2025-08-19 15:54:37', '2025-08-19 15:54:37'),
(1942, 'BONE CURETAGE', 'INST-268ACFF725', 9, 4, '', NULL, 'tersedia', NULL, 1, '2025-08-19 15:54:37', '2025-08-19 15:54:37'),
(1943, 'HNP TANG LURUS', 'INST-C23490CA9C', 9, 4, '', NULL, 'tersedia', NULL, 1, '2025-08-19 15:54:37', '2025-08-19 15:54:37'),
(1944, 'HNP TANG UP', 'INST-AD1408CBEC', 9, 4, '', NULL, 'tersedia', NULL, 1, '2025-08-19 15:54:37', '2025-08-19 15:54:37'),
(1945, 'BONE RENGEURUS NO.1', 'INST-00D65355DD', 9, 4, '', NULL, 'tersedia', NULL, 1, '2025-08-19 15:54:37', '2025-08-19 15:54:37'),
(1946, 'BONE RENGEURUS NO.2', 'INST-1010BADFF8', 9, 4, '', NULL, 'tersedia', NULL, 1, '2025-08-19 15:54:37', '2025-08-19 15:54:37'),
(1947, 'BONE RENGEURUS NO.3', 'INST-DCF8595BB6', 9, 4, '', NULL, 'tersedia', NULL, 1, '2025-08-19 15:54:37', '2025-08-19 15:54:37'),
(1948, 'BONE RENGEURUS NO.4', 'INST-1F0E339702', 9, 4, '', NULL, 'tersedia', NULL, 1, '2025-08-19 15:54:37', '2025-08-19 15:54:37'),
(1949, 'PICULINO', 'INST-4D9DD69431', 9, 4, '', NULL, 'tersedia', NULL, 1, '2025-08-19 15:54:37', '2025-08-19 15:54:37'),
(1950, 'GELPI', 'INST-4FEA53E0EA', 9, 4, '', NULL, 'tersedia', NULL, 1, '2025-08-19 15:54:37', '2025-08-19 15:54:37'),
(1951, 'KOP BESAR', 'INST-4F091CA37F', 9, 4, '', NULL, 'tersedia', NULL, 1, '2025-08-19 15:54:37', '2025-08-19 15:54:37'),
(1952, 'KNABEL BESAR / KECIL', 'INST-8712DD0257', 9, 4, '', NULL, 'tersedia', NULL, 1, '2025-08-19 15:54:37', '2025-08-19 15:54:37'),
(1953, 'BONE CUTING', 'INST-9B5B7F4A55', 9, 4, '', NULL, 'tersedia', NULL, 1, '2025-08-19 15:54:37', '2025-08-19 15:54:37'),
(1954, 'GUNTING DURA', 'INST-2CAE63C4A2', 9, 4, '', NULL, 'tersedia', NULL, 1, '2025-08-19 15:54:37', '2025-08-19 15:54:37'),
(1955, 'RASHPATORIUM MELENGKUNG', 'INST-95B71FD174', 9, 4, '', NULL, 'tersedia', NULL, 1, '2025-08-19 15:54:37', '2025-08-19 15:54:37'),
(1956, 'KOCHER LENGKUNG', 'INST-87E187752C', 9, 4, '', NULL, 'tersedia', NULL, 1, '2025-08-19 15:54:37', '2025-08-19 15:54:37'),
(1957, 'KLEM ARTERI', 'INST-FE20000E56', 9, 4, '', NULL, 'tersedia', NULL, 1, '2025-08-19 15:54:37', '2025-08-19 15:54:37'),
(1958, 'ARTERI KLEM LURUS', 'INST-6D46493306', 9, 4, '', NULL, 'tersedia', NULL, 1, '2025-08-19 15:54:37', '2025-08-19 15:54:37'),
(1959, 'BONE ROUNGER NO,2', 'INST-0C237571CA', 9, 4, '', NULL, 'tersedia', NULL, 1, '2025-08-19 15:54:37', '2025-08-19 15:54:37'),
(1960, 'BONE ROUNGER NO,3', 'INST-016DCAC4C0', 9, 4, '', NULL, 'tersedia', NULL, 1, '2025-08-19 15:54:37', '2025-08-19 15:54:37'),
(1961, 'BONE ROUNGER NO,4', 'INST-80DB8F421A', 9, 4, '', NULL, 'tersedia', NULL, 1, '2025-08-19 15:54:37', '2025-08-19 15:54:37'),
(1962, 'COOP KECIL', 'INST-9A64E9B4E4', 9, 4, '', NULL, 'tersedia', NULL, 1, '2025-08-19 15:54:37', '2025-08-19 15:54:37'),
(1963, 'HANDLE MESH NO.3', 'INST-B3AC624032', 9, 4, '', NULL, 'tersedia', NULL, 1, '2025-08-19 15:54:37', '2025-08-19 15:54:37'),
(1964, 'SUCTION', 'INST-EDF8706DDF', 9, 4, '', NULL, 'tersedia', NULL, 1, '2025-08-19 15:54:37', '2025-08-19 15:54:37'),
(1965, 'LOVE HOOK', 'INST-0CCDE90E92', 9, 4, '', NULL, 'tersedia', NULL, 1, '2025-08-19 15:54:37', '2025-08-19 15:54:37'),
(1966, 'HANDLE MESH BIONET NO, 3', 'INST-4A7D6AAD8B', 9, 4, '', NULL, 'tersedia', NULL, 1, '2025-08-19 15:54:37', '2025-08-19 15:54:37'),
(1967, 'HAMMER', 'INST-600EE04D7C', 9, 4, '', NULL, 'tersedia', NULL, 1, '2025-08-19 15:54:37', '2025-08-19 15:54:37'),
(1968, 'SISA ROD LUMBAL CERVICAL', 'INST-57FAB17BB6', 9, 4, '', NULL, 'tersedia', NULL, 1, '2025-08-19 15:54:37', '2025-08-19 15:54:37'),
(1969, 'Ellys', 'INST-0A56AB4CF7', 9, 4, '', NULL, 'tersedia', NULL, 1, '2025-08-19 15:54:37', '2025-08-19 15:54:37'),
(1970, 'Gubting Benang', 'INST-84BDE7A67E', 9, 4, '', NULL, 'tersedia', NULL, 1, '2025-08-19 15:54:37', '2025-08-19 15:54:37'),
(1971, 'Gunting metzenbum', 'INST-3B109FFFCF', 9, 4, '', NULL, 'tersedia', NULL, 1, '2025-08-19 15:54:37', '2025-08-19 15:54:37'),
(1972, 'Handle mess no.4', 'INST-C957EA5AB4', 9, 4, '', NULL, 'tersedia', NULL, 1, '2025-08-19 15:54:37', '2025-08-19 15:54:37'),
(1973, 'Krom pendek', 'INST-D91CD03089', 9, 4, '', NULL, 'tersedia', NULL, 1, '2025-08-19 15:54:37', '2025-08-19 15:54:37'),
(1974, 'Krom Besar Uterus', 'INST-9E5CE0559F', 9, 4, '', NULL, 'tersedia', NULL, 1, '2025-08-19 15:54:37', '2025-08-19 15:54:37'),
(1975, 'Nald Voeder', 'INST-08F3E499B2', 9, 4, '', NULL, 'tersedia', NULL, 1, '2025-08-19 15:54:37', '2025-08-19 15:54:37'),
(1976, 'Peritonium klem', 'INST-8C783B6A46', 9, 4, '', NULL, 'tersedia', NULL, 1, '2025-08-19 15:54:37', '2025-08-19 15:54:37'),
(1977, 'Reverdin/ entomg', 'INST-BDCDD3A764', 9, 4, '', NULL, 'tersedia', NULL, 1, '2025-08-19 15:54:37', '2025-08-19 15:54:37'),
(1978, 'Sponge Holder', 'INST-B6A790811D', 9, 4, '', NULL, 'tersedia', NULL, 1, '2025-08-19 15:54:37', '2025-08-19 15:54:37'),
(1979, 'Kogel tang gigi 4', 'INST-A1EB0AA4C4', 9, 4, '', NULL, 'tersedia', NULL, 1, '2025-08-19 15:54:37', '2025-08-19 15:54:37'),
(1980, 'Blas spekulum', 'INST-25163BB85A', 9, 4, '', NULL, 'tersedia', NULL, 1, '2025-08-19 15:54:37', '2025-08-19 15:54:37'),
(1981, 'Elys klem', 'INST-5CE4213EEA', 9, 4, '', NULL, 'tersedia', NULL, 1, '2025-08-19 15:54:37', '2025-08-19 15:54:37'),
(1982, 'Kocher pendek', 'INST-A834CD9CC4', 9, 4, '', NULL, 'tersedia', NULL, 1, '2025-08-19 15:54:37', '2025-08-19 15:54:37'),
(1983, 'Langen back', 'INST-5E56FD1B17', 9, 4, '', NULL, 'tersedia', NULL, 1, '2025-08-19 15:54:37', '2025-08-19 15:54:37'),
(1984, 'Reverdin/ entong', 'INST-98DD4EB53D', 9, 4, '', NULL, 'tersedia', NULL, 1, '2025-08-19 15:54:37', '2025-08-19 15:54:37'),
(1986, 'Myom Bor', 'INST-D164D83A26', 9, 4, '', NULL, 'tersedia', NULL, 1, '2025-08-19 15:54:37', '2025-08-19 15:54:37'),
(1987, 'Handle mes no.3', 'INST-27B961AE84', 9, 4, '', NULL, 'tersedia', NULL, 1, '2025-08-19 15:54:37', '2025-08-19 15:54:37'),
(1988, 'Myom Boor', 'INST-FBC13F6267', 9, 4, '', NULL, 'tersedia', NULL, 1, '2025-08-19 15:54:37', '2025-08-19 15:54:37'),
(1989, 'Kogel tang Gig 1', 'INST-4EDA797BB0', 9, 4, '', NULL, 'tersedia', NULL, 1, '2025-08-19 15:54:37', '2025-08-19 15:54:37'),
(1990, 'Spatel abdomen', 'INST-010153A9E1', 9, 4, '', NULL, 'tersedia', NULL, 1, '2025-08-19 15:54:37', '2025-08-19 15:54:37'),
(1991, 'Kanul Syction', 'INST-961DCF0178', 9, 4, '', NULL, 'tersedia', NULL, 1, '2025-08-19 15:54:37', '2025-08-19 15:54:37'),
(1992, 'Hak Rincing Gigi', 'INST-DE892B5DD9', 9, 4, '', NULL, 'tersedia', NULL, 1, '2025-08-19 15:54:37', '2025-08-19 15:54:37'),
(1993, 'Reverdin/Entong', 'INST-9A019A6DB9', 9, 4, '', NULL, 'tersedia', NULL, 1, '2025-08-19 15:54:37', '2025-08-19 15:54:37'),
(1994, 'Kogel tang gigi 1', 'INST-675C1CC3E7', 9, 4, '', NULL, 'tersedia', NULL, 1, '2025-08-19 15:54:37', '2025-08-19 15:54:37'),
(1995, 'Koge tang gigi 4', 'INST-4DB057BC15', 9, 4, '', NULL, 'tersedia', NULL, 1, '2025-08-19 15:54:37', '2025-08-19 15:54:37'),
(1997, 'Pean Panjang', 'INST-0F68D65846', 9, 4, '', NULL, 'tersedia', NULL, 1, '2025-08-19 15:54:37', '2025-08-19 15:54:37'),
(1998, 'KOGELTANG gigi 4', 'INST-FE4F5EC6C4', 9, 4, '', NULL, 'tersedia', NULL, 1, '2025-08-19 15:54:37', '2025-08-19 15:54:37'),
(1999, 'TROICAT', 'INST-EAA8E13C68', 9, 4, '', NULL, 'tersedia', NULL, 1, '2025-08-19 15:54:37', '2025-08-19 15:54:37'),
(2000, 'RINGTANG SEGITIGA', 'INST-6877F72A9F', 9, 4, '', NULL, 'tersedia', NULL, 1, '2025-08-19 15:54:37', '2025-08-19 15:54:37'),
(2001, 'HAK BESAR', 'INST-3B27D2CAC7', 9, 4, '', NULL, 'tersedia', NULL, 1, '2025-08-19 15:54:37', '2025-08-19 15:54:37'),
(2002, 'Right Angel', 'INST-B4DF377C96', 9, 4, '', NULL, 'tersedia', NULL, 1, '2025-08-19 15:54:37', '2025-08-19 15:54:37'),
(2003, 'curet', 'INST-A800722272', 9, 4, '', NULL, 'tersedia', NULL, 1, '2025-08-19 15:54:37', '2025-08-19 15:54:37'),
(2004, 'Gunting metzenbeum', 'INST-8FA11225FF', 9, 4, '', NULL, 'tersedia', NULL, 1, '2025-08-19 15:54:37', '2025-08-19 15:54:37'),
(2005, 'Hak Langenback gigi tajam', 'INST-BF1678A920', 9, 4, '', NULL, 'tersedia', NULL, 1, '2025-08-19 15:54:37', '2025-08-19 15:54:37'),
(2006, 'Ring tang kecil', 'INST-8255DABCCE', 9, 4, '', NULL, 'tersedia', NULL, 1, '2025-08-19 15:54:37', '2025-08-19 15:54:37'),
(2007, 'Handel mess no.3', 'INST-7D2673672E', 9, 4, '', NULL, 'tersedia', NULL, 1, '2025-08-19 15:54:37', '2025-08-19 15:54:37'),
(2008, 'Right eangle', 'INST-2C0C0E0E02', 9, 4, '', NULL, 'tersedia', NULL, 1, '2025-08-19 15:54:37', '2025-08-19 15:54:37'),
(2009, 'Beb Kock', 'INST-939F33DE57', 9, 4, '', NULL, 'tersedia', NULL, 1, '2025-08-19 15:54:37', '2025-08-19 15:54:37'),
(2010, 'Right Eangel', 'INST-2CAEEE25B5', 9, 4, '', NULL, 'tersedia', NULL, 1, '2025-08-19 15:54:37', '2025-08-19 15:54:37'),
(2011, 'Pincet Chirurgu', 'INST-3D4C83D18F', 9, 4, '', NULL, 'tersedia', NULL, 1, '2025-08-19 15:54:37', '2025-08-19 15:54:37'),
(2012, 'Hak Langen + gigi tajam', 'INST-AE5E7DED10', 9, 4, '', NULL, 'tersedia', NULL, 1, '2025-08-19 15:54:37', '2025-08-19 15:54:37'),
(2013, 'Kocher kecil', 'INST-7A75F96EC7', 9, 4, '', NULL, 'tersedia', NULL, 1, '2025-08-19 15:54:37', '2025-08-19 15:54:37'),
(2014, 'Nald Fuder', 'INST-2CA18127C5', 9, 4, '', NULL, 'tersedia', NULL, 1, '2025-08-19 15:54:37', '2025-08-19 15:54:37'),
(2015, 'Pincet chirurgi', 'INST-CC4524F4DB', 9, 4, '', NULL, 'tersedia', NULL, 1, '2025-08-19 15:54:37', '2025-08-19 15:54:37'),
(2016, 'Khocker Kecil', 'INST-F71702E393', 9, 4, '', NULL, 'tersedia', NULL, 1, '2025-08-19 15:54:37', '2025-08-19 15:54:37'),
(2017, 'Spatel kecil', 'INST-341EB00994', 9, 4, '', NULL, 'tersedia', NULL, 1, '2025-08-19 15:54:37', '2025-08-19 15:54:37'),
(2018, 'Spong holder', 'INST-41F154523A', 9, 4, '', NULL, 'tersedia', NULL, 1, '2025-08-19 15:54:37', '2025-08-19 15:54:37'),
(2019, 'Pincet chirurgiw', 'INST-0AC289A655', 9, 4, '', NULL, 'tersedia', NULL, 1, '2025-08-19 15:54:37', '2025-08-19 15:54:37'),
(2020, 'Ritangle', 'INST-BC3DEB581E', 9, 4, '', NULL, 'tersedia', NULL, 1, '2025-08-19 15:54:37', '2025-08-19 15:54:37');

-- --------------------------------------------------------

--
-- Table structure for table `instrument_history`
--

CREATE TABLE `instrument_history` (
  `history_id` int(11) NOT NULL,
  `instrument_id` int(11) NOT NULL,
  `changed_to_status` varchar(50) NOT NULL,
  `user_id` int(11) DEFAULT NULL,
  `change_timestamp` timestamp NOT NULL DEFAULT current_timestamp(),
  `notes` text DEFAULT NULL
) ENGINE=InnoDB DEFAULT CHARSET=utf8mb4 COLLATE=utf8mb4_general_ci;

--
-- Dumping data for table `instrument_history`
--

INSERT INTO `instrument_history` (`history_id`, `instrument_id`, `changed_to_status`, `user_id`, `change_timestamp`, `notes`) VALUES
(1, 70, 'rusak', 1, '2025-06-25 17:00:33', 'Test'),
(2, 71, 'sterilisasi', 1, '2025-06-25 17:00:46', NULL),
(3, 5, 'rusak', 1, '2025-06-25 17:01:40', 'GG'),
(4, 6, 'sterilisasi', 1, '2025-06-25 17:04:00', NULL),
(5, 6, 'perbaikan', 1, '2025-06-25 17:04:53', NULL),
(6, 70, 'tersedia', 1, '2025-06-26 00:18:35', NULL),
(7, 71, 'tersedia', 1, '2025-06-26 00:20:58', NULL),
(8, 70, 'rusak', 6, '2025-06-29 05:22:36', 'Patah'),
(9, 70, 'tersedia', 1, '2025-07-05 20:03:52', NULL),
(10, 5, 'tersedia', 1, '2025-07-05 20:03:57', NULL),
(11, 6, 'tersedia', 1, '2025-07-05 20:04:02', NULL),
(12, 87, 'rusak', 1, '2025-07-07 00:35:14', 'Bengkok'),
(13, 97, 'perbaikan', 1, '2025-07-07 00:35:40', NULL);

-- --------------------------------------------------------

--
-- Table structure for table `instrument_sets`
--

CREATE TABLE `instrument_sets` (
  `set_id` int(11) NOT NULL,
  `set_name` varchar(255) NOT NULL,
  `set_code` varchar(100) DEFAULT NULL,
  `special_instructions` text DEFAULT NULL,
  `expiry_in_days` int(5) DEFAULT NULL COMMENT 'Masa kedaluwarsa standar untuk set ini dalam hari. NULL berarti menggunakan aturan terpendek dari item di dalamnya atau pengaturan global.',
  `created_by_user_id` int(11) DEFAULT NULL,
  `created_at` timestamp NULL DEFAULT current_timestamp(),
  `updated_at` timestamp NULL DEFAULT current_timestamp() ON UPDATE current_timestamp()
) ENGINE=InnoDB DEFAULT CHARSET=utf8mb4 COLLATE=utf8mb4_general_ci;

--
-- Dumping data for table `instrument_sets`
--

INSERT INTO `instrument_sets` (`set_id`, `set_name`, `set_code`, `special_instructions`, `expiry_in_days`, `created_by_user_id`, `created_at`, `updated_at`) VALUES
(12, 'SET BEDAH IBS', 'INSTALASI BEDAH SENTRAL', NULL, NULL, 5, '2025-06-11 05:28:21', '2025-06-11 05:28:21'),
(13, 'SET KANDUNGAN IBS', 'IBS', NULL, NULL, 5, '2025-06-11 05:32:22', '2025-06-11 06:04:38'),
(14, 'SET TKV/VASKULER IBS', 'VASKULER', NULL, NULL, 5, '2025-06-11 05:34:32', '2025-06-11 06:07:09'),
(15, 'SET PEDIATRIK IBS', NULL, NULL, NULL, 5, '2025-06-11 05:41:19', '2025-06-11 06:05:40'),
(16, 'SET THT IBS', 'THT', NULL, NULL, 5, '2025-06-11 05:49:20', '2025-06-11 06:06:53'),
(17, 'CURET IBS', 'SET-53022599', NULL, 7, 5, '2025-06-11 06:37:41', '2025-09-03 15:06:18'),
(18, 'IBS Kandungan 4', '110104', NULL, NULL, 5, '2025-06-11 08:10:13', '2025-06-15 05:52:27'),
(19, 'Set SC Perinatologi', '160101', NULL, NULL, 5, '2025-06-14 05:02:20', '2025-06-19 11:47:33'),
(20, 'IBS Kandungan 2', '110102', NULL, NULL, 5, '2025-06-15 05:51:52', '2025-06-15 05:51:52'),
(21, 'MAWAR Rawat luka kecil', '140101', NULL, NULL, 5, '2025-06-15 05:57:14', '2025-06-15 05:57:14'),
(22, 'IBS Bedah 1 bak panjang ram', '110201', NULL, NULL, 5, '2025-06-17 02:27:53', '2025-06-19 12:01:30'),
(23, 'IBS Pediatrik 1', '110301', NULL, NULL, 5, '2025-06-17 03:20:00', '2025-06-17 07:58:48'),
(24, 'IBS Kandungan 3', '110103', NULL, NULL, 5, '2025-06-17 07:55:09', '2025-06-17 07:55:09'),
(25, 'IBS Kandungan 7', '110107', NULL, NULL, 5, '2025-06-18 01:58:51', '2025-06-18 01:58:51'),
(26, 'IBS Kandungan 6', '110106', 'MASTER BAK INSTRUMEN', NULL, 5, '2025-06-18 02:08:50', '2025-06-18 02:08:50'),
(27, 'IBS Bedah 2', '110202', NULL, NULL, 5, '2025-06-18 04:47:29', '2025-06-18 04:47:29'),
(28, 'IBS Kandungan 1', '110101', NULL, NULL, 5, '2025-06-18 05:02:36', '2025-06-18 05:02:36'),
(29, 'IBS Kandungan 5', '110105', NULL, NULL, 5, '2025-06-18 05:11:39', '2025-06-18 05:11:39'),
(30, 'IBS Pediatrik 2', '110302', NULL, NULL, 5, '2025-06-18 05:18:04', '2025-06-18 05:18:04'),
(31, 'IBS Pediatrik 3', '110303', NULL, NULL, 5, '2025-06-18 05:26:01', '2025-06-18 05:26:01'),
(32, 'MAWAR Rawat luka sedang', '140201', NULL, NULL, 5, '2025-06-18 05:38:49', '2025-06-18 05:38:49'),
(33, 'IBS Bedah 7', '110207', NULL, NULL, 5, '2025-06-19 10:46:01', '2025-06-19 10:46:01'),
(34, 'IBS Bedah 6', '110206', NULL, NULL, 5, '2025-06-19 10:52:54', '2025-06-19 10:52:54'),
(35, 'IGD Rawat luka sedang 1', '120101', NULL, NULL, 5, '2025-06-19 11:48:46', '2025-06-19 11:48:46'),
(36, 'IGD Rawat luka sedang 2', '120102', NULL, NULL, 5, '2025-06-19 11:49:59', '2025-06-19 11:49:59'),
(37, 'IGD Rawat luka sedang 3', '120103', NULL, NULL, 5, '2025-06-19 11:53:01', '2025-06-19 11:53:01'),
(38, 'IGD Rawat luka sedang 4', '120104', NULL, NULL, 5, '2025-06-19 11:54:11', '2025-06-19 11:54:11'),
(39, 'IGD Rawat luka sedang 5', '120105', NULL, NULL, 5, '2025-06-19 11:55:08', '2025-06-19 11:55:08'),
(40, 'IGD Rawat luka sedang 6', '120106', NULL, NULL, 5, '2025-06-19 11:56:02', '2025-06-19 11:56:02'),
(41, 'IGD Rawat luka sedang 7', '120107', NULL, NULL, 5, '2025-06-19 11:56:54', '2025-06-19 11:56:54'),
(42, 'IGD Rawat luka sedang 8', '120108', NULL, NULL, 5, '2025-06-19 11:58:13', '2025-06-19 11:58:13'),
(43, 'MELATI Rawat luka kecil 1', '150101', NULL, NULL, 5, '2025-06-19 12:00:01', '2025-06-19 12:00:01'),
(44, 'MELATI Rawat luka sedang 1', '150201', NULL, NULL, 5, '2025-06-19 12:01:00', '2025-06-19 12:01:00'),
(45, 'IBS Bedah 5', '110205', NULL, NULL, 5, '2025-06-20 02:41:07', '2025-06-20 02:41:07'),
(46, 'IBS Bedah 3', '110203', NULL, NULL, 5, '2025-06-20 02:45:04', '2025-06-20 02:45:04'),
(48, 'Set Exclusive', 'SET-321312', NULL, 365, 1, '2025-07-03 16:05:58', '2025-07-03 16:05:58'),
(49, 'Set Exclusive', NULL, NULL, 365, 1, '2025-07-03 16:08:45', '2025-07-03 16:08:45'),
(50, 'Set Exclusive', NULL, NULL, NULL, 1, '2025-07-03 16:10:49', '2025-07-03 16:10:49'),
(51, 'Set Exclusive', NULL, NULL, NULL, 1, '2025-07-03 16:12:10', '2025-07-03 16:12:10'),
(52, 'Set Exclusive', 'SET-60053774', NULL, NULL, 1, '2025-07-03 16:29:14', '2025-07-03 16:29:14'),
(53, 'Set Exclusive', 'SET-66696367', NULL, 365, 1, '2025-07-03 18:18:21', '2025-07-03 18:18:21'),
(54, 'Set Exclusive', 'SET-66725605', NULL, 30, 1, '2025-07-03 18:18:51', '2025-07-03 18:18:51'),
(55, 'Set Exclusive', 'SET-66870632', NULL, 365, 1, '2025-07-03 18:21:15', '2025-07-03 18:21:15'),
(56, 'Set Exclusive', 'SET-67226155', NULL, 365, 1, '2025-07-03 18:27:11', '2025-07-03 18:27:11'),
(57, 'Set Exclusive', 'SET-67483744', NULL, NULL, 1, '2025-07-03 18:31:26', '2025-07-03 18:31:26'),
(58, 'Set Exclusive', 'SET-68295127', NULL, 365, 1, '2025-07-03 18:45:02', '2025-07-03 18:45:02'),
(59, 'Set Exclusive', 'SET-68393638', NULL, NULL, 1, '2025-07-03 18:46:37', '2025-07-03 18:46:37'),
(60, 'Set Exclusive', 'SET-68402294', NULL, 7, 1, '2025-07-03 18:46:46', '2025-07-03 18:46:46'),
(61, 'Set Exclusive', 'SET-68440488', 'asdadasdsa', NULL, 1, '2025-07-03 18:47:25', '2025-07-03 18:47:25'),
(62, 'Set Exclusive', 'SET-68452394', NULL, 365, 1, '2025-07-03 18:48:12', '2025-07-03 18:48:12'),
(63, 'Set Exclusive', 'SET-68769063', '13213', 321321, 1, '2025-07-03 18:52:53', '2025-07-03 18:52:53'),
(64, 'Set Exclusive', 'SET-69031134', NULL, 30, 1, '2025-07-03 18:57:17', '2025-07-03 18:57:17'),
(65, 'Ffff', 'SET-39567335', NULL, 365, 1, '2025-07-04 14:32:58', '2025-07-04 14:32:58'),
(66, 'Shshs', 'SET-39600869', NULL, 365, 1, '2025-07-04 14:33:25', '2025-07-04 14:34:06'),
(67, 'KEMASAN', 'SET-33558925', NULL, NULL, 1, '2025-07-09 04:00:13', '2025-09-06 19:55:36'),
(68, 'Bph', 'SET-33606034', NULL, NULL, 1, '2025-07-09 04:00:14', '2025-07-09 04:00:14'),
(69, 'BPH', 'SET-33559988', NULL, NULL, 1, '2025-07-09 04:00:14', '2025-07-09 04:00:14'),
(70, 'BPH', 'SET-33559598', NULL, NULL, 1, '2025-07-09 04:00:19', '2025-07-09 04:00:19'),
(71, 'BPH', 'SET-33596663', NULL, 40, 1, '2025-07-09 04:00:46', '2025-07-09 04:00:46'),
(72, 'Bph', 'SET-33599409', NULL, NULL, 1, '2025-07-09 04:00:50', '2025-07-09 04:00:50'),
(73, 'Curet', 'SET-33575345', NULL, NULL, 1, '2025-07-09 04:01:19', '2025-07-09 04:01:19'),
(74, 'Comel', 'SET-62249217', NULL, 20, 1, '2025-07-09 11:57:53', '2025-07-09 11:57:53'),
(75, 'BEDAH GEMOLONG', 'SET-45276705', NULL, 30, 1, '2025-07-15 02:08:30', '2025-07-15 02:08:30'),
(76, 'BEDAH WARAS WIRIS', 'SET-52045123', NULL, 3, 1, '2025-07-15 04:01:35', '2025-07-15 04:01:35'),
(77, 'MEDIKASI SET RSPA', 'SET-62930494', NULL, 90, 1, '2025-07-15 07:03:43', '2025-07-15 07:03:43'),
(78, 'SET LINEN SOEGATEN', 'SET-26348929', NULL, 5, 1, '2025-07-24 03:06:09', '2025-07-24 03:06:09'),
(79, 'LINEN', 'SET-26529074', NULL, 5, 1, '2025-07-24 03:09:01', '2025-07-24 03:09:01'),
(80, 'Abortus', 'SET-44101038', NULL, NULL, 1, '2025-07-28 23:08:31', '2025-09-05 17:13:04'),
(81, 'SET BEDAH 1 LANTAI 7', 'SET-06623269', NULL, 365, 1, '2025-08-19 12:30:45', '2025-08-19 12:30:45'),
(82, 'contoh set dengan gambar', 'SET-63224263', NULL, NULL, 1, '2025-09-03 01:33:58', '2025-09-03 01:33:58'),
(83, 'contoh dengan gambar', 'SET-63366317', NULL, NULL, 1, '2025-09-03 01:36:18', '2025-09-03 01:36:18');

-- --------------------------------------------------------

--
-- Table structure for table `instrument_set_items`
--

CREATE TABLE `instrument_set_items` (
  `set_item_id` int(11) NOT NULL,
  `set_id` int(11) NOT NULL,
  `instrument_id` int(11) NOT NULL,
  `quantity` int(11) NOT NULL DEFAULT 1
) ENGINE=InnoDB DEFAULT CHARSET=utf8mb4 COLLATE=utf8mb4_general_ci;

--
-- Dumping data for table `instrument_set_items`
--

INSERT INTO `instrument_set_items` (`set_item_id`, `set_id`, `instrument_id`, `quantity`) VALUES
(131, 12, 5, 1),
(132, 12, 6, 1),
(133, 12, 7, 1),
(134, 12, 8, 1),
(135, 12, 9, 1),
(136, 12, 10, 1),
(137, 12, 11, 1),
(138, 12, 12, 1),
(139, 12, 13, 1),
(140, 12, 14, 1),
(141, 12, 15, 1),
(142, 12, 16, 1),
(143, 12, 17, 1),
(144, 12, 18, 1),
(145, 12, 19, 1),
(146, 12, 20, 1),
(147, 12, 21, 1),
(148, 12, 22, 1),
(149, 12, 23, 1),
(150, 12, 24, 1),
(151, 12, 25, 1),
(152, 12, 26, 1),
(153, 12, 27, 1),
(154, 12, 28, 1),
(155, 12, 29, 1),
(156, 12, 30, 1),
(157, 12, 31, 1),
(158, 12, 32, 1),
(159, 12, 33, 1),
(160, 12, 34, 1),
(161, 12, 35, 1),
(162, 12, 36, 1),
(163, 12, 37, 1),
(458, 13, 5, 1),
(459, 13, 6, 1),
(460, 13, 7, 1),
(461, 13, 8, 1),
(462, 13, 9, 1),
(463, 13, 10, 1),
(464, 13, 11, 1),
(465, 13, 12, 1),
(466, 13, 13, 1),
(467, 13, 14, 1),
(468, 13, 15, 1),
(469, 13, 39, 1),
(470, 13, 16, 1),
(471, 13, 17, 1),
(472, 13, 18, 1),
(473, 13, 19, 1),
(474, 13, 20, 1),
(475, 13, 21, 1),
(476, 13, 22, 1),
(477, 13, 23, 1),
(478, 13, 24, 1),
(479, 13, 25, 1),
(480, 13, 26, 1),
(481, 13, 27, 1),
(482, 13, 28, 1),
(483, 13, 29, 1),
(484, 13, 30, 1),
(485, 13, 31, 1),
(486, 13, 32, 1),
(487, 13, 33, 1),
(488, 13, 34, 1),
(489, 13, 35, 1),
(490, 13, 36, 1),
(491, 13, 40, 1),
(492, 15, 5, 1),
(493, 15, 6, 1),
(494, 15, 7, 1),
(495, 15, 8, 1),
(496, 15, 9, 1),
(497, 15, 10, 1),
(498, 15, 11, 1),
(499, 15, 43, 1),
(500, 15, 13, 1),
(501, 15, 14, 1),
(502, 15, 15, 1),
(503, 15, 42, 1),
(504, 15, 44, 1),
(505, 15, 16, 1),
(506, 15, 17, 1),
(507, 15, 18, 1),
(508, 15, 19, 1),
(509, 15, 20, 1),
(510, 15, 21, 1),
(511, 15, 22, 1),
(512, 15, 45, 1),
(513, 15, 24, 1),
(514, 15, 25, 1),
(515, 15, 46, 1),
(516, 15, 26, 1),
(517, 15, 27, 1),
(518, 15, 47, 1),
(519, 15, 29, 1),
(520, 15, 48, 1),
(521, 15, 31, 1),
(522, 15, 32, 1),
(523, 15, 33, 1),
(524, 15, 35, 1),
(525, 15, 36, 1),
(526, 15, 37, 1),
(527, 16, 17, 1),
(528, 16, 18, 1),
(529, 16, 49, 1),
(530, 16, 50, 1),
(531, 16, 51, 1),
(532, 16, 24, 1),
(533, 16, 52, 1),
(534, 16, 25, 1),
(535, 16, 53, 1),
(536, 16, 26, 1),
(537, 16, 54, 1),
(538, 16, 55, 1),
(539, 16, 27, 1),
(540, 16, 56, 1),
(541, 16, 57, 1),
(542, 16, 58, 1),
(543, 16, 29, 1),
(544, 16, 59, 1),
(545, 16, 60, 1),
(546, 16, 31, 1),
(547, 16, 61, 1),
(548, 16, 32, 1),
(549, 16, 33, 1),
(550, 16, 62, 1),
(551, 16, 63, 1),
(552, 16, 64, 1),
(553, 16, 65, 1),
(554, 16, 66, 1),
(555, 16, 67, 1),
(556, 16, 68, 1),
(557, 14, 5, 1),
(558, 14, 6, 1),
(559, 14, 7, 1),
(560, 14, 8, 1),
(561, 14, 9, 1),
(562, 14, 10, 1),
(563, 14, 11, 1),
(564, 14, 12, 1),
(565, 14, 13, 1),
(566, 14, 14, 1),
(567, 14, 15, 1),
(568, 14, 16, 1),
(569, 14, 17, 1),
(570, 14, 18, 1),
(571, 14, 19, 1),
(572, 14, 20, 1),
(573, 14, 21, 1),
(574, 14, 22, 1),
(575, 14, 23, 1),
(576, 14, 24, 1),
(577, 14, 25, 1),
(578, 14, 26, 1),
(579, 14, 27, 1),
(580, 14, 28, 1),
(581, 14, 29, 1),
(582, 14, 31, 1),
(583, 14, 32, 1),
(584, 14, 33, 1),
(585, 14, 34, 1),
(586, 14, 35, 1),
(587, 14, 41, 1),
(816, 21, 6, 1),
(817, 21, 11, 1),
(818, 21, 12, 1),
(819, 21, 49, 1),
(820, 21, 32, 1),
(867, 18, 6, 5),
(868, 18, 7, 4),
(869, 18, 11, 3),
(870, 18, 12, 1),
(871, 18, 14, 1),
(872, 18, 15, 1),
(873, 18, 16, 1),
(874, 18, 17, 5),
(875, 18, 18, 1),
(876, 18, 19, 1),
(877, 18, 20, 1),
(878, 18, 21, 1),
(879, 18, 22, 1),
(880, 18, 23, 1),
(881, 18, 24, 1),
(882, 18, 25, 1),
(883, 18, 26, 1),
(884, 18, 27, 1),
(885, 18, 28, 1),
(886, 18, 29, 1),
(887, 18, 31, 2),
(888, 18, 32, 1),
(889, 18, 33, 2),
(890, 18, 35, 5),
(891, 18, 36, 1),
(892, 18, 40, 1),
(893, 24, 6, 5),
(894, 24, 7, 5),
(895, 24, 10, 4),
(896, 24, 12, 1),
(897, 24, 14, 1),
(898, 24, 15, 1),
(899, 24, 39, 1),
(900, 24, 17, 5),
(901, 24, 18, 1),
(902, 24, 19, 1),
(903, 24, 20, 1),
(904, 24, 50, 2),
(905, 24, 22, 1),
(906, 24, 23, 1),
(907, 24, 24, 1),
(908, 24, 25, 1),
(909, 24, 26, 1),
(910, 24, 28, 1),
(911, 24, 29, 1),
(912, 24, 30, 1),
(913, 24, 31, 2),
(914, 24, 32, 2),
(915, 24, 33, 2),
(916, 24, 35, 5),
(917, 24, 36, 1),
(918, 24, 40, 1),
(965, 23, 6, 7),
(966, 23, 10, 3),
(967, 23, 11, 7),
(968, 23, 12, 1),
(969, 23, 15, 1),
(970, 23, 17, 3),
(971, 23, 18, 2),
(972, 23, 19, 2),
(973, 23, 50, 2),
(974, 23, 45, 1),
(975, 23, 24, 2),
(976, 23, 25, 4),
(977, 23, 26, 1),
(978, 23, 27, 1),
(979, 23, 47, 1),
(980, 23, 29, 1),
(981, 23, 31, 2),
(982, 23, 32, 3),
(983, 23, 33, 1),
(984, 23, 35, 2),
(985, 23, 65, 1),
(986, 23, 36, 2),
(1011, 25, 6, 5),
(1012, 25, 7, 2),
(1013, 25, 10, 4),
(1014, 25, 12, 1),
(1015, 25, 13, 1),
(1016, 25, 14, 1),
(1017, 25, 15, 1),
(1018, 25, 17, 5),
(1019, 25, 19, 2),
(1020, 25, 20, 1),
(1021, 25, 50, 1),
(1022, 25, 22, 1),
(1023, 25, 23, 1),
(1024, 25, 24, 1),
(1025, 25, 26, 1),
(1026, 25, 27, 1),
(1027, 25, 28, 1),
(1028, 25, 29, 1),
(1029, 25, 30, 3),
(1030, 25, 31, 2),
(1031, 25, 32, 2),
(1032, 25, 33, 2),
(1033, 25, 35, 5),
(1034, 25, 36, 1),
(1035, 26, 6, 5),
(1036, 26, 7, 1),
(1037, 26, 10, 1),
(1038, 26, 11, 3),
(1039, 26, 12, 1),
(1040, 26, 14, 1),
(1041, 26, 15, 1),
(1042, 26, 16, 1),
(1043, 26, 17, 3),
(1044, 26, 18, 1),
(1045, 26, 19, 1),
(1046, 26, 20, 1),
(1047, 26, 50, 1),
(1048, 26, 22, 1),
(1049, 26, 23, 1),
(1050, 26, 25, 1),
(1051, 26, 26, 1),
(1052, 26, 27, 1),
(1053, 26, 28, 1),
(1054, 26, 29, 1),
(1055, 26, 30, 4),
(1056, 26, 31, 2),
(1057, 26, 32, 2),
(1058, 26, 33, 2),
(1059, 26, 34, 1),
(1060, 26, 35, 5),
(1061, 26, 36, 1),
(1062, 26, 40, 1),
(1063, 27, 6, 5),
(1064, 27, 10, 1),
(1065, 27, 11, 4),
(1066, 27, 12, 1),
(1067, 27, 14, 1),
(1068, 27, 15, 1),
(1069, 27, 17, 5),
(1070, 27, 18, 1),
(1071, 27, 19, 1),
(1072, 27, 20, 1),
(1073, 27, 50, 1),
(1074, 27, 24, 2),
(1075, 27, 25, 2),
(1076, 27, 26, 1),
(1077, 27, 27, 1),
(1078, 27, 29, 1),
(1079, 27, 30, 4),
(1080, 27, 31, 2),
(1081, 27, 32, 2),
(1082, 27, 33, 2),
(1083, 27, 35, 2),
(1084, 27, 36, 1),
(1085, 27, 37, 1),
(1086, 28, 6, 5),
(1087, 28, 7, 3),
(1088, 28, 11, 2),
(1089, 28, 12, 1),
(1090, 28, 14, 1),
(1091, 28, 15, 1),
(1092, 28, 16, 1),
(1093, 28, 17, 5),
(1094, 28, 18, 1),
(1095, 28, 19, 1),
(1096, 28, 20, 1),
(1097, 28, 50, 1),
(1098, 28, 22, 1),
(1099, 28, 23, 1),
(1100, 28, 24, 1),
(1101, 28, 25, 1),
(1102, 28, 26, 1),
(1103, 28, 27, 1),
(1104, 28, 28, 1),
(1105, 28, 29, 1),
(1106, 28, 31, 2),
(1107, 28, 32, 2),
(1108, 28, 33, 2),
(1109, 28, 35, 5),
(1110, 28, 36, 1),
(1111, 28, 40, 1),
(1112, 29, 6, 5),
(1113, 29, 10, 4),
(1114, 29, 11, 2),
(1115, 29, 12, 1),
(1116, 29, 14, 1),
(1117, 29, 15, 1),
(1118, 29, 17, 5),
(1119, 29, 18, 1),
(1120, 29, 50, 2),
(1121, 29, 22, 1),
(1122, 29, 23, 1),
(1123, 29, 24, 1),
(1124, 29, 25, 1),
(1125, 29, 26, 1),
(1126, 29, 28, 1),
(1127, 29, 29, 1),
(1128, 29, 30, 4),
(1129, 29, 31, 2),
(1130, 29, 32, 2),
(1131, 29, 33, 2),
(1132, 29, 35, 4),
(1133, 29, 36, 1),
(1134, 29, 40, 1),
(1135, 30, 6, 8),
(1136, 30, 7, 2),
(1137, 30, 10, 4),
(1138, 30, 11, 6),
(1139, 30, 12, 1),
(1140, 30, 14, 1),
(1141, 30, 15, 1),
(1142, 30, 16, 1),
(1143, 30, 17, 4),
(1144, 30, 18, 1),
(1145, 30, 19, 1),
(1146, 30, 50, 2),
(1147, 30, 22, 2),
(1148, 30, 24, 2),
(1149, 30, 25, 4),
(1150, 30, 26, 1),
(1151, 30, 27, 1),
(1152, 30, 29, 1),
(1153, 30, 31, 2),
(1154, 30, 32, 3),
(1155, 30, 33, 2),
(1156, 30, 35, 2),
(1157, 31, 6, 7),
(1158, 31, 7, 2),
(1159, 31, 10, 4),
(1160, 31, 11, 5),
(1161, 31, 12, 1),
(1162, 31, 15, 1),
(1163, 31, 42, 2),
(1164, 31, 17, 3),
(1165, 31, 19, 2),
(1166, 31, 20, 1),
(1167, 31, 50, 2),
(1168, 31, 22, 1),
(1169, 31, 45, 1),
(1170, 31, 24, 3),
(1171, 31, 26, 1),
(1172, 31, 27, 1),
(1173, 31, 29, 1),
(1174, 31, 31, 2),
(1175, 31, 32, 3),
(1176, 31, 33, 2),
(1177, 31, 35, 1),
(1178, 31, 36, 1),
(1179, 32, 6, 1),
(1180, 32, 11, 1),
(1181, 32, 49, 1),
(1182, 32, 32, 1),
(1183, 33, 6, 3),
(1184, 33, 7, 2),
(1185, 33, 8, 1),
(1186, 33, 10, 1),
(1187, 33, 11, 3),
(1188, 33, 12, 1),
(1189, 33, 14, 1),
(1190, 33, 15, 1),
(1191, 33, 16, 1),
(1192, 33, 17, 5),
(1193, 33, 18, 1),
(1194, 33, 19, 1),
(1195, 33, 20, 1),
(1196, 33, 50, 1),
(1197, 33, 24, 2),
(1198, 33, 25, 3),
(1199, 33, 26, 1),
(1200, 33, 27, 1),
(1201, 33, 29, 1),
(1202, 33, 30, 1),
(1203, 33, 31, 2),
(1204, 33, 32, 2),
(1205, 33, 33, 1),
(1206, 34, 6, 2),
(1207, 34, 8, 3),
(1208, 34, 10, 1),
(1209, 34, 11, 5),
(1210, 34, 12, 1),
(1211, 34, 14, 1),
(1212, 34, 15, 1),
(1213, 34, 16, 1),
(1214, 34, 17, 5),
(1215, 34, 19, 2),
(1216, 34, 20, 1),
(1217, 34, 50, 1),
(1218, 34, 22, 1),
(1219, 34, 24, 2),
(1220, 34, 25, 2),
(1221, 34, 26, 1),
(1222, 34, 29, 1),
(1223, 34, 30, 4),
(1224, 34, 31, 2),
(1225, 34, 32, 2),
(1226, 34, 33, 2),
(1227, 34, 35, 2),
(1228, 19, 11, 2),
(1229, 19, 43, 1),
(1230, 19, 49, 1),
(1236, 36, 6, 1),
(1237, 36, 11, 1),
(1238, 36, 12, 1),
(1239, 36, 19, 1),
(1240, 36, 31, 1),
(1241, 36, 32, 1),
(1242, 35, 6, 1),
(1243, 35, 11, 1),
(1244, 35, 12, 1),
(1245, 35, 19, 1),
(1246, 35, 31, 1),
(1247, 35, 32, 1),
(1248, 37, 6, 1),
(1249, 37, 11, 1),
(1250, 37, 12, 1),
(1251, 37, 19, 1),
(1252, 37, 31, 1),
(1253, 37, 32, 1),
(1254, 38, 6, 1),
(1255, 38, 11, 1),
(1256, 38, 12, 1),
(1257, 38, 19, 1),
(1258, 38, 31, 1),
(1259, 38, 32, 1),
(1260, 39, 6, 1),
(1261, 39, 11, 1),
(1262, 39, 12, 1),
(1263, 39, 19, 1),
(1264, 39, 31, 1),
(1265, 39, 32, 1),
(1266, 40, 6, 1),
(1267, 40, 11, 1),
(1268, 40, 12, 1),
(1269, 40, 19, 1),
(1270, 40, 31, 1),
(1271, 40, 32, 1),
(1272, 41, 6, 1),
(1273, 41, 11, 1),
(1274, 41, 12, 1),
(1275, 41, 19, 1),
(1276, 41, 31, 1),
(1277, 41, 32, 1),
(1278, 42, 6, 1),
(1279, 42, 11, 1),
(1280, 42, 12, 1),
(1281, 42, 19, 1),
(1282, 42, 31, 1),
(1283, 42, 32, 1),
(1284, 43, 6, 1),
(1285, 43, 12, 1),
(1286, 43, 32, 1),
(1287, 44, 6, 1),
(1288, 44, 11, 1),
(1289, 44, 12, 1),
(1290, 44, 19, 1),
(1291, 44, 32, 1),
(1292, 22, 6, 4),
(1293, 22, 7, 3),
(1294, 22, 10, 2),
(1295, 22, 11, 5),
(1296, 22, 12, 1),
(1297, 22, 13, 1),
(1298, 22, 14, 1),
(1299, 22, 15, 1),
(1300, 22, 17, 5),
(1301, 22, 18, 1),
(1302, 22, 19, 1),
(1303, 22, 50, 2),
(1304, 22, 22, 1),
(1305, 22, 25, 5),
(1306, 22, 26, 1),
(1307, 22, 27, 1),
(1308, 22, 29, 1),
(1309, 22, 30, 1),
(1310, 22, 31, 2),
(1311, 22, 32, 2),
(1312, 22, 33, 1),
(1313, 22, 35, 1),
(1314, 22, 36, 1),
(1315, 22, 37, 1),
(1316, 20, 6, 2),
(1317, 20, 7, 4),
(1318, 20, 10, 2),
(1319, 20, 12, 1),
(1320, 20, 15, 1),
(1321, 20, 16, 1),
(1322, 20, 17, 5),
(1323, 20, 18, 1),
(1324, 20, 19, 2),
(1325, 20, 20, 2),
(1326, 20, 22, 1),
(1327, 20, 24, 1),
(1328, 20, 25, 1),
(1329, 20, 26, 1),
(1330, 20, 27, 1),
(1331, 20, 29, 1),
(1332, 20, 31, 2),
(1333, 20, 32, 2),
(1334, 20, 33, 2),
(1335, 20, 35, 5),
(1336, 20, 36, 1),
(1337, 20, 40, 1),
(1338, 45, 6, 4),
(1339, 45, 10, 1),
(1340, 45, 11, 4),
(1341, 45, 12, 1),
(1342, 45, 15, 1),
(1343, 45, 16, 1),
(1344, 45, 17, 5),
(1345, 45, 18, 2),
(1346, 45, 19, 2),
(1347, 45, 50, 2),
(1348, 45, 22, 1),
(1349, 45, 24, 1),
(1350, 45, 25, 3),
(1351, 45, 26, 1),
(1352, 45, 27, 1),
(1353, 45, 29, 1),
(1354, 45, 30, 4),
(1355, 45, 31, 2),
(1356, 45, 32, 2),
(1357, 45, 36, 1),
(1358, 46, 5, 2),
(1359, 46, 6, 4),
(1360, 46, 7, 2),
(1361, 46, 10, 4),
(1362, 46, 11, 4),
(1363, 46, 12, 1),
(1364, 46, 15, 1),
(1365, 46, 16, 1),
(1366, 46, 17, 5),
(1367, 46, 18, 2),
(1368, 46, 19, 2),
(1369, 46, 20, 1),
(1370, 46, 50, 1),
(1371, 46, 22, 1),
(1372, 46, 24, 1),
(1373, 46, 25, 2),
(1374, 46, 26, 1),
(1375, 46, 27, 1),
(1376, 46, 28, 1),
(1377, 46, 29, 1),
(1378, 46, 30, 4),
(1379, 46, 31, 2),
(1380, 46, 32, 2),
(1381, 46, 33, 3),
(1382, 46, 35, 2),
(1383, 46, 36, 1),
(1384, 66, 97, 1),
(1385, 66, 98, 1),
(1389, 69, 72, 1),
(1390, 69, 73, 1),
(1391, 69, 74, 1),
(1392, 74, 72, 5),
(1393, 74, 73, 1),
(1394, 74, 74, 1),
(1395, 74, 88, 1),
(1396, 74, 75, 1),
(1397, 74, 76, 1),
(1398, 74, 77, 1),
(1399, 74, 78, 1),
(1400, 75, 70, 5),
(1401, 75, 71, 1),
(1402, 75, 72, 1),
(1403, 75, 73, 1),
(1404, 75, 74, 1),
(1405, 75, 75, 1),
(1406, 76, 70, 1),
(1407, 76, 71, 1),
(1408, 76, 19, 2),
(1409, 76, 20, 1),
(1410, 76, 32, 6),
(1411, 77, 6, 1),
(1412, 77, 32, 1),
(1413, 77, 33, 1),
(1414, 79, 99, 2),
(1415, 79, 100, 1),
(1416, 79, 101, 3),
(1419, 81, 102, 1),
(1420, 81, 6, 1),
(1421, 81, 7, 1),
(1422, 81, 8, 1),
(1423, 81, 85, 1),
(1424, 81, 19, 1),
(1425, 81, 20, 1),
(1428, 83, 70, 1),
(1429, 83, 71, 1),
(1430, 83, 559, 1),
(1431, 83, 303, 1),
(1432, 83, 5, 1),
(1435, 17, 70, 1),
(1436, 17, 71, 1),
(1437, 17, 72, 1),
(1438, 17, 73, 1),
(1439, 17, 74, 1),
(1440, 17, 75, 1),
(1441, 17, 76, 1),
(1442, 17, 77, 1),
(1443, 17, 78, 1),
(1444, 17, 80, 1),
(1445, 17, 81, 1),
(1446, 17, 79, 1),
(1447, 17, 82, 1),
(1448, 17, 12, 1),
(1449, 17, 15, 1),
(1450, 17, 16, 1),
(1451, 17, 17, 1),
(1452, 17, 31, 1),
(1453, 17, 32, 1),
(1454, 17, 35, 1),
(1455, 80, 70, 1),
(1456, 80, 71, 1),
(1460, 67, 70, 1),
(1461, 67, 71, 1),
(1462, 67, 72, 1);

-- --------------------------------------------------------

--
-- Table structure for table `instrument_types`
--

CREATE TABLE `instrument_types` (
  `type_id` int(11) NOT NULL,
  `type_name` varchar(100) NOT NULL,
  `is_active` tinyint(1) NOT NULL DEFAULT 1,
  `created_at` timestamp NOT NULL DEFAULT current_timestamp()
) ENGINE=InnoDB DEFAULT CHARSET=utf8mb4 COLLATE=utf8mb4_general_ci COMMENT='Master data untuk tipe atau kategori instrumen.';

--
-- Dumping data for table `instrument_types`
--

INSERT INTO `instrument_types` (`type_id`, `type_name`, `is_active`, `created_at`) VALUES
(1, 'Instrument Bedah', 1, '2025-06-26 15:39:21'),
(2, 'KANDUNGAN', 1, '2025-06-26 15:39:21'),
(3, 'VASKULER', 1, '2025-06-26 15:39:21'),
(4, 'SET PEDIATRIK', 1, '2025-06-26 15:39:21'),
(5, 'SET THT', 1, '2025-06-26 15:39:21'),
(6, 'CURRETE', 1, '2025-06-26 15:39:21'),
(7, 'Curret', 1, '2025-06-26 15:39:21'),
(8, 'Cutting', 1, '2025-06-26 15:39:21'),
(9, 'Instrument', 1, '2025-08-19 15:53:17');

-- --------------------------------------------------------

--
-- Table structure for table `machines`
--

CREATE TABLE `machines` (
  `machine_id` int(11) NOT NULL,
  `machine_name` varchar(100) NOT NULL,
  `machine_code` varchar(10) NOT NULL,
  `is_active` tinyint(1) NOT NULL DEFAULT 1
) ENGINE=InnoDB DEFAULT CHARSET=latin1 COLLATE=latin1_swedish_ci;

--
-- Dumping data for table `machines`
--

INSERT INTO `machines` (`machine_id`, `machine_name`, `machine_code`, `is_active`) VALUES
(3, 'Autoclave (Steam Sterilizer)', 'STEAM', 1),
(4, 'ETO Sterilizer (Ethylene Oxide)', 'ETO', 1),
(5, 'Plasma Sterilizer (H2O2 Plasma)', 'PLASMA', 1),
(6, 'Dry Heat Sterilizer', 'DH', 1),
(7, 'Formaldehyde Sterilizer', 'LTSF', 1),
(8, 'Radiation Sterilizer (Gamma atau e-Beam)', 'RADI', 1);

-- --------------------------------------------------------

--
-- Table structure for table `packaging_types`
--

CREATE TABLE `packaging_types` (
  `packaging_type_id` int(11) NOT NULL,
  `packaging_name` varchar(100) NOT NULL,
  `shelf_life_days` int(11) NOT NULL COMMENT 'Masa kedaluwarsa standar dalam hari',
  `is_active` tinyint(1) NOT NULL DEFAULT 1,
  `created_at` timestamp NOT NULL DEFAULT current_timestamp(),
  `expiry_in_days` int(11) DEFAULT NULL COMMENT 'Masa kedaluwarsa dalam hari untuk jenis kemasan ini'
) ENGINE=InnoDB DEFAULT CHARSET=latin1 COLLATE=latin1_swedish_ci;

--
-- Dumping data for table `packaging_types`
--

INSERT INTO `packaging_types` (`packaging_type_id`, `packaging_name`, `shelf_life_days`, `is_active`, `created_at`, `expiry_in_days`) VALUES
(1, 'Linen', 7, 1, '2025-09-05 16:26:45', NULL),
(2, 'Pouches', 30, 1, '2025-09-05 16:27:07', NULL),
(3, 'Linen 2', 7, 1, '2025-09-06 20:05:58', 7);

-- --------------------------------------------------------

--
-- Table structure for table `print_queue`
--

CREATE TABLE `print_queue` (
  `queue_id` int(11) NOT NULL,
  `record_id` int(11) NOT NULL,
  `load_id` int(11) NOT NULL,
  `added_at` timestamp NOT NULL DEFAULT current_timestamp()
) ENGINE=InnoDB DEFAULT CHARSET=utf8mb4 COLLATE=utf8mb4_general_ci;

--
-- Dumping data for table `print_queue`
--

INSERT INTO `print_queue` (`queue_id`, `record_id`, `load_id`, `added_at`) VALUES
(54, 194, 33, '2025-07-05 21:49:04'),
(55, 195, 33, '2025-07-05 21:49:04'),
(85, 219, 40, '2025-07-06 16:28:21'),
(86, 220, 40, '2025-07-06 16:28:21'),
(87, 221, 40, '2025-07-06 16:28:21'),
(88, 222, 40, '2025-07-06 16:28:21'),
(178, 239, 53, '2025-07-13 04:35:22'),
(179, 240, 53, '2025-07-13 04:35:22'),
(180, 241, 53, '2025-07-13 04:35:22'),
(181, 242, 53, '2025-07-13 04:35:22'),
(182, 243, 53, '2025-07-13 04:35:22'),
(248, 256, 58, '2025-07-15 04:04:35'),
(254, 262, 63, '2025-07-23 00:19:39'),
(255, 263, 63, '2025-07-23 00:19:39'),
(256, 264, 63, '2025-07-23 00:19:39'),
(257, 265, 63, '2025-07-23 00:19:39'),
(258, 266, 63, '2025-07-23 00:19:39'),
(259, 267, 63, '2025-07-23 00:19:39'),
(260, 268, 63, '2025-07-23 00:19:39'),
(268, 276, 67, '2025-07-28 23:09:40'),
(278, 286, 69, '2025-08-05 01:03:59'),
(279, 287, 69, '2025-08-05 01:03:59'),
(305, 302, 75, '2025-08-23 09:18:53'),
(306, 303, 75, '2025-08-23 09:18:53'),
(326, 309, 85, '2025-08-29 08:27:14'),
(327, 310, 85, '2025-08-29 08:27:14'),
(336, 320, 96, '2025-09-05 16:14:59'),
(337, 321, 96, '2025-09-05 16:14:59'),
(348, 327, 99, '2025-09-05 17:20:14');

-- --------------------------------------------------------

--
-- Table structure for table `sterilization_cycles`
--

CREATE TABLE `sterilization_cycles` (
  `cycle_id` int(11) NOT NULL,
  `machine_name` varchar(255) NOT NULL,
  `cycle_number` varchar(100) NOT NULL,
  `cycle_date` datetime NOT NULL,
  `operator_user_id` int(11) DEFAULT NULL,
  `status` varchar(50) NOT NULL DEFAULT 'menunggu_validasi' COMMENT 'completed, failed, menunggu_validasi',
  `notes` text DEFAULT NULL,
  `created_at` timestamp NOT NULL DEFAULT current_timestamp()
) ENGINE=InnoDB DEFAULT CHARSET=utf8mb4 COLLATE=utf8mb4_general_ci;

--
-- Dumping data for table `sterilization_cycles`
--

INSERT INTO `sterilization_cycles` (`cycle_id`, `machine_name`, `cycle_number`, `cycle_date`, `operator_user_id`, `status`, `notes`, `created_at`) VALUES
(23, 'ETO Sterilizer (Ethylene Oxide)', 'SIKLUS-ETO-060725-01', '2025-07-06 04:25:59', 1, 'completed', NULL, '2025-07-05 21:25:59'),
(24, 'Plasma Sterilizer (H2O2 Plasma)', 'SIKLUS-PLASMA-060725-01', '2025-07-06 04:50:04', 1, 'completed', NULL, '2025-07-05 21:50:04'),
(25, 'Autoclave (Steam Sterilizer)', 'SIKLUS-STEAM-060725-01', '2025-07-06 07:57:28', 1, 'completed', NULL, '2025-07-06 00:57:28'),
(26, 'Autoclave (Steam Sterilizer)', 'SIKLUS-STEAM-060725-02', '2025-07-06 10:52:22', 1, 'completed', NULL, '2025-07-06 03:52:22'),
(27, 'Autoclave (Steam Sterilizer)', 'SIKLUS-STEAM-060725-03', '2025-07-06 13:57:15', 1, 'completed', NULL, '2025-07-06 06:57:15'),
(28, 'Autoclave (Steam Sterilizer)', 'SIKLUS-STEAM-060725-04', '2025-07-06 19:51:00', 1, 'completed', NULL, '2025-07-06 12:51:00'),
(29, 'ETO Sterilizer (Ethylene Oxide)', 'SIKLUS-ETO-060725-02', '2025-07-06 22:32:47', 1, 'completed', NULL, '2025-07-06 15:32:47'),
(30, 'Autoclave (Steam Sterilizer)', 'SIKLUS-STEAM-070725-01', '2025-07-07 06:37:27', 1, 'completed', NULL, '2025-07-06 23:37:27'),
(31, 'Autoclave (Steam Sterilizer)', 'SIKLUS-STEAM-070725-02', '2025-07-07 09:18:09', 5, 'completed', NULL, '2025-07-07 02:18:09'),
(32, 'Autoclave (Steam Sterilizer)', 'SIKLUS-STEAM-090725-01', '2025-07-09 08:17:05', 1, 'completed', NULL, '2025-07-09 01:17:05'),
(33, 'Autoclave (Steam Sterilizer)', 'SIKLUS-STEAM-090725-02', '2025-07-09 11:05:07', 1, 'completed', NULL, '2025-07-09 04:05:07'),
(34, 'Autoclave (Steam Sterilizer)', 'SIKLUS-STEAM-090725-03', '2025-07-09 11:11:12', 1, 'completed', NULL, '2025-07-09 04:11:12'),
(35, 'Autoclave (Steam Sterilizer)', 'SIKLUS-STEAM-090725-04', '2025-07-09 11:15:07', 1, 'completed', NULL, '2025-07-09 04:15:07'),
(36, 'Autoclave (Steam Sterilizer)', 'SIKLUS-STEAM-090725-05', '2025-07-09 18:58:47', 1, 'completed', NULL, '2025-07-09 11:58:47'),
(37, 'Autoclave (Steam Sterilizer)', 'SIKLUS-STEAM-140725-01', '2025-07-14 18:51:23', 1, 'completed', NULL, '2025-07-14 11:51:23'),
(38, 'Autoclave (Steam Sterilizer)', 'SIKLUS-STEAM-150725-01', '2025-07-15 09:10:47', 1, 'completed', NULL, '2025-07-15 02:10:47'),
(39, 'Autoclave (Steam Sterilizer)', 'SIKLUS-STEAM-150725-02', '2025-07-15 11:04:31', 1, 'completed', NULL, '2025-07-15 04:04:31'),
(40, 'Autoclave (Steam Sterilizer)', 'SIKLUS-STEAM-150725-03', '2025-07-15 14:18:27', 1, 'completed', NULL, '2025-07-15 07:18:27'),
(41, 'Autoclave (Steam Sterilizer)', 'SIKLUS-STEAM-190725-01', '2025-07-19 09:16:55', 1, 'completed', NULL, '2025-07-19 02:16:55'),
(42, 'Autoclave (Steam Sterilizer)', 'SIKLUS-STEAM-220725-01', '2025-07-22 10:42:33', 1, 'completed', NULL, '2025-07-22 03:42:33'),
(43, 'Autoclave (Steam Sterilizer)', 'SIKLUS-STEAM-230725-01', '2025-07-23 07:19:36', 1, 'completed', NULL, '2025-07-23 00:19:36'),
(44, 'Autoclave (Steam Sterilizer)', 'SIKLUS-STEAM-240725-01', '2025-07-24 10:10:15', 1, 'completed', NULL, '2025-07-24 03:10:15'),
(45, 'Autoclave (Steam Sterilizer)', 'SIKLUS-STEAM-240725-02', '2025-07-24 10:18:47', 1, 'completed', NULL, '2025-07-24 03:18:47'),
(46, 'Autoclave (Steam Sterilizer)', 'SIKLUS-STEAM-240725-03', '2025-07-24 12:38:50', 1, 'completed', NULL, '2025-07-24 05:38:50'),
(47, 'Autoclave (Steam Sterilizer)', 'SIKLUS-STEAM-290725-01', '2025-07-29 06:09:30', 1, 'completed', NULL, '2025-07-28 23:09:30'),
(48, 'Autoclave (Steam Sterilizer)', 'SIKLUS-STEAM-290725-02', '2025-07-29 10:24:12', 1, 'completed', NULL, '2025-07-29 03:24:12'),
(49, 'Autoclave (Steam Sterilizer)', 'SIKLUS-STEAM-050825-01', '2025-08-05 08:03:57', 1, 'completed', NULL, '2025-08-05 01:03:57'),
(50, 'Autoclave (Steam Sterilizer)', 'SIKLUS-STEAM-080825-01', '2025-08-08 00:26:13', 1, 'completed', NULL, '2025-08-07 17:26:13'),
(51, 'Formaldehyde Sterilizer', 'SIKLUS-LTSF-080825-01', '2025-08-08 00:40:10', 1, 'completed', NULL, '2025-08-07 17:40:10'),
(52, 'Autoclave (Steam Sterilizer)', 'SIKLUS-STEAM-080825-02', '2025-08-08 00:53:55', 1, 'completed', NULL, '2025-08-07 17:53:55'),
(53, 'Autoclave (Steam Sterilizer)', 'SIKLUS-STEAM-140825-01', '2025-08-14 14:38:06', 1, 'completed', NULL, '2025-08-14 07:38:06'),
(54, 'Autoclave (Steam Sterilizer)', 'SIKLUS-STEAM-190825-01', '2025-08-19 19:31:33', 1, 'completed', NULL, '2025-08-19 12:31:33'),
(55, 'Autoclave (Steam Sterilizer)', 'SIKLUS-STEAM-230825-01', '2025-08-23 16:17:53', 1, 'completed', NULL, '2025-08-23 09:17:53'),
(56, 'Autoclave (Steam Sterilizer)', 'SIKLUS-STEAM-250825-01', '2025-08-25 10:08:36', 1, 'completed', NULL, '2025-08-25 03:08:36'),
(57, 'Autoclave (Steam Sterilizer)', 'SIKLUS-STEAM-250825-02', '2025-08-25 10:41:14', 1, 'completed', NULL, '2025-08-25 03:41:14'),
(58, 'Autoclave (Steam Sterilizer)', 'SIKLUS-STEAM-270825-01', '2025-08-27 19:43:58', 1, 'completed', NULL, '2025-08-27 12:43:58'),
(59, 'Autoclave (Steam Sterilizer)', 'SIKLUS-STEAM-270825-02', '2025-08-27 20:13:42', 1, 'completed', NULL, '2025-08-27 13:13:42'),
(61, 'Autoclave (Steam Sterilizer)', 'SIKLUS-STEAM-290825-01', '2025-08-29 20:13:26', 1, 'completed', NULL, '2025-08-29 13:13:26'),
(62, 'Autoclave (Steam Sterilizer)', 'SIKLUS-STEAM-290825-02', '2025-08-29 20:53:47', 1, 'completed', NULL, '2025-08-29 13:53:47'),
(63, 'Autoclave (Steam Sterilizer)', 'SIKLUS-STEAM-030925-01', '2025-09-03 08:37:52', 1, 'completed', NULL, '2025-09-03 01:37:52'),
(64, 'Autoclave (Steam Sterilizer)', 'SIKLUS-STEAM-030925-02', '2025-09-03 08:48:06', 1, 'completed', NULL, '2025-09-03 01:48:06'),
(65, 'Dry Heat Sterilizer', 'SIKLUS-DH-030925-01', '2025-09-03 22:06:49', 1, 'completed', NULL, '2025-09-03 15:06:49'),
(66, 'Autoclave (Steam Sterilizer)', 'SIKLUS-STEAM-030925-03', '2025-09-03 22:59:14', 1, 'completed', NULL, '2025-09-03 15:59:14'),
(67, 'Autoclave (Steam Sterilizer)', 'SIKLUS-STEAM-050925-01', '2025-09-05 23:27:41', 1, 'completed', NULL, '2025-09-05 16:27:41'),
(68, 'Autoclave (Steam Sterilizer)', 'SIKLUS-STEAM-060925-01', '2025-09-06 00:09:35', 1, 'completed', NULL, '2025-09-05 17:09:35'),
(69, 'Autoclave (Steam Sterilizer)', 'SIKLUS-STEAM-060925-02', '2025-09-06 00:10:42', 1, 'completed', NULL, '2025-09-05 17:10:42'),
(70, 'Autoclave (Steam Sterilizer)', 'SIKLUS-STEAM-060925-03', '2025-09-06 00:13:34', 1, 'completed', NULL, '2025-09-05 17:13:34'),
(71, 'Autoclave (Steam Sterilizer)', 'SIKLUS-STEAM-060925-04', '2025-09-06 00:19:54', 1, 'completed', NULL, '2025-09-05 17:19:54'),
(72, 'Autoclave (Steam Sterilizer)', 'SIKLUS-STEAM-060925-05', '2025-09-06 00:53:28', 1, 'completed', NULL, '2025-09-05 17:53:28'),
(73, 'Autoclave (Steam Sterilizer)', 'SIKLUS-STEAM-060925-06', '2025-09-06 01:26:49', 1, 'completed', NULL, '2025-09-05 18:26:49'),
(74, 'Autoclave (Steam Sterilizer)', 'SIKLUS-STEAM-070925-01', '2025-09-07 02:17:32', 1, 'completed', NULL, '2025-09-06 19:17:32'),
(75, 'Autoclave (Steam Sterilizer)', 'SIKLUS-STEAM-070925-02', '2025-09-07 02:42:12', 1, 'completed', NULL, '2025-09-06 19:42:12'),
(76, 'Autoclave (Steam Sterilizer)', 'SIKLUS-STEAM-070925-03', '2025-09-07 02:56:27', 1, 'completed', NULL, '2025-09-06 19:56:27'),
(77, 'Autoclave (Steam Sterilizer)', 'SIKLUS-STEAM-070925-04', '2025-09-07 03:05:06', 1, 'completed', NULL, '2025-09-06 20:05:06'),
(78, 'Autoclave (Steam Sterilizer)', 'SIKLUS-STEAM-070925-05', '2025-09-07 03:17:26', 1, 'completed', NULL, '2025-09-06 20:17:26');

-- --------------------------------------------------------

--
-- Table structure for table `sterilization_loads`
--

CREATE TABLE `sterilization_loads` (
  `load_id` int(11) NOT NULL,
  `load_name` varchar(255) NOT NULL COMMENT 'Nama deskriptif untuk muatan, misal: Autoklaf A - Pagi 25/06',
  `notes` text DEFAULT NULL,
  `created_by_user_id` int(11) DEFAULT NULL,
  `machine_id` int(11) DEFAULT NULL,
  `load_type` enum('Rutin','Cito/Darurat','Jadwal Operasi') NOT NULL DEFAULT 'Rutin' COMMENT 'Jenis muatan untuk klasifikasi',
  `priority` enum('Normal','Tinggi','Urgent') NOT NULL DEFAULT 'Normal' COMMENT 'Prioritas pengerjaan muatan',
  `destination_department_id` int(11) DEFAULT NULL,
  `packaging_type_id` int(11) DEFAULT NULL,
  `cycle_id` int(11) DEFAULT NULL COMMENT 'Diisi saat muatan dijalankan dalam siklus',
  `status` varchar(50) NOT NULL DEFAULT 'persiapan' COMMENT 'persiapan, berjalan, menunggu_validasi, selesai, gagal',
  `created_at` timestamp NULL DEFAULT current_timestamp(),
  `updated_at` timestamp NULL DEFAULT current_timestamp() ON UPDATE current_timestamp()
) ENGINE=InnoDB DEFAULT CHARSET=utf8mb4 COLLATE=utf8mb4_general_ci;

--
-- Dumping data for table `sterilization_loads`
--

INSERT INTO `sterilization_loads` (`load_id`, `load_name`, `notes`, `created_by_user_id`, `machine_id`, `load_type`, `priority`, `destination_department_id`, `packaging_type_id`, `cycle_id`, `status`, `created_at`, `updated_at`) VALUES
(33, 'MUATAN-060725-01', NULL, 1, 4, 'Rutin', 'Normal', 2, NULL, 23, 'selesai', '2025-07-05 21:00:40', '2025-07-05 21:25:59'),
(34, 'MUATAN-060725-02', NULL, 1, 5, 'Rutin', 'Normal', 4, NULL, 24, 'selesai', '2025-07-05 21:49:19', '2025-07-05 21:50:04'),
(35, 'MUATAN-060725-03', 'Perlu perhatian khusus', 1, 3, 'Rutin', 'Normal', 4, NULL, 26, 'selesai', '2025-07-05 22:54:06', '2025-07-06 03:52:22'),
(36, 'MUATAN-060725-04', NULL, 1, 3, 'Rutin', 'Normal', 4, NULL, 25, 'selesai', '2025-07-06 00:56:42', '2025-07-06 00:57:28'),
(37, 'MUATAN-060725-05', NULL, 1, 3, 'Rutin', 'Normal', 4, NULL, NULL, 'persiapan', '2025-07-06 00:58:30', '2025-07-06 00:58:30'),
(38, 'MUATAN-060725-06', NULL, 1, 4, 'Rutin', 'Normal', 1, NULL, 29, 'selesai', '2025-07-06 05:46:32', '2025-07-06 15:32:47'),
(39, 'MUATAN-060725-07', NULL, 1, 3, 'Rutin', 'Normal', 4, NULL, 30, 'selesai', '2025-07-06 06:34:04', '2025-07-06 23:37:27'),
(40, 'MUATAN-060725-08', NULL, 1, 3, 'Rutin', 'Normal', 4, NULL, 27, 'selesai', '2025-07-06 06:56:40', '2025-07-06 06:57:15'),
(41, 'MUATAN-060725-09', NULL, 1, 7, 'Rutin', 'Normal', 4, NULL, NULL, 'persiapan', '2025-07-06 08:56:24', '2025-07-06 08:56:24'),
(42, 'MUATAN-060725-10', NULL, 1, 3, 'Rutin', 'Normal', 4, NULL, 28, 'selesai', '2025-07-06 12:49:32', '2025-07-06 12:51:00'),
(43, 'MUATAN-070725-01', NULL, 5, 3, 'Rutin', 'Normal', 8, NULL, 31, 'selesai', '2025-07-07 02:18:00', '2025-07-07 02:18:09'),
(44, 'MUATAN-090725-01', NULL, 1, 3, 'Rutin', 'Normal', 4, NULL, 32, 'selesai', '2025-07-09 01:16:40', '2025-07-09 01:17:05'),
(45, 'MUATAN-090725-02', NULL, 1, 3, 'Rutin', 'Normal', 4, NULL, 33, 'selesai', '2025-07-09 04:04:27', '2025-07-09 04:05:07'),
(46, 'MUATAN-090725-03', NULL, 1, 3, 'Rutin', 'Normal', 1, NULL, NULL, 'persiapan', '2025-07-09 04:08:33', '2025-07-09 04:08:33'),
(47, 'MUATAN-090725-04', NULL, 1, 3, 'Rutin', 'Normal', 1, NULL, 34, 'selesai', '2025-07-09 04:08:33', '2025-07-09 04:11:12'),
(48, 'MUATAN-090725-05', NULL, 1, 3, 'Rutin', 'Normal', 1, NULL, NULL, 'persiapan', '2025-07-09 04:08:33', '2025-07-09 04:08:33'),
(49, 'MUATAN-090725-06', NULL, 1, 3, 'Rutin', 'Normal', 1, NULL, NULL, 'persiapan', '2025-07-09 04:08:33', '2025-07-09 04:08:33'),
(50, 'MUATAN-090725-07', NULL, 1, 3, 'Rutin', 'Normal', 1, NULL, NULL, 'persiapan', '2025-07-09 04:08:36', '2025-07-09 04:08:36'),
(51, 'MUATAN-090725-08', NULL, 1, 3, 'Rutin', 'Normal', 1, NULL, NULL, 'persiapan', '2025-07-09 04:09:41', '2025-07-09 04:09:41'),
(52, 'MUATAN-090725-09', NULL, 1, 3, 'Rutin', 'Normal', 1, NULL, NULL, 'persiapan', '2025-07-09 04:09:47', '2025-07-09 04:09:47'),
(53, 'MUATAN-090725-10', NULL, 1, 3, 'Rutin', 'Normal', 1, NULL, 35, 'selesai', '2025-07-09 04:14:29', '2025-07-09 04:15:07'),
(54, 'MUATAN-090725-11', NULL, 1, 3, 'Rutin', 'Normal', 1, NULL, NULL, 'persiapan', '2025-07-09 04:35:49', '2025-07-09 04:35:49'),
(55, 'MUATAN-090725-12', NULL, 1, 3, 'Rutin', 'Normal', 1, NULL, 36, 'selesai', '2025-07-09 11:58:35', '2025-07-09 11:58:47'),
(56, 'MUATAN-140725-01', NULL, 1, 3, 'Rutin', 'Normal', 4, NULL, 37, 'selesai', '2025-07-14 11:50:03', '2025-07-14 11:51:23'),
(57, 'MUATAN-150725-01', NULL, 1, 3, 'Rutin', 'Normal', 4, NULL, 38, 'selesai', '2025-07-15 02:09:55', '2025-07-15 02:10:47'),
(58, 'MUATAN-150725-02', NULL, 1, 3, 'Rutin', 'Normal', 1, NULL, 39, 'selesai', '2025-07-15 04:04:08', '2025-07-15 04:04:31'),
(59, 'MUATAN-150725-03', NULL, 1, 3, 'Rutin', 'Normal', 1, NULL, NULL, 'persiapan', '2025-07-15 07:12:01', '2025-07-15 07:12:01'),
(60, 'MUATAN-150725-04', NULL, 1, 3, 'Rutin', 'Normal', 4, NULL, 40, 'selesai', '2025-07-15 07:17:25', '2025-07-15 07:18:27'),
(61, 'MUATAN-190725-01', NULL, 1, 3, 'Rutin', 'Normal', 4, NULL, 41, 'selesai', '2025-07-19 02:16:37', '2025-07-19 02:16:55'),
(62, 'MUATAN-220725-01', NULL, 1, 3, 'Rutin', 'Normal', 4, NULL, 42, 'selesai', '2025-07-22 03:42:04', '2025-07-22 03:42:33'),
(63, 'MUATAN-230725-01', NULL, 1, 3, 'Rutin', 'Normal', 4, NULL, 43, 'selesai', '2025-07-23 00:18:54', '2025-07-23 00:19:36'),
(64, 'MUATAN-240725-01', NULL, 1, 3, 'Rutin', 'Normal', 4, NULL, 44, 'selesai', '2025-07-24 03:09:45', '2025-07-24 03:10:15'),
(65, 'MUATAN-240725-02', NULL, 1, 3, 'Rutin', 'Normal', 4, NULL, 45, 'selesai', '2025-07-24 03:18:33', '2025-07-24 03:18:47'),
(66, 'MUATAN-240725-03', NULL, 1, 3, 'Rutin', 'Normal', 4, NULL, 46, 'selesai', '2025-07-24 05:37:19', '2025-07-24 05:38:50'),
(67, 'MUATAN-290725-01', NULL, 1, 3, 'Rutin', 'Normal', 4, NULL, 47, 'selesai', '2025-07-28 23:09:06', '2025-07-28 23:09:30'),
(68, 'MUATAN-290725-02', NULL, 1, 3, 'Rutin', 'Normal', 4, NULL, 48, 'selesai', '2025-07-29 03:22:54', '2025-07-29 03:24:12'),
(69, 'MUATAN-050825-01', NULL, 1, 3, 'Rutin', 'Normal', 4, NULL, 49, 'selesai', '2025-08-05 01:03:36', '2025-08-05 01:03:57'),
(70, 'MUATAN-080825-01', NULL, 1, 3, 'Rutin', 'Normal', 8, NULL, 50, 'selesai', '2025-08-07 17:25:50', '2025-08-07 17:26:13'),
(71, 'MUATAN-080825-02', NULL, 1, 7, 'Rutin', 'Normal', 4, NULL, 51, 'selesai', '2025-08-07 17:40:00', '2025-08-07 17:40:10'),
(72, 'MUATAN-080825-03', NULL, 1, 3, 'Rutin', 'Normal', 8, NULL, 52, 'selesai', '2025-08-07 17:53:44', '2025-08-07 17:53:55'),
(73, 'MUATAN-140825-01', NULL, 1, 3, 'Rutin', 'Normal', 4, NULL, 53, 'selesai', '2025-08-14 07:37:44', '2025-08-14 07:38:06'),
(74, 'MUATAN-190825-01', NULL, 1, 3, 'Rutin', 'Normal', 4, NULL, 54, 'selesai', '2025-08-19 12:31:17', '2025-08-19 12:31:33'),
(75, 'MUATAN-230825-01', NULL, 1, 3, 'Rutin', 'Normal', 11, NULL, 55, 'selesai', '2025-08-23 09:17:25', '2025-08-23 09:17:53'),
(76, 'MUATAN-230825-02', NULL, 1, 3, 'Rutin', 'Normal', 12, NULL, NULL, 'persiapan', '2025-08-23 09:28:03', '2025-08-23 09:28:03'),
(77, 'MUATAN-250825-01', NULL, 1, 3, 'Rutin', 'Normal', 3, NULL, 56, 'selesai', '2025-08-25 03:08:22', '2025-08-25 03:08:36'),
(78, 'MUATAN-250825-02', NULL, 1, 3, 'Rutin', 'Normal', 4, NULL, NULL, 'persiapan', '2025-08-25 03:40:49', '2025-08-25 03:40:49'),
(79, 'MUATAN-250825-03', NULL, 1, 3, 'Rutin', 'Normal', 4, NULL, NULL, 'persiapan', '2025-08-25 03:40:50', '2025-08-25 03:40:50'),
(80, 'MUATAN-250825-04', NULL, 1, 3, 'Rutin', 'Normal', 4, NULL, 57, 'selesai', '2025-08-25 03:40:52', '2025-08-25 03:41:14'),
(81, 'MUATAN-250825-05', NULL, 1, 3, 'Rutin', 'Normal', 4, NULL, NULL, 'persiapan', '2025-08-25 11:27:48', '2025-08-25 11:27:48'),
(82, 'MUATAN-250825-06', NULL, 1, 3, 'Rutin', 'Normal', 4, NULL, NULL, 'persiapan', '2025-08-25 11:29:04', '2025-08-25 11:29:04'),
(83, 'MUATAN-270825-01', 'Catatan', 1, 3, 'Rutin', 'Normal', 4, NULL, 58, 'selesai', '2025-08-27 12:33:34', '2025-08-27 12:43:58'),
(84, 'MUATAN-270825-02', NULL, 1, 3, 'Rutin', 'Normal', 12, NULL, NULL, 'persiapan', '2025-08-27 12:45:18', '2025-08-27 12:45:18'),
(85, 'MUATAN-270825-03', NULL, 1, 3, 'Rutin', 'Normal', 8, NULL, 59, 'selesai', '2025-08-27 13:12:53', '2025-08-27 13:13:42'),
(89, 'MUATAN-290825-01', 'Testing API via Postman', 1, 3, 'Rutin', 'Normal', 1, NULL, 61, 'selesai', '2025-08-29 12:53:40', '2025-08-29 13:13:26'),
(90, 'MUATAN-290825-02', 'Testing API via Postman', 1, 3, 'Rutin', 'Normal', 1, NULL, 62, 'selesai', '2025-08-29 13:52:47', '2025-08-29 13:53:47'),
(91, 'MUATAN-310825-01', 'Testing API via Postman', 1, 3, 'Rutin', 'Normal', 1, 1, 68, 'selesai', '2025-08-31 05:09:00', '2025-09-05 17:09:35'),
(92, 'MUATAN-030925-01', NULL, 1, 3, 'Rutin', 'Normal', 12, NULL, 63, 'selesai', '2025-09-03 01:37:40', '2025-09-03 01:37:52'),
(93, 'MUATAN-030925-02', NULL, 1, 3, 'Rutin', 'Normal', 2, NULL, 64, 'selesai', '2025-09-03 01:47:53', '2025-09-03 01:48:06'),
(94, 'MUATAN-030925-03', NULL, 1, 6, 'Rutin', 'Normal', 1, NULL, 65, 'selesai', '2025-09-03 14:55:02', '2025-09-03 15:06:49'),
(95, 'MUATAN-030925-04', NULL, 1, 3, 'Rutin', 'Normal', 1, 1, 67, 'selesai', '2025-09-03 14:59:55', '2025-09-05 16:27:41'),
(96, 'MUATAN-030925-05', NULL, 1, 3, 'Rutin', 'Normal', 4, NULL, 66, 'selesai', '2025-09-03 15:08:13', '2025-09-03 15:59:14'),
(97, 'MUATAN-060925-01', NULL, 1, 3, 'Rutin', 'Normal', 8, 1, 69, 'selesai', '2025-09-05 17:10:16', '2025-09-05 17:10:42'),
(98, 'MUATAN-060925-02', NULL, 1, 3, 'Rutin', 'Normal', 4, 1, 70, 'selesai', '2025-09-05 17:13:27', '2025-09-05 17:13:34'),
(99, 'MUATAN-060925-03', NULL, 1, 3, 'Rutin', 'Normal', 4, 1, 71, 'selesai', '2025-09-05 17:19:36', '2025-09-05 17:19:54'),
(100, 'MUATAN-060925-04', NULL, 1, 3, 'Rutin', 'Normal', 8, 1, 72, 'selesai', '2025-09-05 17:21:46', '2025-09-05 17:53:28'),
(101, 'MUATAN-060925-05', NULL, 1, 3, 'Rutin', 'Normal', 4, 1, 73, 'selesai', '2025-09-05 18:26:06', '2025-09-05 18:26:49'),
(103, 'MUATAN-060925-06', NULL, 1, 3, 'Rutin', 'Normal', 4, 2, 73, 'selesai', '2025-09-05 18:31:45', '2025-09-05 18:37:18'),
(104, 'MUATAN-060925-07', NULL, 1, 3, 'Rutin', 'Normal', 4, 1, NULL, 'persiapan', '2025-09-05 18:37:54', '2025-09-05 18:40:47'),
(105, 'MUATAN-060925-08', NULL, 1, 3, 'Rutin', 'Normal', 4, 1, 74, 'selesai', '2025-09-05 23:57:09', '2025-09-06 19:17:32'),
(106, 'MUATAN-070925-01', NULL, 1, 3, 'Rutin', 'Normal', 8, 1, 75, 'selesai', '2025-09-06 19:41:41', '2025-09-06 19:42:12'),
(107, 'MUATAN-070925-02', NULL, 1, 3, 'Rutin', 'Normal', 8, 1, 76, 'selesai', '2025-09-06 19:56:19', '2025-09-06 19:56:27'),
(108, 'MUATAN-070925-03', NULL, 1, 3, 'Rutin', 'Normal', 8, 1, 77, 'selesai', '2025-09-06 20:04:54', '2025-09-06 20:05:06'),
(109, 'MUATAN-070925-04', NULL, 1, 3, 'Rutin', 'Normal', 8, 3, 78, 'selesai', '2025-09-06 20:17:18', '2025-09-06 20:17:26');

-- --------------------------------------------------------

--
-- Table structure for table `sterilization_load_items`
--

CREATE TABLE `sterilization_load_items` (
  `load_item_id` int(11) NOT NULL,
  `load_id` int(11) NOT NULL,
  `item_id` int(11) NOT NULL COMMENT 'Bisa merujuk ke instrument_id atau set_id',
  `item_type` enum('instrument','set') NOT NULL,
  `quantity` int(11) NOT NULL DEFAULT 1,
  `item_snapshot` text DEFAULT NULL COMMENT 'JSON snapshot dari isi set pada saat ditambahkan ke muatan, memungkinkan modifikasi on-the-fly'
) ENGINE=InnoDB DEFAULT CHARSET=utf8mb4 COLLATE=utf8mb4_general_ci;

--
-- Dumping data for table `sterilization_load_items`
--

INSERT INTO `sterilization_load_items` (`load_item_id`, `load_id`, `item_id`, `item_type`, `quantity`, `item_snapshot`) VALUES
(78, 33, 70, 'instrument', 1, NULL),
(79, 33, 27, 'set', 1, '[{\"instrument_id\":97,\"quantity\":2},{\"instrument_id\":98,\"quantity\":1},{\"instrument_id\":87,\"quantity\":1},{\"instrument_id\":6,\"quantity\":5},{\"instrument_id\":10,\"quantity\":1},{\"instrument_id\":11,\"quantity\":4},{\"instrument_id\":12,\"quantity\":1},{\"instrument_id\":14,\"quantity\":1},{\"instrument_id\":15,\"quantity\":1},{\"instrument_id\":17,\"quantity\":5},{\"instrument_id\":18,\"quantity\":1},{\"instrument_id\":19,\"quantity\":1},{\"instrument_id\":20,\"quantity\":1},{\"instrument_id\":24,\"quantity\":2},{\"instrument_id\":25,\"quantity\":2},{\"instrument_id\":26,\"quantity\":1},{\"instrument_id\":27,\"quantity\":1},{\"instrument_id\":29,\"quantity\":1},{\"instrument_id\":30,\"quantity\":4},{\"instrument_id\":31,\"quantity\":2},{\"instrument_id\":32,\"quantity\":2},{\"instrument_id\":33,\"quantity\":2},{\"instrument_id\":35,\"quantity\":2},{\"instrument_id\":36,\"quantity\":1},{\"instrument_id\":37,\"quantity\":1},{\"instrument_id\":50,\"quantity\":1}]'),
(80, 34, 27, 'set', 1, '[{\"instrument_id\":97,\"quantity\":1},{\"instrument_id\":98,\"quantity\":1},{\"instrument_id\":6,\"quantity\":5},{\"instrument_id\":10,\"quantity\":1},{\"instrument_id\":11,\"quantity\":4},{\"instrument_id\":12,\"quantity\":1},{\"instrument_id\":14,\"quantity\":1},{\"instrument_id\":15,\"quantity\":1},{\"instrument_id\":17,\"quantity\":5},{\"instrument_id\":18,\"quantity\":1},{\"instrument_id\":19,\"quantity\":1},{\"instrument_id\":20,\"quantity\":1},{\"instrument_id\":24,\"quantity\":2},{\"instrument_id\":25,\"quantity\":2},{\"instrument_id\":26,\"quantity\":1},{\"instrument_id\":27,\"quantity\":1},{\"instrument_id\":29,\"quantity\":1},{\"instrument_id\":30,\"quantity\":4},{\"instrument_id\":31,\"quantity\":2},{\"instrument_id\":32,\"quantity\":2},{\"instrument_id\":33,\"quantity\":2},{\"instrument_id\":35,\"quantity\":2},{\"instrument_id\":36,\"quantity\":1},{\"instrument_id\":37,\"quantity\":1},{\"instrument_id\":50,\"quantity\":1}]'),
(81, 36, 22, 'set', 1, '[{\"instrument_id\":6,\"quantity\":4},{\"instrument_id\":7,\"quantity\":3},{\"instrument_id\":10,\"quantity\":2},{\"instrument_id\":11,\"quantity\":5},{\"instrument_id\":12,\"quantity\":1},{\"instrument_id\":13,\"quantity\":1},{\"instrument_id\":14,\"quantity\":1},{\"instrument_id\":15,\"quantity\":1},{\"instrument_id\":17,\"quantity\":5},{\"instrument_id\":18,\"quantity\":1},{\"instrument_id\":19,\"quantity\":1},{\"instrument_id\":22,\"quantity\":1},{\"instrument_id\":25,\"quantity\":5},{\"instrument_id\":26,\"quantity\":1},{\"instrument_id\":27,\"quantity\":1},{\"instrument_id\":29,\"quantity\":1},{\"instrument_id\":30,\"quantity\":1},{\"instrument_id\":31,\"quantity\":2},{\"instrument_id\":32,\"quantity\":2},{\"instrument_id\":33,\"quantity\":1},{\"instrument_id\":35,\"quantity\":1},{\"instrument_id\":36,\"quantity\":1},{\"instrument_id\":37,\"quantity\":1},{\"instrument_id\":50,\"quantity\":2}]'),
(82, 36, 17, 'set', 1, '[{\"instrument_id\":12,\"quantity\":1},{\"instrument_id\":15,\"quantity\":1},{\"instrument_id\":16,\"quantity\":1},{\"instrument_id\":17,\"quantity\":1},{\"instrument_id\":31,\"quantity\":1},{\"instrument_id\":32,\"quantity\":1},{\"instrument_id\":35,\"quantity\":1},{\"instrument_id\":70,\"quantity\":1},{\"instrument_id\":71,\"quantity\":1},{\"instrument_id\":72,\"quantity\":1},{\"instrument_id\":73,\"quantity\":1},{\"instrument_id\":74,\"quantity\":1},{\"instrument_id\":75,\"quantity\":1},{\"instrument_id\":76,\"quantity\":1},{\"instrument_id\":77,\"quantity\":1},{\"instrument_id\":78,\"quantity\":1},{\"instrument_id\":79,\"quantity\":1},{\"instrument_id\":80,\"quantity\":1},{\"instrument_id\":81,\"quantity\":1},{\"instrument_id\":82,\"quantity\":1}]'),
(83, 36, 16, 'set', 1, '[{\"instrument_id\":17,\"quantity\":1},{\"instrument_id\":18,\"quantity\":1},{\"instrument_id\":24,\"quantity\":1},{\"instrument_id\":25,\"quantity\":1},{\"instrument_id\":26,\"quantity\":1},{\"instrument_id\":27,\"quantity\":1},{\"instrument_id\":29,\"quantity\":1},{\"instrument_id\":31,\"quantity\":1},{\"instrument_id\":32,\"quantity\":1},{\"instrument_id\":33,\"quantity\":1},{\"instrument_id\":49,\"quantity\":1},{\"instrument_id\":50,\"quantity\":1},{\"instrument_id\":51,\"quantity\":1},{\"instrument_id\":52,\"quantity\":1},{\"instrument_id\":53,\"quantity\":1},{\"instrument_id\":54,\"quantity\":1},{\"instrument_id\":55,\"quantity\":1},{\"instrument_id\":56,\"quantity\":1},{\"instrument_id\":57,\"quantity\":1},{\"instrument_id\":58,\"quantity\":1},{\"instrument_id\":59,\"quantity\":1},{\"instrument_id\":60,\"quantity\":1},{\"instrument_id\":61,\"quantity\":1},{\"instrument_id\":62,\"quantity\":1},{\"instrument_id\":63,\"quantity\":1},{\"instrument_id\":64,\"quantity\":1},{\"instrument_id\":65,\"quantity\":1},{\"instrument_id\":66,\"quantity\":1},{\"instrument_id\":67,\"quantity\":1},{\"instrument_id\":68,\"quantity\":1}]'),
(84, 35, 46, 'set', 1, '[{\"instrument_id\":5,\"quantity\":2},{\"instrument_id\":6,\"quantity\":4},{\"instrument_id\":7,\"quantity\":2},{\"instrument_id\":10,\"quantity\":4},{\"instrument_id\":11,\"quantity\":4},{\"instrument_id\":12,\"quantity\":1},{\"instrument_id\":15,\"quantity\":1},{\"instrument_id\":16,\"quantity\":1},{\"instrument_id\":17,\"quantity\":5},{\"instrument_id\":18,\"quantity\":2},{\"instrument_id\":19,\"quantity\":2},{\"instrument_id\":20,\"quantity\":1},{\"instrument_id\":22,\"quantity\":1},{\"instrument_id\":24,\"quantity\":1},{\"instrument_id\":25,\"quantity\":2},{\"instrument_id\":26,\"quantity\":1},{\"instrument_id\":27,\"quantity\":1},{\"instrument_id\":28,\"quantity\":1},{\"instrument_id\":29,\"quantity\":1},{\"instrument_id\":30,\"quantity\":4},{\"instrument_id\":31,\"quantity\":2},{\"instrument_id\":32,\"quantity\":2},{\"instrument_id\":33,\"quantity\":3},{\"instrument_id\":35,\"quantity\":2},{\"instrument_id\":36,\"quantity\":1},{\"instrument_id\":50,\"quantity\":1}]'),
(86, 37, 70, 'instrument', 1, NULL),
(87, 37, 22, 'set', 1, '[{\"instrument_id\":97,\"quantity\":1},{\"instrument_id\":98,\"quantity\":1},{\"instrument_id\":6,\"quantity\":4},{\"instrument_id\":7,\"quantity\":3},{\"instrument_id\":10,\"quantity\":2},{\"instrument_id\":11,\"quantity\":5},{\"instrument_id\":12,\"quantity\":1},{\"instrument_id\":13,\"quantity\":1},{\"instrument_id\":14,\"quantity\":1},{\"instrument_id\":15,\"quantity\":1},{\"instrument_id\":17,\"quantity\":5},{\"instrument_id\":18,\"quantity\":1},{\"instrument_id\":19,\"quantity\":1},{\"instrument_id\":22,\"quantity\":1},{\"instrument_id\":25,\"quantity\":5},{\"instrument_id\":26,\"quantity\":1},{\"instrument_id\":27,\"quantity\":1},{\"instrument_id\":29,\"quantity\":1},{\"instrument_id\":30,\"quantity\":1},{\"instrument_id\":31,\"quantity\":2},{\"instrument_id\":32,\"quantity\":2},{\"instrument_id\":33,\"quantity\":1},{\"instrument_id\":35,\"quantity\":1},{\"instrument_id\":36,\"quantity\":1},{\"instrument_id\":37,\"quantity\":1},{\"instrument_id\":50,\"quantity\":2}]'),
(96, 37, 27, 'set', 1, '[{\"instrument_id\":6,\"quantity\":5},{\"instrument_id\":10,\"quantity\":1},{\"instrument_id\":11,\"quantity\":4},{\"instrument_id\":12,\"quantity\":1},{\"instrument_id\":14,\"quantity\":1},{\"instrument_id\":15,\"quantity\":1},{\"instrument_id\":17,\"quantity\":5},{\"instrument_id\":18,\"quantity\":1},{\"instrument_id\":19,\"quantity\":1},{\"instrument_id\":20,\"quantity\":1},{\"instrument_id\":24,\"quantity\":2},{\"instrument_id\":25,\"quantity\":2},{\"instrument_id\":26,\"quantity\":1},{\"instrument_id\":27,\"quantity\":1},{\"instrument_id\":29,\"quantity\":1},{\"instrument_id\":30,\"quantity\":4},{\"instrument_id\":31,\"quantity\":2},{\"instrument_id\":32,\"quantity\":2},{\"instrument_id\":33,\"quantity\":2},{\"instrument_id\":35,\"quantity\":2},{\"instrument_id\":36,\"quantity\":1},{\"instrument_id\":37,\"quantity\":1},{\"instrument_id\":50,\"quantity\":1}]'),
(97, 37, 46, 'set', 1, '[{\"instrument_id\":5,\"quantity\":2},{\"instrument_id\":6,\"quantity\":4},{\"instrument_id\":7,\"quantity\":2},{\"instrument_id\":10,\"quantity\":4},{\"instrument_id\":11,\"quantity\":4},{\"instrument_id\":12,\"quantity\":1},{\"instrument_id\":15,\"quantity\":1},{\"instrument_id\":16,\"quantity\":1},{\"instrument_id\":17,\"quantity\":5},{\"instrument_id\":18,\"quantity\":2},{\"instrument_id\":19,\"quantity\":2},{\"instrument_id\":20,\"quantity\":1},{\"instrument_id\":22,\"quantity\":1},{\"instrument_id\":24,\"quantity\":1},{\"instrument_id\":25,\"quantity\":2},{\"instrument_id\":26,\"quantity\":1},{\"instrument_id\":27,\"quantity\":1},{\"instrument_id\":28,\"quantity\":1},{\"instrument_id\":29,\"quantity\":1},{\"instrument_id\":30,\"quantity\":4},{\"instrument_id\":31,\"quantity\":2},{\"instrument_id\":32,\"quantity\":2},{\"instrument_id\":33,\"quantity\":3},{\"instrument_id\":35,\"quantity\":2},{\"instrument_id\":36,\"quantity\":1},{\"instrument_id\":50,\"quantity\":1}]'),
(100, 37, 17, 'set', 1, '[{\"instrument_id\":12,\"quantity\":1},{\"instrument_id\":15,\"quantity\":1},{\"instrument_id\":16,\"quantity\":1},{\"instrument_id\":17,\"quantity\":1},{\"instrument_id\":31,\"quantity\":1},{\"instrument_id\":32,\"quantity\":1},{\"instrument_id\":35,\"quantity\":1},{\"instrument_id\":70,\"quantity\":1},{\"instrument_id\":71,\"quantity\":1},{\"instrument_id\":72,\"quantity\":1},{\"instrument_id\":73,\"quantity\":1},{\"instrument_id\":74,\"quantity\":1},{\"instrument_id\":75,\"quantity\":1},{\"instrument_id\":76,\"quantity\":1},{\"instrument_id\":77,\"quantity\":1},{\"instrument_id\":78,\"quantity\":1},{\"instrument_id\":79,\"quantity\":1},{\"instrument_id\":80,\"quantity\":1},{\"instrument_id\":81,\"quantity\":1},{\"instrument_id\":82,\"quantity\":1}]'),
(102, 37, 22, 'set', 1, '[{\"instrument_id\":6,\"quantity\":4},{\"instrument_id\":7,\"quantity\":3},{\"instrument_id\":10,\"quantity\":2},{\"instrument_id\":11,\"quantity\":5},{\"instrument_id\":12,\"quantity\":1},{\"instrument_id\":13,\"quantity\":1},{\"instrument_id\":14,\"quantity\":1},{\"instrument_id\":15,\"quantity\":1},{\"instrument_id\":17,\"quantity\":5},{\"instrument_id\":18,\"quantity\":1},{\"instrument_id\":19,\"quantity\":1},{\"instrument_id\":22,\"quantity\":1},{\"instrument_id\":25,\"quantity\":5},{\"instrument_id\":26,\"quantity\":1},{\"instrument_id\":27,\"quantity\":1},{\"instrument_id\":29,\"quantity\":1},{\"instrument_id\":30,\"quantity\":1},{\"instrument_id\":31,\"quantity\":2},{\"instrument_id\":32,\"quantity\":2},{\"instrument_id\":33,\"quantity\":1},{\"instrument_id\":35,\"quantity\":1},{\"instrument_id\":36,\"quantity\":1},{\"instrument_id\":37,\"quantity\":1},{\"instrument_id\":50,\"quantity\":2}]'),
(103, 37, 27, 'set', 1, '[{\"instrument_id\":6,\"quantity\":5},{\"instrument_id\":10,\"quantity\":1},{\"instrument_id\":11,\"quantity\":4},{\"instrument_id\":12,\"quantity\":1},{\"instrument_id\":14,\"quantity\":1},{\"instrument_id\":15,\"quantity\":1},{\"instrument_id\":17,\"quantity\":5},{\"instrument_id\":18,\"quantity\":1},{\"instrument_id\":19,\"quantity\":1},{\"instrument_id\":20,\"quantity\":1},{\"instrument_id\":24,\"quantity\":2},{\"instrument_id\":25,\"quantity\":2},{\"instrument_id\":26,\"quantity\":1},{\"instrument_id\":27,\"quantity\":1},{\"instrument_id\":29,\"quantity\":1},{\"instrument_id\":30,\"quantity\":4},{\"instrument_id\":31,\"quantity\":2},{\"instrument_id\":32,\"quantity\":2},{\"instrument_id\":33,\"quantity\":2},{\"instrument_id\":35,\"quantity\":2},{\"instrument_id\":36,\"quantity\":1},{\"instrument_id\":37,\"quantity\":1},{\"instrument_id\":50,\"quantity\":1}]'),
(104, 37, 46, 'set', 1, '[{\"instrument_id\":5,\"quantity\":2},{\"instrument_id\":6,\"quantity\":4},{\"instrument_id\":7,\"quantity\":2},{\"instrument_id\":10,\"quantity\":4},{\"instrument_id\":11,\"quantity\":4},{\"instrument_id\":12,\"quantity\":1},{\"instrument_id\":15,\"quantity\":1},{\"instrument_id\":16,\"quantity\":1},{\"instrument_id\":17,\"quantity\":5},{\"instrument_id\":18,\"quantity\":2},{\"instrument_id\":19,\"quantity\":2},{\"instrument_id\":20,\"quantity\":1},{\"instrument_id\":22,\"quantity\":1},{\"instrument_id\":24,\"quantity\":1},{\"instrument_id\":25,\"quantity\":2},{\"instrument_id\":26,\"quantity\":1},{\"instrument_id\":27,\"quantity\":1},{\"instrument_id\":28,\"quantity\":1},{\"instrument_id\":29,\"quantity\":1},{\"instrument_id\":30,\"quantity\":4},{\"instrument_id\":31,\"quantity\":2},{\"instrument_id\":32,\"quantity\":2},{\"instrument_id\":33,\"quantity\":3},{\"instrument_id\":35,\"quantity\":2},{\"instrument_id\":36,\"quantity\":1},{\"instrument_id\":50,\"quantity\":1}]'),
(105, 37, 45, 'set', 1, '[{\"instrument_id\":6,\"quantity\":4},{\"instrument_id\":10,\"quantity\":1},{\"instrument_id\":11,\"quantity\":4},{\"instrument_id\":12,\"quantity\":1},{\"instrument_id\":15,\"quantity\":1},{\"instrument_id\":16,\"quantity\":1},{\"instrument_id\":17,\"quantity\":5},{\"instrument_id\":18,\"quantity\":2},{\"instrument_id\":19,\"quantity\":2},{\"instrument_id\":22,\"quantity\":1},{\"instrument_id\":24,\"quantity\":1},{\"instrument_id\":25,\"quantity\":3},{\"instrument_id\":26,\"quantity\":1},{\"instrument_id\":27,\"quantity\":1},{\"instrument_id\":29,\"quantity\":1},{\"instrument_id\":30,\"quantity\":4},{\"instrument_id\":31,\"quantity\":2},{\"instrument_id\":32,\"quantity\":2},{\"instrument_id\":36,\"quantity\":1},{\"instrument_id\":50,\"quantity\":2}]'),
(106, 37, 34, 'set', 1, '[{\"instrument_id\":6,\"quantity\":2},{\"instrument_id\":8,\"quantity\":3},{\"instrument_id\":10,\"quantity\":1},{\"instrument_id\":11,\"quantity\":5},{\"instrument_id\":12,\"quantity\":1},{\"instrument_id\":14,\"quantity\":1},{\"instrument_id\":15,\"quantity\":1},{\"instrument_id\":16,\"quantity\":1},{\"instrument_id\":17,\"quantity\":5},{\"instrument_id\":19,\"quantity\":2},{\"instrument_id\":20,\"quantity\":1},{\"instrument_id\":22,\"quantity\":1},{\"instrument_id\":24,\"quantity\":2},{\"instrument_id\":25,\"quantity\":2},{\"instrument_id\":26,\"quantity\":1},{\"instrument_id\":29,\"quantity\":1},{\"instrument_id\":30,\"quantity\":4},{\"instrument_id\":31,\"quantity\":2},{\"instrument_id\":32,\"quantity\":2},{\"instrument_id\":33,\"quantity\":2},{\"instrument_id\":35,\"quantity\":2},{\"instrument_id\":50,\"quantity\":1}]'),
(107, 37, 33, 'set', 1, '[{\"instrument_id\":6,\"quantity\":3},{\"instrument_id\":7,\"quantity\":2},{\"instrument_id\":8,\"quantity\":1},{\"instrument_id\":10,\"quantity\":1},{\"instrument_id\":11,\"quantity\":3},{\"instrument_id\":12,\"quantity\":1},{\"instrument_id\":14,\"quantity\":1},{\"instrument_id\":15,\"quantity\":1},{\"instrument_id\":16,\"quantity\":1},{\"instrument_id\":17,\"quantity\":5},{\"instrument_id\":18,\"quantity\":1},{\"instrument_id\":19,\"quantity\":1},{\"instrument_id\":20,\"quantity\":1},{\"instrument_id\":24,\"quantity\":2},{\"instrument_id\":25,\"quantity\":3},{\"instrument_id\":26,\"quantity\":1},{\"instrument_id\":27,\"quantity\":1},{\"instrument_id\":29,\"quantity\":1},{\"instrument_id\":30,\"quantity\":1},{\"instrument_id\":31,\"quantity\":2},{\"instrument_id\":32,\"quantity\":2},{\"instrument_id\":33,\"quantity\":1},{\"instrument_id\":50,\"quantity\":1}]'),
(108, 37, 28, 'set', 1, '[{\"instrument_id\":6,\"quantity\":5},{\"instrument_id\":7,\"quantity\":3},{\"instrument_id\":11,\"quantity\":2},{\"instrument_id\":12,\"quantity\":1},{\"instrument_id\":14,\"quantity\":1},{\"instrument_id\":15,\"quantity\":1},{\"instrument_id\":16,\"quantity\":1},{\"instrument_id\":17,\"quantity\":5},{\"instrument_id\":18,\"quantity\":1},{\"instrument_id\":19,\"quantity\":1},{\"instrument_id\":20,\"quantity\":1},{\"instrument_id\":22,\"quantity\":1},{\"instrument_id\":23,\"quantity\":1},{\"instrument_id\":24,\"quantity\":1},{\"instrument_id\":25,\"quantity\":1},{\"instrument_id\":26,\"quantity\":1},{\"instrument_id\":27,\"quantity\":1},{\"instrument_id\":28,\"quantity\":1},{\"instrument_id\":29,\"quantity\":1},{\"instrument_id\":31,\"quantity\":2},{\"instrument_id\":32,\"quantity\":2},{\"instrument_id\":33,\"quantity\":2},{\"instrument_id\":35,\"quantity\":5},{\"instrument_id\":36,\"quantity\":1},{\"instrument_id\":40,\"quantity\":1},{\"instrument_id\":50,\"quantity\":1}]'),
(109, 37, 20, 'set', 1, '[{\"instrument_id\":6,\"quantity\":2},{\"instrument_id\":7,\"quantity\":4},{\"instrument_id\":10,\"quantity\":2},{\"instrument_id\":12,\"quantity\":1},{\"instrument_id\":15,\"quantity\":1},{\"instrument_id\":16,\"quantity\":1},{\"instrument_id\":17,\"quantity\":5},{\"instrument_id\":18,\"quantity\":1},{\"instrument_id\":19,\"quantity\":2},{\"instrument_id\":20,\"quantity\":2},{\"instrument_id\":22,\"quantity\":1},{\"instrument_id\":24,\"quantity\":1},{\"instrument_id\":25,\"quantity\":1},{\"instrument_id\":26,\"quantity\":1},{\"instrument_id\":27,\"quantity\":1},{\"instrument_id\":29,\"quantity\":1},{\"instrument_id\":31,\"quantity\":2},{\"instrument_id\":32,\"quantity\":2},{\"instrument_id\":33,\"quantity\":2},{\"instrument_id\":35,\"quantity\":5},{\"instrument_id\":36,\"quantity\":1},{\"instrument_id\":40,\"quantity\":1}]'),
(110, 37, 24, 'set', 1, '[{\"instrument_id\":6,\"quantity\":5},{\"instrument_id\":7,\"quantity\":5},{\"instrument_id\":10,\"quantity\":4},{\"instrument_id\":12,\"quantity\":1},{\"instrument_id\":14,\"quantity\":1},{\"instrument_id\":15,\"quantity\":1},{\"instrument_id\":17,\"quantity\":5},{\"instrument_id\":18,\"quantity\":1},{\"instrument_id\":19,\"quantity\":1},{\"instrument_id\":20,\"quantity\":1},{\"instrument_id\":22,\"quantity\":1},{\"instrument_id\":23,\"quantity\":1},{\"instrument_id\":24,\"quantity\":1},{\"instrument_id\":25,\"quantity\":1},{\"instrument_id\":26,\"quantity\":1},{\"instrument_id\":28,\"quantity\":1},{\"instrument_id\":29,\"quantity\":1},{\"instrument_id\":30,\"quantity\":1},{\"instrument_id\":31,\"quantity\":2},{\"instrument_id\":32,\"quantity\":2},{\"instrument_id\":33,\"quantity\":2},{\"instrument_id\":35,\"quantity\":5},{\"instrument_id\":36,\"quantity\":1},{\"instrument_id\":39,\"quantity\":1},{\"instrument_id\":40,\"quantity\":1},{\"instrument_id\":50,\"quantity\":2}]'),
(111, 37, 18, 'set', 1, '[{\"instrument_id\":6,\"quantity\":5},{\"instrument_id\":7,\"quantity\":4},{\"instrument_id\":11,\"quantity\":3},{\"instrument_id\":12,\"quantity\":1},{\"instrument_id\":14,\"quantity\":1},{\"instrument_id\":15,\"quantity\":1},{\"instrument_id\":16,\"quantity\":1},{\"instrument_id\":17,\"quantity\":5},{\"instrument_id\":18,\"quantity\":1},{\"instrument_id\":19,\"quantity\":1},{\"instrument_id\":20,\"quantity\":1},{\"instrument_id\":21,\"quantity\":1},{\"instrument_id\":22,\"quantity\":1},{\"instrument_id\":23,\"quantity\":1},{\"instrument_id\":24,\"quantity\":1},{\"instrument_id\":25,\"quantity\":1},{\"instrument_id\":26,\"quantity\":1},{\"instrument_id\":27,\"quantity\":1},{\"instrument_id\":28,\"quantity\":1},{\"instrument_id\":29,\"quantity\":1},{\"instrument_id\":31,\"quantity\":2},{\"instrument_id\":32,\"quantity\":1},{\"instrument_id\":33,\"quantity\":2},{\"instrument_id\":35,\"quantity\":5},{\"instrument_id\":36,\"quantity\":1},{\"instrument_id\":40,\"quantity\":1}]'),
(112, 37, 29, 'set', 1, '[{\"instrument_id\":6,\"quantity\":5},{\"instrument_id\":10,\"quantity\":4},{\"instrument_id\":11,\"quantity\":2},{\"instrument_id\":12,\"quantity\":1},{\"instrument_id\":14,\"quantity\":1},{\"instrument_id\":15,\"quantity\":1},{\"instrument_id\":17,\"quantity\":5},{\"instrument_id\":18,\"quantity\":1},{\"instrument_id\":22,\"quantity\":1},{\"instrument_id\":23,\"quantity\":1},{\"instrument_id\":24,\"quantity\":1},{\"instrument_id\":25,\"quantity\":1},{\"instrument_id\":26,\"quantity\":1},{\"instrument_id\":28,\"quantity\":1},{\"instrument_id\":29,\"quantity\":1},{\"instrument_id\":30,\"quantity\":4},{\"instrument_id\":31,\"quantity\":2},{\"instrument_id\":32,\"quantity\":2},{\"instrument_id\":33,\"quantity\":2},{\"instrument_id\":35,\"quantity\":4},{\"instrument_id\":36,\"quantity\":1},{\"instrument_id\":40,\"quantity\":1},{\"instrument_id\":50,\"quantity\":2}]'),
(113, 37, 26, 'set', 1, '[{\"instrument_id\":6,\"quantity\":5},{\"instrument_id\":7,\"quantity\":1},{\"instrument_id\":10,\"quantity\":1},{\"instrument_id\":11,\"quantity\":3},{\"instrument_id\":12,\"quantity\":1},{\"instrument_id\":14,\"quantity\":1},{\"instrument_id\":15,\"quantity\":1},{\"instrument_id\":16,\"quantity\":1},{\"instrument_id\":17,\"quantity\":3},{\"instrument_id\":18,\"quantity\":1},{\"instrument_id\":19,\"quantity\":1},{\"instrument_id\":20,\"quantity\":1},{\"instrument_id\":22,\"quantity\":1},{\"instrument_id\":23,\"quantity\":1},{\"instrument_id\":25,\"quantity\":1},{\"instrument_id\":26,\"quantity\":1},{\"instrument_id\":27,\"quantity\":1},{\"instrument_id\":28,\"quantity\":1},{\"instrument_id\":29,\"quantity\":1},{\"instrument_id\":30,\"quantity\":4},{\"instrument_id\":31,\"quantity\":2},{\"instrument_id\":32,\"quantity\":2},{\"instrument_id\":33,\"quantity\":2},{\"instrument_id\":34,\"quantity\":1},{\"instrument_id\":35,\"quantity\":5},{\"instrument_id\":36,\"quantity\":1},{\"instrument_id\":40,\"quantity\":1},{\"instrument_id\":50,\"quantity\":1}]'),
(114, 37, 25, 'set', 1, '[{\"instrument_id\":6,\"quantity\":5},{\"instrument_id\":7,\"quantity\":2},{\"instrument_id\":10,\"quantity\":4},{\"instrument_id\":12,\"quantity\":1},{\"instrument_id\":13,\"quantity\":1},{\"instrument_id\":14,\"quantity\":1},{\"instrument_id\":15,\"quantity\":1},{\"instrument_id\":17,\"quantity\":5},{\"instrument_id\":19,\"quantity\":2},{\"instrument_id\":20,\"quantity\":1},{\"instrument_id\":22,\"quantity\":1},{\"instrument_id\":23,\"quantity\":1},{\"instrument_id\":24,\"quantity\":1},{\"instrument_id\":26,\"quantity\":1},{\"instrument_id\":27,\"quantity\":1},{\"instrument_id\":28,\"quantity\":1},{\"instrument_id\":29,\"quantity\":1},{\"instrument_id\":30,\"quantity\":3},{\"instrument_id\":31,\"quantity\":2},{\"instrument_id\":32,\"quantity\":2},{\"instrument_id\":33,\"quantity\":2},{\"instrument_id\":35,\"quantity\":5},{\"instrument_id\":36,\"quantity\":1},{\"instrument_id\":50,\"quantity\":1}]'),
(115, 37, 23, 'set', 1, '[{\"instrument_id\":6,\"quantity\":7},{\"instrument_id\":10,\"quantity\":3},{\"instrument_id\":11,\"quantity\":7},{\"instrument_id\":12,\"quantity\":1},{\"instrument_id\":15,\"quantity\":1},{\"instrument_id\":17,\"quantity\":3},{\"instrument_id\":18,\"quantity\":2},{\"instrument_id\":19,\"quantity\":2},{\"instrument_id\":24,\"quantity\":2},{\"instrument_id\":25,\"quantity\":4},{\"instrument_id\":26,\"quantity\":1},{\"instrument_id\":27,\"quantity\":1},{\"instrument_id\":29,\"quantity\":1},{\"instrument_id\":31,\"quantity\":2},{\"instrument_id\":32,\"quantity\":3},{\"instrument_id\":33,\"quantity\":1},{\"instrument_id\":35,\"quantity\":2},{\"instrument_id\":36,\"quantity\":2},{\"instrument_id\":45,\"quantity\":1},{\"instrument_id\":47,\"quantity\":1},{\"instrument_id\":50,\"quantity\":2},{\"instrument_id\":65,\"quantity\":1}]'),
(116, 37, 30, 'set', 1, '[{\"instrument_id\":6,\"quantity\":8},{\"instrument_id\":7,\"quantity\":2},{\"instrument_id\":10,\"quantity\":4},{\"instrument_id\":11,\"quantity\":6},{\"instrument_id\":12,\"quantity\":1},{\"instrument_id\":14,\"quantity\":1},{\"instrument_id\":15,\"quantity\":1},{\"instrument_id\":16,\"quantity\":1},{\"instrument_id\":17,\"quantity\":4},{\"instrument_id\":18,\"quantity\":1},{\"instrument_id\":19,\"quantity\":1},{\"instrument_id\":22,\"quantity\":2},{\"instrument_id\":24,\"quantity\":2},{\"instrument_id\":25,\"quantity\":4},{\"instrument_id\":26,\"quantity\":1},{\"instrument_id\":27,\"quantity\":1},{\"instrument_id\":29,\"quantity\":1},{\"instrument_id\":31,\"quantity\":2},{\"instrument_id\":32,\"quantity\":3},{\"instrument_id\":33,\"quantity\":2},{\"instrument_id\":35,\"quantity\":2},{\"instrument_id\":50,\"quantity\":2}]'),
(117, 37, 31, 'set', 1, '[{\"instrument_id\":6,\"quantity\":7},{\"instrument_id\":7,\"quantity\":2},{\"instrument_id\":10,\"quantity\":4},{\"instrument_id\":11,\"quantity\":5},{\"instrument_id\":12,\"quantity\":1},{\"instrument_id\":15,\"quantity\":1},{\"instrument_id\":17,\"quantity\":3},{\"instrument_id\":19,\"quantity\":2},{\"instrument_id\":20,\"quantity\":1},{\"instrument_id\":22,\"quantity\":1},{\"instrument_id\":24,\"quantity\":3},{\"instrument_id\":26,\"quantity\":1},{\"instrument_id\":27,\"quantity\":1},{\"instrument_id\":29,\"quantity\":1},{\"instrument_id\":31,\"quantity\":2},{\"instrument_id\":32,\"quantity\":3},{\"instrument_id\":33,\"quantity\":2},{\"instrument_id\":35,\"quantity\":1},{\"instrument_id\":36,\"quantity\":1},{\"instrument_id\":42,\"quantity\":2},{\"instrument_id\":45,\"quantity\":1},{\"instrument_id\":50,\"quantity\":2}]'),
(118, 37, 35, 'set', 1, '[{\"instrument_id\":6,\"quantity\":1},{\"instrument_id\":11,\"quantity\":1},{\"instrument_id\":12,\"quantity\":1},{\"instrument_id\":19,\"quantity\":1},{\"instrument_id\":31,\"quantity\":1},{\"instrument_id\":32,\"quantity\":1}]'),
(119, 37, 36, 'set', 1, '[{\"instrument_id\":6,\"quantity\":1},{\"instrument_id\":11,\"quantity\":1},{\"instrument_id\":12,\"quantity\":1},{\"instrument_id\":19,\"quantity\":1},{\"instrument_id\":31,\"quantity\":1},{\"instrument_id\":32,\"quantity\":1}]'),
(120, 37, 37, 'set', 1, '[{\"instrument_id\":6,\"quantity\":1},{\"instrument_id\":11,\"quantity\":1},{\"instrument_id\":12,\"quantity\":1},{\"instrument_id\":19,\"quantity\":1},{\"instrument_id\":31,\"quantity\":1},{\"instrument_id\":32,\"quantity\":1}]'),
(121, 37, 38, 'set', 1, '[{\"instrument_id\":6,\"quantity\":1},{\"instrument_id\":11,\"quantity\":1},{\"instrument_id\":12,\"quantity\":1},{\"instrument_id\":19,\"quantity\":1},{\"instrument_id\":31,\"quantity\":1},{\"instrument_id\":32,\"quantity\":1}]'),
(122, 37, 39, 'set', 1, '[{\"instrument_id\":6,\"quantity\":1},{\"instrument_id\":11,\"quantity\":1},{\"instrument_id\":12,\"quantity\":1},{\"instrument_id\":19,\"quantity\":1},{\"instrument_id\":31,\"quantity\":1},{\"instrument_id\":32,\"quantity\":1}]'),
(123, 37, 40, 'set', 1, '[{\"instrument_id\":6,\"quantity\":1},{\"instrument_id\":11,\"quantity\":1},{\"instrument_id\":12,\"quantity\":1},{\"instrument_id\":19,\"quantity\":1},{\"instrument_id\":31,\"quantity\":1},{\"instrument_id\":32,\"quantity\":1}]'),
(124, 37, 41, 'set', 1, '[{\"instrument_id\":6,\"quantity\":1},{\"instrument_id\":11,\"quantity\":1},{\"instrument_id\":12,\"quantity\":1},{\"instrument_id\":19,\"quantity\":1},{\"instrument_id\":31,\"quantity\":1},{\"instrument_id\":32,\"quantity\":1}]'),
(125, 37, 42, 'set', 1, '[{\"instrument_id\":6,\"quantity\":1},{\"instrument_id\":11,\"quantity\":1},{\"instrument_id\":12,\"quantity\":1},{\"instrument_id\":19,\"quantity\":1},{\"instrument_id\":31,\"quantity\":1},{\"instrument_id\":32,\"quantity\":1}]'),
(126, 37, 21, 'set', 1, '[{\"instrument_id\":6,\"quantity\":1},{\"instrument_id\":11,\"quantity\":1},{\"instrument_id\":12,\"quantity\":1},{\"instrument_id\":32,\"quantity\":1},{\"instrument_id\":49,\"quantity\":1}]'),
(127, 37, 32, 'set', 1, '[{\"instrument_id\":6,\"quantity\":1},{\"instrument_id\":11,\"quantity\":1},{\"instrument_id\":32,\"quantity\":1},{\"instrument_id\":49,\"quantity\":1}]'),
(128, 37, 43, 'set', 1, '[{\"instrument_id\":6,\"quantity\":1},{\"instrument_id\":12,\"quantity\":1},{\"instrument_id\":32,\"quantity\":1}]'),
(129, 37, 44, 'set', 1, '[{\"instrument_id\":6,\"quantity\":1},{\"instrument_id\":11,\"quantity\":1},{\"instrument_id\":12,\"quantity\":1},{\"instrument_id\":19,\"quantity\":1},{\"instrument_id\":32,\"quantity\":1}]'),
(130, 37, 12, 'set', 1, '[{\"instrument_id\":5,\"quantity\":1},{\"instrument_id\":6,\"quantity\":1},{\"instrument_id\":7,\"quantity\":1},{\"instrument_id\":8,\"quantity\":1},{\"instrument_id\":9,\"quantity\":1},{\"instrument_id\":10,\"quantity\":1},{\"instrument_id\":11,\"quantity\":1},{\"instrument_id\":12,\"quantity\":1},{\"instrument_id\":13,\"quantity\":1},{\"instrument_id\":14,\"quantity\":1},{\"instrument_id\":15,\"quantity\":1},{\"instrument_id\":16,\"quantity\":1},{\"instrument_id\":17,\"quantity\":1},{\"instrument_id\":18,\"quantity\":1},{\"instrument_id\":19,\"quantity\":1},{\"instrument_id\":20,\"quantity\":1},{\"instrument_id\":21,\"quantity\":1},{\"instrument_id\":22,\"quantity\":1},{\"instrument_id\":23,\"quantity\":1},{\"instrument_id\":24,\"quantity\":1},{\"instrument_id\":25,\"quantity\":1},{\"instrument_id\":26,\"quantity\":1},{\"instrument_id\":27,\"quantity\":1},{\"instrument_id\":28,\"quantity\":1},{\"instrument_id\":29,\"quantity\":1},{\"instrument_id\":30,\"quantity\":1},{\"instrument_id\":31,\"quantity\":1},{\"instrument_id\":32,\"quantity\":1},{\"instrument_id\":33,\"quantity\":1},{\"instrument_id\":34,\"quantity\":1},{\"instrument_id\":35,\"quantity\":1},{\"instrument_id\":36,\"quantity\":1},{\"instrument_id\":37,\"quantity\":1}]'),
(148, 37, 13, 'set', 1, '[{\"instrument_id\":5,\"quantity\":1},{\"instrument_id\":6,\"quantity\":1},{\"instrument_id\":7,\"quantity\":1},{\"instrument_id\":8,\"quantity\":1},{\"instrument_id\":9,\"quantity\":1},{\"instrument_id\":10,\"quantity\":1},{\"instrument_id\":11,\"quantity\":1},{\"instrument_id\":12,\"quantity\":1},{\"instrument_id\":13,\"quantity\":1},{\"instrument_id\":14,\"quantity\":1},{\"instrument_id\":15,\"quantity\":1},{\"instrument_id\":16,\"quantity\":1},{\"instrument_id\":17,\"quantity\":1},{\"instrument_id\":18,\"quantity\":1},{\"instrument_id\":19,\"quantity\":1},{\"instrument_id\":20,\"quantity\":1},{\"instrument_id\":21,\"quantity\":1},{\"instrument_id\":22,\"quantity\":1},{\"instrument_id\":23,\"quantity\":1},{\"instrument_id\":24,\"quantity\":1},{\"instrument_id\":25,\"quantity\":1},{\"instrument_id\":26,\"quantity\":1},{\"instrument_id\":27,\"quantity\":1},{\"instrument_id\":28,\"quantity\":1},{\"instrument_id\":29,\"quantity\":1},{\"instrument_id\":30,\"quantity\":1},{\"instrument_id\":31,\"quantity\":1},{\"instrument_id\":32,\"quantity\":1},{\"instrument_id\":33,\"quantity\":1},{\"instrument_id\":34,\"quantity\":1},{\"instrument_id\":35,\"quantity\":1},{\"instrument_id\":36,\"quantity\":1},{\"instrument_id\":39,\"quantity\":1},{\"instrument_id\":40,\"quantity\":1}]'),
(149, 37, 15, 'set', 1, '[{\"instrument_id\":5,\"quantity\":1},{\"instrument_id\":6,\"quantity\":1},{\"instrument_id\":7,\"quantity\":1},{\"instrument_id\":8,\"quantity\":1},{\"instrument_id\":9,\"quantity\":1},{\"instrument_id\":10,\"quantity\":1},{\"instrument_id\":11,\"quantity\":1},{\"instrument_id\":13,\"quantity\":1},{\"instrument_id\":14,\"quantity\":1},{\"instrument_id\":15,\"quantity\":1},{\"instrument_id\":16,\"quantity\":1},{\"instrument_id\":17,\"quantity\":1},{\"instrument_id\":18,\"quantity\":1},{\"instrument_id\":19,\"quantity\":1},{\"instrument_id\":20,\"quantity\":1},{\"instrument_id\":21,\"quantity\":1},{\"instrument_id\":22,\"quantity\":1},{\"instrument_id\":24,\"quantity\":1},{\"instrument_id\":25,\"quantity\":1},{\"instrument_id\":26,\"quantity\":1},{\"instrument_id\":27,\"quantity\":1},{\"instrument_id\":29,\"quantity\":1},{\"instrument_id\":31,\"quantity\":1},{\"instrument_id\":32,\"quantity\":1},{\"instrument_id\":33,\"quantity\":1},{\"instrument_id\":35,\"quantity\":1},{\"instrument_id\":36,\"quantity\":1},{\"instrument_id\":37,\"quantity\":1},{\"instrument_id\":42,\"quantity\":1},{\"instrument_id\":43,\"quantity\":1},{\"instrument_id\":44,\"quantity\":1},{\"instrument_id\":45,\"quantity\":1},{\"instrument_id\":46,\"quantity\":1},{\"instrument_id\":47,\"quantity\":1},{\"instrument_id\":48,\"quantity\":1}]'),
(150, 37, 19, 'set', 1, '[{\"instrument_id\":11,\"quantity\":2},{\"instrument_id\":43,\"quantity\":1},{\"instrument_id\":49,\"quantity\":1}]'),
(151, 37, 16, 'set', 1, '[{\"instrument_id\":17,\"quantity\":1},{\"instrument_id\":18,\"quantity\":1},{\"instrument_id\":24,\"quantity\":1},{\"instrument_id\":25,\"quantity\":1},{\"instrument_id\":26,\"quantity\":1},{\"instrument_id\":27,\"quantity\":1},{\"instrument_id\":29,\"quantity\":1},{\"instrument_id\":31,\"quantity\":1},{\"instrument_id\":32,\"quantity\":1},{\"instrument_id\":33,\"quantity\":1},{\"instrument_id\":49,\"quantity\":1},{\"instrument_id\":50,\"quantity\":1},{\"instrument_id\":51,\"quantity\":1},{\"instrument_id\":52,\"quantity\":1},{\"instrument_id\":53,\"quantity\":1},{\"instrument_id\":54,\"quantity\":1},{\"instrument_id\":55,\"quantity\":1},{\"instrument_id\":56,\"quantity\":1},{\"instrument_id\":57,\"quantity\":1},{\"instrument_id\":58,\"quantity\":1},{\"instrument_id\":59,\"quantity\":1},{\"instrument_id\":60,\"quantity\":1},{\"instrument_id\":61,\"quantity\":1},{\"instrument_id\":62,\"quantity\":1},{\"instrument_id\":63,\"quantity\":1},{\"instrument_id\":64,\"quantity\":1},{\"instrument_id\":65,\"quantity\":1},{\"instrument_id\":66,\"quantity\":1},{\"instrument_id\":67,\"quantity\":1},{\"instrument_id\":68,\"quantity\":1}]'),
(152, 37, 14, 'set', 1, '[{\"instrument_id\":5,\"quantity\":1},{\"instrument_id\":6,\"quantity\":1},{\"instrument_id\":7,\"quantity\":1},{\"instrument_id\":8,\"quantity\":1},{\"instrument_id\":9,\"quantity\":1},{\"instrument_id\":10,\"quantity\":1},{\"instrument_id\":11,\"quantity\":1},{\"instrument_id\":12,\"quantity\":1},{\"instrument_id\":13,\"quantity\":1},{\"instrument_id\":14,\"quantity\":1},{\"instrument_id\":15,\"quantity\":1},{\"instrument_id\":16,\"quantity\":1},{\"instrument_id\":17,\"quantity\":1},{\"instrument_id\":18,\"quantity\":1},{\"instrument_id\":19,\"quantity\":1},{\"instrument_id\":20,\"quantity\":1},{\"instrument_id\":21,\"quantity\":1},{\"instrument_id\":22,\"quantity\":1},{\"instrument_id\":23,\"quantity\":1},{\"instrument_id\":24,\"quantity\":1},{\"instrument_id\":25,\"quantity\":1},{\"instrument_id\":26,\"quantity\":1},{\"instrument_id\":27,\"quantity\":1},{\"instrument_id\":28,\"quantity\":1},{\"instrument_id\":29,\"quantity\":1},{\"instrument_id\":31,\"quantity\":1},{\"instrument_id\":32,\"quantity\":1},{\"instrument_id\":33,\"quantity\":1},{\"instrument_id\":34,\"quantity\":1},{\"instrument_id\":35,\"quantity\":1},{\"instrument_id\":41,\"quantity\":1}]'),
(153, 37, 66, 'set', 1, '[{\"instrument_id\":97,\"quantity\":1},{\"instrument_id\":98,\"quantity\":1}]'),
(154, 40, 17, 'set', 1, '[{\"instrument_id\":12,\"quantity\":1},{\"instrument_id\":15,\"quantity\":1},{\"instrument_id\":16,\"quantity\":1},{\"instrument_id\":17,\"quantity\":1},{\"instrument_id\":31,\"quantity\":1},{\"instrument_id\":32,\"quantity\":1},{\"instrument_id\":35,\"quantity\":1},{\"instrument_id\":70,\"quantity\":1},{\"instrument_id\":71,\"quantity\":1},{\"instrument_id\":72,\"quantity\":1},{\"instrument_id\":73,\"quantity\":1},{\"instrument_id\":74,\"quantity\":1},{\"instrument_id\":75,\"quantity\":1},{\"instrument_id\":76,\"quantity\":1},{\"instrument_id\":77,\"quantity\":1},{\"instrument_id\":78,\"quantity\":1},{\"instrument_id\":79,\"quantity\":1},{\"instrument_id\":80,\"quantity\":1},{\"instrument_id\":81,\"quantity\":1},{\"instrument_id\":82,\"quantity\":1}]'),
(155, 40, 27, 'set', 1, '[{\"instrument_id\":6,\"quantity\":5},{\"instrument_id\":10,\"quantity\":1},{\"instrument_id\":11,\"quantity\":4},{\"instrument_id\":12,\"quantity\":1},{\"instrument_id\":14,\"quantity\":1},{\"instrument_id\":15,\"quantity\":1},{\"instrument_id\":17,\"quantity\":5},{\"instrument_id\":18,\"quantity\":1},{\"instrument_id\":19,\"quantity\":1},{\"instrument_id\":20,\"quantity\":1},{\"instrument_id\":24,\"quantity\":2},{\"instrument_id\":25,\"quantity\":2},{\"instrument_id\":26,\"quantity\":1},{\"instrument_id\":27,\"quantity\":1},{\"instrument_id\":29,\"quantity\":1},{\"instrument_id\":30,\"quantity\":4},{\"instrument_id\":31,\"quantity\":2},{\"instrument_id\":32,\"quantity\":2},{\"instrument_id\":33,\"quantity\":2},{\"instrument_id\":35,\"quantity\":2},{\"instrument_id\":36,\"quantity\":1},{\"instrument_id\":37,\"quantity\":1},{\"instrument_id\":50,\"quantity\":1}]'),
(156, 40, 45, 'set', 1, '[{\"instrument_id\":6,\"quantity\":4},{\"instrument_id\":10,\"quantity\":1},{\"instrument_id\":11,\"quantity\":4},{\"instrument_id\":12,\"quantity\":1},{\"instrument_id\":15,\"quantity\":1},{\"instrument_id\":16,\"quantity\":1},{\"instrument_id\":17,\"quantity\":5},{\"instrument_id\":18,\"quantity\":2},{\"instrument_id\":19,\"quantity\":2},{\"instrument_id\":22,\"quantity\":1},{\"instrument_id\":24,\"quantity\":1},{\"instrument_id\":25,\"quantity\":3},{\"instrument_id\":26,\"quantity\":1},{\"instrument_id\":27,\"quantity\":1},{\"instrument_id\":29,\"quantity\":1},{\"instrument_id\":30,\"quantity\":4},{\"instrument_id\":31,\"quantity\":2},{\"instrument_id\":32,\"quantity\":2},{\"instrument_id\":36,\"quantity\":1},{\"instrument_id\":50,\"quantity\":2}]'),
(157, 40, 16, 'set', 1, '[{\"instrument_id\":17,\"quantity\":1},{\"instrument_id\":18,\"quantity\":1},{\"instrument_id\":24,\"quantity\":1},{\"instrument_id\":25,\"quantity\":1},{\"instrument_id\":26,\"quantity\":1},{\"instrument_id\":27,\"quantity\":1},{\"instrument_id\":29,\"quantity\":1},{\"instrument_id\":31,\"quantity\":1},{\"instrument_id\":32,\"quantity\":1},{\"instrument_id\":33,\"quantity\":1},{\"instrument_id\":49,\"quantity\":1},{\"instrument_id\":50,\"quantity\":1},{\"instrument_id\":51,\"quantity\":1},{\"instrument_id\":52,\"quantity\":1},{\"instrument_id\":53,\"quantity\":1},{\"instrument_id\":54,\"quantity\":1},{\"instrument_id\":55,\"quantity\":1},{\"instrument_id\":56,\"quantity\":1},{\"instrument_id\":57,\"quantity\":1},{\"instrument_id\":58,\"quantity\":1},{\"instrument_id\":59,\"quantity\":1},{\"instrument_id\":60,\"quantity\":1},{\"instrument_id\":61,\"quantity\":1},{\"instrument_id\":62,\"quantity\":1},{\"instrument_id\":63,\"quantity\":1},{\"instrument_id\":64,\"quantity\":1},{\"instrument_id\":65,\"quantity\":1},{\"instrument_id\":66,\"quantity\":1},{\"instrument_id\":67,\"quantity\":1},{\"instrument_id\":68,\"quantity\":1}]'),
(158, 42, 17, 'set', 1, '[{\"instrument_id\":70,\"quantity\":1},{\"instrument_id\":71,\"quantity\":1},{\"instrument_id\":72,\"quantity\":1},{\"instrument_id\":73,\"quantity\":1},{\"instrument_id\":74,\"quantity\":1},{\"instrument_id\":75,\"quantity\":1},{\"instrument_id\":76,\"quantity\":1},{\"instrument_id\":77,\"quantity\":1},{\"instrument_id\":78,\"quantity\":1},{\"instrument_id\":80,\"quantity\":1},{\"instrument_id\":81,\"quantity\":1},{\"instrument_id\":79,\"quantity\":1},{\"instrument_id\":82,\"quantity\":1},{\"instrument_id\":12,\"quantity\":1},{\"instrument_id\":15,\"quantity\":1},{\"instrument_id\":16,\"quantity\":1},{\"instrument_id\":17,\"quantity\":1},{\"instrument_id\":31,\"quantity\":1},{\"instrument_id\":32,\"quantity\":1},{\"instrument_id\":35,\"quantity\":1}]'),
(159, 42, 22, 'set', 1, '[{\"instrument_id\":6,\"quantity\":4},{\"instrument_id\":7,\"quantity\":3},{\"instrument_id\":10,\"quantity\":2},{\"instrument_id\":11,\"quantity\":5},{\"instrument_id\":12,\"quantity\":1},{\"instrument_id\":13,\"quantity\":1},{\"instrument_id\":14,\"quantity\":1},{\"instrument_id\":15,\"quantity\":1},{\"instrument_id\":17,\"quantity\":5},{\"instrument_id\":18,\"quantity\":1},{\"instrument_id\":19,\"quantity\":1},{\"instrument_id\":22,\"quantity\":1},{\"instrument_id\":25,\"quantity\":5},{\"instrument_id\":26,\"quantity\":1},{\"instrument_id\":27,\"quantity\":1},{\"instrument_id\":29,\"quantity\":1},{\"instrument_id\":30,\"quantity\":1},{\"instrument_id\":31,\"quantity\":2},{\"instrument_id\":32,\"quantity\":2},{\"instrument_id\":33,\"quantity\":1},{\"instrument_id\":35,\"quantity\":1},{\"instrument_id\":36,\"quantity\":1},{\"instrument_id\":37,\"quantity\":1},{\"instrument_id\":50,\"quantity\":2}]'),
(160, 42, 16, 'set', 1, '[{\"instrument_id\":17,\"quantity\":1},{\"instrument_id\":18,\"quantity\":1},{\"instrument_id\":24,\"quantity\":1},{\"instrument_id\":25,\"quantity\":1},{\"instrument_id\":26,\"quantity\":1},{\"instrument_id\":27,\"quantity\":1},{\"instrument_id\":29,\"quantity\":1},{\"instrument_id\":31,\"quantity\":1},{\"instrument_id\":32,\"quantity\":1},{\"instrument_id\":33,\"quantity\":1},{\"instrument_id\":49,\"quantity\":1},{\"instrument_id\":50,\"quantity\":1},{\"instrument_id\":51,\"quantity\":1},{\"instrument_id\":52,\"quantity\":1},{\"instrument_id\":53,\"quantity\":1},{\"instrument_id\":54,\"quantity\":1},{\"instrument_id\":55,\"quantity\":1},{\"instrument_id\":56,\"quantity\":1},{\"instrument_id\":57,\"quantity\":1},{\"instrument_id\":58,\"quantity\":1},{\"instrument_id\":59,\"quantity\":1},{\"instrument_id\":60,\"quantity\":1},{\"instrument_id\":61,\"quantity\":1},{\"instrument_id\":62,\"quantity\":1},{\"instrument_id\":63,\"quantity\":1},{\"instrument_id\":64,\"quantity\":1},{\"instrument_id\":65,\"quantity\":1},{\"instrument_id\":66,\"quantity\":1},{\"instrument_id\":67,\"quantity\":1},{\"instrument_id\":68,\"quantity\":1}]'),
(161, 38, 46, 'set', 1, '[{\"instrument_id\":5,\"quantity\":2},{\"instrument_id\":6,\"quantity\":4},{\"instrument_id\":7,\"quantity\":2},{\"instrument_id\":10,\"quantity\":4},{\"instrument_id\":11,\"quantity\":4},{\"instrument_id\":12,\"quantity\":1},{\"instrument_id\":15,\"quantity\":1},{\"instrument_id\":16,\"quantity\":1},{\"instrument_id\":17,\"quantity\":5},{\"instrument_id\":18,\"quantity\":2},{\"instrument_id\":19,\"quantity\":2},{\"instrument_id\":20,\"quantity\":1},{\"instrument_id\":22,\"quantity\":1},{\"instrument_id\":24,\"quantity\":1},{\"instrument_id\":25,\"quantity\":2},{\"instrument_id\":26,\"quantity\":1},{\"instrument_id\":27,\"quantity\":1},{\"instrument_id\":28,\"quantity\":1},{\"instrument_id\":29,\"quantity\":1},{\"instrument_id\":30,\"quantity\":4},{\"instrument_id\":31,\"quantity\":2},{\"instrument_id\":32,\"quantity\":2},{\"instrument_id\":33,\"quantity\":3},{\"instrument_id\":35,\"quantity\":2},{\"instrument_id\":36,\"quantity\":1},{\"instrument_id\":50,\"quantity\":1}]'),
(162, 38, 19, 'instrument', 1, NULL),
(163, 39, 27, 'set', 1, '[{\"instrument_id\":6,\"quantity\":5},{\"instrument_id\":10,\"quantity\":1},{\"instrument_id\":11,\"quantity\":4},{\"instrument_id\":12,\"quantity\":1},{\"instrument_id\":14,\"quantity\":1},{\"instrument_id\":15,\"quantity\":1},{\"instrument_id\":17,\"quantity\":5},{\"instrument_id\":18,\"quantity\":1},{\"instrument_id\":19,\"quantity\":1},{\"instrument_id\":20,\"quantity\":1},{\"instrument_id\":24,\"quantity\":2},{\"instrument_id\":25,\"quantity\":2},{\"instrument_id\":26,\"quantity\":1},{\"instrument_id\":27,\"quantity\":1},{\"instrument_id\":29,\"quantity\":1},{\"instrument_id\":30,\"quantity\":4},{\"instrument_id\":31,\"quantity\":2},{\"instrument_id\":32,\"quantity\":2},{\"instrument_id\":33,\"quantity\":2},{\"instrument_id\":35,\"quantity\":2},{\"instrument_id\":36,\"quantity\":1},{\"instrument_id\":37,\"quantity\":1},{\"instrument_id\":50,\"quantity\":1}]'),
(164, 43, 39, 'instrument', 1, NULL),
(165, 43, 40, 'instrument', 1, NULL),
(166, 44, 17, 'set', 1, '[{\"instrument_id\":12,\"quantity\":1},{\"instrument_id\":15,\"quantity\":1},{\"instrument_id\":16,\"quantity\":1},{\"instrument_id\":17,\"quantity\":1},{\"instrument_id\":31,\"quantity\":1},{\"instrument_id\":32,\"quantity\":1},{\"instrument_id\":35,\"quantity\":1},{\"instrument_id\":70,\"quantity\":1},{\"instrument_id\":71,\"quantity\":1},{\"instrument_id\":72,\"quantity\":1},{\"instrument_id\":73,\"quantity\":1},{\"instrument_id\":74,\"quantity\":1},{\"instrument_id\":75,\"quantity\":1},{\"instrument_id\":76,\"quantity\":1},{\"instrument_id\":77,\"quantity\":1},{\"instrument_id\":78,\"quantity\":1},{\"instrument_id\":79,\"quantity\":1},{\"instrument_id\":80,\"quantity\":1},{\"instrument_id\":81,\"quantity\":1},{\"instrument_id\":82,\"quantity\":1}]'),
(167, 44, 27, 'set', 1, '[{\"instrument_id\":6,\"quantity\":5},{\"instrument_id\":10,\"quantity\":1},{\"instrument_id\":11,\"quantity\":4},{\"instrument_id\":12,\"quantity\":1},{\"instrument_id\":14,\"quantity\":1},{\"instrument_id\":15,\"quantity\":1},{\"instrument_id\":17,\"quantity\":5},{\"instrument_id\":18,\"quantity\":1},{\"instrument_id\":19,\"quantity\":1},{\"instrument_id\":20,\"quantity\":1},{\"instrument_id\":24,\"quantity\":2},{\"instrument_id\":25,\"quantity\":2},{\"instrument_id\":26,\"quantity\":1},{\"instrument_id\":27,\"quantity\":1},{\"instrument_id\":29,\"quantity\":1},{\"instrument_id\":30,\"quantity\":4},{\"instrument_id\":31,\"quantity\":2},{\"instrument_id\":32,\"quantity\":2},{\"instrument_id\":33,\"quantity\":2},{\"instrument_id\":35,\"quantity\":2},{\"instrument_id\":36,\"quantity\":1},{\"instrument_id\":37,\"quantity\":1},{\"instrument_id\":50,\"quantity\":1}]'),
(168, 44, 46, 'set', 1, '[{\"instrument_id\":5,\"quantity\":2},{\"instrument_id\":6,\"quantity\":4},{\"instrument_id\":7,\"quantity\":2},{\"instrument_id\":10,\"quantity\":4},{\"instrument_id\":11,\"quantity\":4},{\"instrument_id\":12,\"quantity\":1},{\"instrument_id\":15,\"quantity\":1},{\"instrument_id\":16,\"quantity\":1},{\"instrument_id\":17,\"quantity\":5},{\"instrument_id\":18,\"quantity\":2},{\"instrument_id\":19,\"quantity\":2},{\"instrument_id\":20,\"quantity\":1},{\"instrument_id\":22,\"quantity\":1},{\"instrument_id\":24,\"quantity\":1},{\"instrument_id\":25,\"quantity\":2},{\"instrument_id\":26,\"quantity\":1},{\"instrument_id\":27,\"quantity\":1},{\"instrument_id\":28,\"quantity\":1},{\"instrument_id\":29,\"quantity\":1},{\"instrument_id\":30,\"quantity\":4},{\"instrument_id\":31,\"quantity\":2},{\"instrument_id\":32,\"quantity\":2},{\"instrument_id\":33,\"quantity\":3},{\"instrument_id\":35,\"quantity\":2},{\"instrument_id\":36,\"quantity\":1},{\"instrument_id\":50,\"quantity\":1}]'),
(169, 44, 56, 'set', 1, '[]'),
(170, 44, 60, 'set', 1, '[]'),
(171, 44, 64, 'set', 1, '[]'),
(172, 45, 22, 'set', 1, '[{\"instrument_id\":6,\"quantity\":4},{\"instrument_id\":7,\"quantity\":3},{\"instrument_id\":10,\"quantity\":2},{\"instrument_id\":11,\"quantity\":5},{\"instrument_id\":12,\"quantity\":1},{\"instrument_id\":13,\"quantity\":1},{\"instrument_id\":14,\"quantity\":1},{\"instrument_id\":15,\"quantity\":1},{\"instrument_id\":17,\"quantity\":5},{\"instrument_id\":18,\"quantity\":1},{\"instrument_id\":19,\"quantity\":1},{\"instrument_id\":22,\"quantity\":1},{\"instrument_id\":25,\"quantity\":5},{\"instrument_id\":26,\"quantity\":1},{\"instrument_id\":27,\"quantity\":1},{\"instrument_id\":29,\"quantity\":1},{\"instrument_id\":30,\"quantity\":1},{\"instrument_id\":31,\"quantity\":2},{\"instrument_id\":32,\"quantity\":2},{\"instrument_id\":33,\"quantity\":1},{\"instrument_id\":35,\"quantity\":1},{\"instrument_id\":36,\"quantity\":1},{\"instrument_id\":37,\"quantity\":1},{\"instrument_id\":50,\"quantity\":2}]'),
(173, 45, 27, 'set', 1, '[{\"instrument_id\":6,\"quantity\":5},{\"instrument_id\":10,\"quantity\":1},{\"instrument_id\":11,\"quantity\":4},{\"instrument_id\":12,\"quantity\":1},{\"instrument_id\":14,\"quantity\":1},{\"instrument_id\":15,\"quantity\":1},{\"instrument_id\":17,\"quantity\":5},{\"instrument_id\":18,\"quantity\":1},{\"instrument_id\":19,\"quantity\":1},{\"instrument_id\":20,\"quantity\":1},{\"instrument_id\":24,\"quantity\":2},{\"instrument_id\":25,\"quantity\":2},{\"instrument_id\":26,\"quantity\":1},{\"instrument_id\":27,\"quantity\":1},{\"instrument_id\":29,\"quantity\":1},{\"instrument_id\":30,\"quantity\":4},{\"instrument_id\":31,\"quantity\":2},{\"instrument_id\":32,\"quantity\":2},{\"instrument_id\":33,\"quantity\":2},{\"instrument_id\":35,\"quantity\":2},{\"instrument_id\":36,\"quantity\":1},{\"instrument_id\":37,\"quantity\":1},{\"instrument_id\":50,\"quantity\":1}]'),
(174, 45, 46, 'set', 1, '[{\"instrument_id\":5,\"quantity\":2},{\"instrument_id\":6,\"quantity\":4},{\"instrument_id\":7,\"quantity\":2},{\"instrument_id\":10,\"quantity\":4},{\"instrument_id\":11,\"quantity\":4},{\"instrument_id\":12,\"quantity\":1},{\"instrument_id\":15,\"quantity\":1},{\"instrument_id\":16,\"quantity\":1},{\"instrument_id\":17,\"quantity\":5},{\"instrument_id\":18,\"quantity\":2},{\"instrument_id\":19,\"quantity\":2},{\"instrument_id\":20,\"quantity\":1},{\"instrument_id\":22,\"quantity\":1},{\"instrument_id\":24,\"quantity\":1},{\"instrument_id\":25,\"quantity\":2},{\"instrument_id\":26,\"quantity\":1},{\"instrument_id\":27,\"quantity\":1},{\"instrument_id\":28,\"quantity\":1},{\"instrument_id\":29,\"quantity\":1},{\"instrument_id\":30,\"quantity\":4},{\"instrument_id\":31,\"quantity\":2},{\"instrument_id\":32,\"quantity\":2},{\"instrument_id\":33,\"quantity\":3},{\"instrument_id\":35,\"quantity\":2},{\"instrument_id\":36,\"quantity\":1},{\"instrument_id\":50,\"quantity\":1}]'),
(175, 45, 45, 'set', 1, '[{\"instrument_id\":6,\"quantity\":4},{\"instrument_id\":10,\"quantity\":1},{\"instrument_id\":11,\"quantity\":4},{\"instrument_id\":12,\"quantity\":1},{\"instrument_id\":15,\"quantity\":1},{\"instrument_id\":16,\"quantity\":1},{\"instrument_id\":17,\"quantity\":5},{\"instrument_id\":18,\"quantity\":2},{\"instrument_id\":19,\"quantity\":2},{\"instrument_id\":22,\"quantity\":1},{\"instrument_id\":24,\"quantity\":1},{\"instrument_id\":25,\"quantity\":3},{\"instrument_id\":26,\"quantity\":1},{\"instrument_id\":27,\"quantity\":1},{\"instrument_id\":29,\"quantity\":1},{\"instrument_id\":30,\"quantity\":4},{\"instrument_id\":31,\"quantity\":2},{\"instrument_id\":32,\"quantity\":2},{\"instrument_id\":36,\"quantity\":1},{\"instrument_id\":50,\"quantity\":2}]'),
(176, 45, 28, 'set', 1, '[{\"instrument_id\":6,\"quantity\":5},{\"instrument_id\":7,\"quantity\":3},{\"instrument_id\":11,\"quantity\":2},{\"instrument_id\":12,\"quantity\":1},{\"instrument_id\":14,\"quantity\":1},{\"instrument_id\":15,\"quantity\":1},{\"instrument_id\":16,\"quantity\":1},{\"instrument_id\":17,\"quantity\":5},{\"instrument_id\":18,\"quantity\":1},{\"instrument_id\":19,\"quantity\":1},{\"instrument_id\":20,\"quantity\":1},{\"instrument_id\":22,\"quantity\":1},{\"instrument_id\":23,\"quantity\":1},{\"instrument_id\":24,\"quantity\":1},{\"instrument_id\":25,\"quantity\":1},{\"instrument_id\":26,\"quantity\":1},{\"instrument_id\":27,\"quantity\":1},{\"instrument_id\":28,\"quantity\":1},{\"instrument_id\":29,\"quantity\":1},{\"instrument_id\":31,\"quantity\":2},{\"instrument_id\":32,\"quantity\":2},{\"instrument_id\":33,\"quantity\":2},{\"instrument_id\":35,\"quantity\":5},{\"instrument_id\":36,\"quantity\":1},{\"instrument_id\":40,\"quantity\":1},{\"instrument_id\":50,\"quantity\":1}]');
INSERT INTO `sterilization_load_items` (`load_item_id`, `load_id`, `item_id`, `item_type`, `quantity`, `item_snapshot`) VALUES
(177, 47, 67, 'set', 1, '[]'),
(178, 47, 68, 'set', 1, '[]'),
(179, 47, 69, 'set', 1, '[]'),
(180, 47, 70, 'set', 1, '[]'),
(181, 47, 71, 'set', 1, '[]'),
(182, 53, 67, 'set', 1, '[]'),
(183, 53, 68, 'set', 1, '[]'),
(184, 53, 69, 'set', 1, '[]'),
(185, 53, 70, 'set', 1, '[]'),
(186, 53, 71, 'set', 1, '[]'),
(187, 55, 74, 'set', 1, '[{\"instrument_id\":72,\"quantity\":5},{\"instrument_id\":73,\"quantity\":1},{\"instrument_id\":74,\"quantity\":1},{\"instrument_id\":75,\"quantity\":1},{\"instrument_id\":76,\"quantity\":1},{\"instrument_id\":77,\"quantity\":1},{\"instrument_id\":78,\"quantity\":1},{\"instrument_id\":88,\"quantity\":1}]'),
(188, 56, 17, 'set', 1, '[{\"instrument_id\":12,\"quantity\":1},{\"instrument_id\":15,\"quantity\":1},{\"instrument_id\":16,\"quantity\":1},{\"instrument_id\":17,\"quantity\":1},{\"instrument_id\":31,\"quantity\":1},{\"instrument_id\":32,\"quantity\":1},{\"instrument_id\":35,\"quantity\":1},{\"instrument_id\":70,\"quantity\":1},{\"instrument_id\":71,\"quantity\":1},{\"instrument_id\":72,\"quantity\":1},{\"instrument_id\":73,\"quantity\":1},{\"instrument_id\":74,\"quantity\":1},{\"instrument_id\":75,\"quantity\":1},{\"instrument_id\":76,\"quantity\":1},{\"instrument_id\":77,\"quantity\":1},{\"instrument_id\":78,\"quantity\":1},{\"instrument_id\":79,\"quantity\":1},{\"instrument_id\":80,\"quantity\":1},{\"instrument_id\":81,\"quantity\":1},{\"instrument_id\":82,\"quantity\":1}]'),
(189, 56, 22, 'set', 1, '[{\"instrument_id\":6,\"quantity\":4},{\"instrument_id\":7,\"quantity\":3},{\"instrument_id\":10,\"quantity\":2},{\"instrument_id\":11,\"quantity\":5},{\"instrument_id\":12,\"quantity\":1},{\"instrument_id\":13,\"quantity\":1},{\"instrument_id\":14,\"quantity\":1},{\"instrument_id\":15,\"quantity\":1},{\"instrument_id\":17,\"quantity\":5},{\"instrument_id\":18,\"quantity\":1},{\"instrument_id\":19,\"quantity\":1},{\"instrument_id\":22,\"quantity\":1},{\"instrument_id\":25,\"quantity\":5},{\"instrument_id\":26,\"quantity\":1},{\"instrument_id\":27,\"quantity\":1},{\"instrument_id\":29,\"quantity\":1},{\"instrument_id\":30,\"quantity\":1},{\"instrument_id\":31,\"quantity\":2},{\"instrument_id\":32,\"quantity\":2},{\"instrument_id\":33,\"quantity\":1},{\"instrument_id\":35,\"quantity\":1},{\"instrument_id\":36,\"quantity\":1},{\"instrument_id\":37,\"quantity\":1},{\"instrument_id\":50,\"quantity\":2}]'),
(190, 57, 75, 'set', 1, '[{\"instrument_id\":70,\"quantity\":5},{\"instrument_id\":71,\"quantity\":1},{\"instrument_id\":72,\"quantity\":1},{\"instrument_id\":73,\"quantity\":1},{\"instrument_id\":74,\"quantity\":1},{\"instrument_id\":75,\"quantity\":1}]'),
(191, 57, 27, 'set', 1, '[{\"instrument_id\":6,\"quantity\":5},{\"instrument_id\":10,\"quantity\":1},{\"instrument_id\":11,\"quantity\":4},{\"instrument_id\":12,\"quantity\":1},{\"instrument_id\":14,\"quantity\":1},{\"instrument_id\":15,\"quantity\":1},{\"instrument_id\":17,\"quantity\":5},{\"instrument_id\":18,\"quantity\":1},{\"instrument_id\":19,\"quantity\":1},{\"instrument_id\":20,\"quantity\":1},{\"instrument_id\":24,\"quantity\":2},{\"instrument_id\":25,\"quantity\":2},{\"instrument_id\":26,\"quantity\":1},{\"instrument_id\":27,\"quantity\":1},{\"instrument_id\":29,\"quantity\":1},{\"instrument_id\":30,\"quantity\":4},{\"instrument_id\":31,\"quantity\":2},{\"instrument_id\":32,\"quantity\":2},{\"instrument_id\":33,\"quantity\":2},{\"instrument_id\":35,\"quantity\":2},{\"instrument_id\":36,\"quantity\":1},{\"instrument_id\":37,\"quantity\":1},{\"instrument_id\":50,\"quantity\":1}]'),
(192, 57, 46, 'set', 1, '[{\"instrument_id\":5,\"quantity\":2},{\"instrument_id\":6,\"quantity\":4},{\"instrument_id\":7,\"quantity\":2},{\"instrument_id\":10,\"quantity\":4},{\"instrument_id\":11,\"quantity\":4},{\"instrument_id\":12,\"quantity\":1},{\"instrument_id\":15,\"quantity\":1},{\"instrument_id\":16,\"quantity\":1},{\"instrument_id\":17,\"quantity\":5},{\"instrument_id\":18,\"quantity\":2},{\"instrument_id\":19,\"quantity\":2},{\"instrument_id\":20,\"quantity\":1},{\"instrument_id\":22,\"quantity\":1},{\"instrument_id\":24,\"quantity\":1},{\"instrument_id\":25,\"quantity\":2},{\"instrument_id\":26,\"quantity\":1},{\"instrument_id\":27,\"quantity\":1},{\"instrument_id\":28,\"quantity\":1},{\"instrument_id\":29,\"quantity\":1},{\"instrument_id\":30,\"quantity\":4},{\"instrument_id\":31,\"quantity\":2},{\"instrument_id\":32,\"quantity\":2},{\"instrument_id\":33,\"quantity\":3},{\"instrument_id\":35,\"quantity\":2},{\"instrument_id\":36,\"quantity\":1},{\"instrument_id\":50,\"quantity\":1}]'),
(193, 58, 75, 'set', 1, '[{\"instrument_id\":70,\"quantity\":5},{\"instrument_id\":71,\"quantity\":1},{\"instrument_id\":72,\"quantity\":1},{\"instrument_id\":73,\"quantity\":1},{\"instrument_id\":74,\"quantity\":1},{\"instrument_id\":75,\"quantity\":1}]'),
(194, 58, 76, 'set', 1, '[{\"instrument_id\":19,\"quantity\":2},{\"instrument_id\":20,\"quantity\":1},{\"instrument_id\":32,\"quantity\":6},{\"instrument_id\":70,\"quantity\":1},{\"instrument_id\":71,\"quantity\":1}]'),
(195, 60, 77, 'set', 1, '[{\"instrument_id\":6,\"quantity\":1},{\"instrument_id\":32,\"quantity\":1},{\"instrument_id\":33,\"quantity\":1}]'),
(196, 61, 22, 'set', 1, '[{\"instrument_id\":6,\"quantity\":4},{\"instrument_id\":7,\"quantity\":3},{\"instrument_id\":10,\"quantity\":2},{\"instrument_id\":11,\"quantity\":5},{\"instrument_id\":12,\"quantity\":1},{\"instrument_id\":13,\"quantity\":1},{\"instrument_id\":14,\"quantity\":1},{\"instrument_id\":15,\"quantity\":1},{\"instrument_id\":17,\"quantity\":5},{\"instrument_id\":18,\"quantity\":1},{\"instrument_id\":19,\"quantity\":1},{\"instrument_id\":22,\"quantity\":1},{\"instrument_id\":25,\"quantity\":5},{\"instrument_id\":26,\"quantity\":1},{\"instrument_id\":27,\"quantity\":1},{\"instrument_id\":29,\"quantity\":1},{\"instrument_id\":30,\"quantity\":1},{\"instrument_id\":31,\"quantity\":2},{\"instrument_id\":32,\"quantity\":2},{\"instrument_id\":33,\"quantity\":1},{\"instrument_id\":35,\"quantity\":1},{\"instrument_id\":36,\"quantity\":1},{\"instrument_id\":37,\"quantity\":1},{\"instrument_id\":50,\"quantity\":2}]'),
(197, 61, 27, 'set', 1, '[{\"instrument_id\":6,\"quantity\":5},{\"instrument_id\":10,\"quantity\":1},{\"instrument_id\":11,\"quantity\":4},{\"instrument_id\":12,\"quantity\":1},{\"instrument_id\":14,\"quantity\":1},{\"instrument_id\":15,\"quantity\":1},{\"instrument_id\":17,\"quantity\":5},{\"instrument_id\":18,\"quantity\":1},{\"instrument_id\":19,\"quantity\":1},{\"instrument_id\":20,\"quantity\":1},{\"instrument_id\":24,\"quantity\":2},{\"instrument_id\":25,\"quantity\":2},{\"instrument_id\":26,\"quantity\":1},{\"instrument_id\":27,\"quantity\":1},{\"instrument_id\":29,\"quantity\":1},{\"instrument_id\":30,\"quantity\":4},{\"instrument_id\":31,\"quantity\":2},{\"instrument_id\":32,\"quantity\":2},{\"instrument_id\":33,\"quantity\":2},{\"instrument_id\":35,\"quantity\":2},{\"instrument_id\":36,\"quantity\":1},{\"instrument_id\":37,\"quantity\":1},{\"instrument_id\":50,\"quantity\":1}]'),
(198, 62, 17, 'set', 1, '[{\"instrument_id\":12,\"quantity\":1},{\"instrument_id\":15,\"quantity\":1},{\"instrument_id\":16,\"quantity\":1},{\"instrument_id\":17,\"quantity\":1},{\"instrument_id\":31,\"quantity\":1},{\"instrument_id\":32,\"quantity\":1},{\"instrument_id\":35,\"quantity\":1},{\"instrument_id\":70,\"quantity\":1},{\"instrument_id\":71,\"quantity\":1},{\"instrument_id\":72,\"quantity\":1},{\"instrument_id\":73,\"quantity\":1},{\"instrument_id\":74,\"quantity\":1},{\"instrument_id\":75,\"quantity\":1},{\"instrument_id\":76,\"quantity\":1},{\"instrument_id\":77,\"quantity\":1},{\"instrument_id\":78,\"quantity\":1},{\"instrument_id\":79,\"quantity\":1},{\"instrument_id\":80,\"quantity\":1},{\"instrument_id\":81,\"quantity\":1},{\"instrument_id\":82,\"quantity\":1}]'),
(199, 62, 33, 'set', 1, '[{\"instrument_id\":6,\"quantity\":3},{\"instrument_id\":7,\"quantity\":2},{\"instrument_id\":8,\"quantity\":1},{\"instrument_id\":10,\"quantity\":1},{\"instrument_id\":11,\"quantity\":3},{\"instrument_id\":12,\"quantity\":1},{\"instrument_id\":14,\"quantity\":1},{\"instrument_id\":15,\"quantity\":1},{\"instrument_id\":16,\"quantity\":1},{\"instrument_id\":17,\"quantity\":5},{\"instrument_id\":18,\"quantity\":1},{\"instrument_id\":19,\"quantity\":1},{\"instrument_id\":20,\"quantity\":1},{\"instrument_id\":24,\"quantity\":2},{\"instrument_id\":25,\"quantity\":3},{\"instrument_id\":26,\"quantity\":1},{\"instrument_id\":27,\"quantity\":1},{\"instrument_id\":29,\"quantity\":1},{\"instrument_id\":30,\"quantity\":1},{\"instrument_id\":31,\"quantity\":2},{\"instrument_id\":32,\"quantity\":2},{\"instrument_id\":33,\"quantity\":1},{\"instrument_id\":50,\"quantity\":1}]'),
(200, 62, 18, 'set', 1, '[{\"instrument_id\":6,\"quantity\":5},{\"instrument_id\":7,\"quantity\":4},{\"instrument_id\":11,\"quantity\":3},{\"instrument_id\":12,\"quantity\":1},{\"instrument_id\":14,\"quantity\":1},{\"instrument_id\":15,\"quantity\":1},{\"instrument_id\":16,\"quantity\":1},{\"instrument_id\":17,\"quantity\":5},{\"instrument_id\":18,\"quantity\":1},{\"instrument_id\":19,\"quantity\":1},{\"instrument_id\":20,\"quantity\":1},{\"instrument_id\":21,\"quantity\":1},{\"instrument_id\":22,\"quantity\":1},{\"instrument_id\":23,\"quantity\":1},{\"instrument_id\":24,\"quantity\":1},{\"instrument_id\":25,\"quantity\":1},{\"instrument_id\":26,\"quantity\":1},{\"instrument_id\":27,\"quantity\":1},{\"instrument_id\":28,\"quantity\":1},{\"instrument_id\":29,\"quantity\":1},{\"instrument_id\":31,\"quantity\":2},{\"instrument_id\":32,\"quantity\":1},{\"instrument_id\":33,\"quantity\":2},{\"instrument_id\":35,\"quantity\":5},{\"instrument_id\":36,\"quantity\":1},{\"instrument_id\":40,\"quantity\":1}]'),
(201, 63, 22, 'set', 1, '[{\"instrument_id\":6,\"quantity\":4},{\"instrument_id\":7,\"quantity\":3},{\"instrument_id\":10,\"quantity\":2},{\"instrument_id\":11,\"quantity\":5},{\"instrument_id\":12,\"quantity\":1},{\"instrument_id\":13,\"quantity\":1},{\"instrument_id\":14,\"quantity\":1},{\"instrument_id\":15,\"quantity\":1},{\"instrument_id\":17,\"quantity\":5},{\"instrument_id\":18,\"quantity\":1},{\"instrument_id\":19,\"quantity\":1},{\"instrument_id\":22,\"quantity\":1},{\"instrument_id\":25,\"quantity\":5},{\"instrument_id\":26,\"quantity\":1},{\"instrument_id\":27,\"quantity\":1},{\"instrument_id\":29,\"quantity\":1},{\"instrument_id\":30,\"quantity\":1},{\"instrument_id\":31,\"quantity\":2},{\"instrument_id\":32,\"quantity\":2},{\"instrument_id\":33,\"quantity\":1},{\"instrument_id\":35,\"quantity\":1},{\"instrument_id\":36,\"quantity\":1},{\"instrument_id\":37,\"quantity\":1},{\"instrument_id\":50,\"quantity\":2}]'),
(202, 63, 27, 'set', 1, '[{\"instrument_id\":6,\"quantity\":5},{\"instrument_id\":10,\"quantity\":1},{\"instrument_id\":11,\"quantity\":4},{\"instrument_id\":12,\"quantity\":1},{\"instrument_id\":14,\"quantity\":1},{\"instrument_id\":15,\"quantity\":1},{\"instrument_id\":17,\"quantity\":5},{\"instrument_id\":18,\"quantity\":1},{\"instrument_id\":19,\"quantity\":1},{\"instrument_id\":20,\"quantity\":1},{\"instrument_id\":24,\"quantity\":2},{\"instrument_id\":25,\"quantity\":2},{\"instrument_id\":26,\"quantity\":1},{\"instrument_id\":27,\"quantity\":1},{\"instrument_id\":29,\"quantity\":1},{\"instrument_id\":30,\"quantity\":4},{\"instrument_id\":31,\"quantity\":2},{\"instrument_id\":32,\"quantity\":2},{\"instrument_id\":33,\"quantity\":2},{\"instrument_id\":35,\"quantity\":2},{\"instrument_id\":36,\"quantity\":1},{\"instrument_id\":37,\"quantity\":1},{\"instrument_id\":50,\"quantity\":1}]'),
(203, 63, 46, 'set', 1, '[{\"instrument_id\":5,\"quantity\":2},{\"instrument_id\":6,\"quantity\":4},{\"instrument_id\":7,\"quantity\":2},{\"instrument_id\":10,\"quantity\":4},{\"instrument_id\":11,\"quantity\":4},{\"instrument_id\":12,\"quantity\":1},{\"instrument_id\":15,\"quantity\":1},{\"instrument_id\":16,\"quantity\":1},{\"instrument_id\":17,\"quantity\":5},{\"instrument_id\":18,\"quantity\":2},{\"instrument_id\":19,\"quantity\":2},{\"instrument_id\":20,\"quantity\":1},{\"instrument_id\":22,\"quantity\":1},{\"instrument_id\":24,\"quantity\":1},{\"instrument_id\":25,\"quantity\":2},{\"instrument_id\":26,\"quantity\":1},{\"instrument_id\":27,\"quantity\":1},{\"instrument_id\":28,\"quantity\":1},{\"instrument_id\":29,\"quantity\":1},{\"instrument_id\":30,\"quantity\":4},{\"instrument_id\":31,\"quantity\":2},{\"instrument_id\":32,\"quantity\":2},{\"instrument_id\":33,\"quantity\":3},{\"instrument_id\":35,\"quantity\":2},{\"instrument_id\":36,\"quantity\":1},{\"instrument_id\":50,\"quantity\":1}]'),
(204, 63, 45, 'set', 1, '[{\"instrument_id\":6,\"quantity\":4},{\"instrument_id\":10,\"quantity\":1},{\"instrument_id\":11,\"quantity\":4},{\"instrument_id\":12,\"quantity\":1},{\"instrument_id\":15,\"quantity\":1},{\"instrument_id\":16,\"quantity\":1},{\"instrument_id\":17,\"quantity\":5},{\"instrument_id\":18,\"quantity\":2},{\"instrument_id\":19,\"quantity\":2},{\"instrument_id\":22,\"quantity\":1},{\"instrument_id\":24,\"quantity\":1},{\"instrument_id\":25,\"quantity\":3},{\"instrument_id\":26,\"quantity\":1},{\"instrument_id\":27,\"quantity\":1},{\"instrument_id\":29,\"quantity\":1},{\"instrument_id\":30,\"quantity\":4},{\"instrument_id\":31,\"quantity\":2},{\"instrument_id\":32,\"quantity\":2},{\"instrument_id\":36,\"quantity\":1},{\"instrument_id\":50,\"quantity\":2}]'),
(205, 63, 35, 'set', 1, '[{\"instrument_id\":6,\"quantity\":1},{\"instrument_id\":11,\"quantity\":1},{\"instrument_id\":12,\"quantity\":1},{\"instrument_id\":19,\"quantity\":1},{\"instrument_id\":31,\"quantity\":1},{\"instrument_id\":32,\"quantity\":1}]'),
(206, 63, 41, 'set', 1, '[{\"instrument_id\":6,\"quantity\":1},{\"instrument_id\":11,\"quantity\":1},{\"instrument_id\":12,\"quantity\":1},{\"instrument_id\":19,\"quantity\":1},{\"instrument_id\":31,\"quantity\":1},{\"instrument_id\":32,\"quantity\":1}]'),
(207, 63, 16, 'set', 1, '[{\"instrument_id\":17,\"quantity\":1},{\"instrument_id\":18,\"quantity\":1},{\"instrument_id\":24,\"quantity\":1},{\"instrument_id\":25,\"quantity\":1},{\"instrument_id\":26,\"quantity\":1},{\"instrument_id\":27,\"quantity\":1},{\"instrument_id\":29,\"quantity\":1},{\"instrument_id\":31,\"quantity\":1},{\"instrument_id\":32,\"quantity\":1},{\"instrument_id\":33,\"quantity\":1},{\"instrument_id\":49,\"quantity\":1},{\"instrument_id\":50,\"quantity\":1},{\"instrument_id\":51,\"quantity\":1},{\"instrument_id\":52,\"quantity\":1},{\"instrument_id\":53,\"quantity\":1},{\"instrument_id\":54,\"quantity\":1},{\"instrument_id\":55,\"quantity\":1},{\"instrument_id\":56,\"quantity\":1},{\"instrument_id\":57,\"quantity\":1},{\"instrument_id\":58,\"quantity\":1},{\"instrument_id\":59,\"quantity\":1},{\"instrument_id\":60,\"quantity\":1},{\"instrument_id\":61,\"quantity\":1},{\"instrument_id\":62,\"quantity\":1},{\"instrument_id\":63,\"quantity\":1},{\"instrument_id\":64,\"quantity\":1},{\"instrument_id\":65,\"quantity\":1},{\"instrument_id\":66,\"quantity\":1},{\"instrument_id\":67,\"quantity\":1},{\"instrument_id\":68,\"quantity\":1}]'),
(208, 63, 14, 'set', 1, '[{\"instrument_id\":5,\"quantity\":1},{\"instrument_id\":6,\"quantity\":1},{\"instrument_id\":7,\"quantity\":1},{\"instrument_id\":8,\"quantity\":1},{\"instrument_id\":9,\"quantity\":1},{\"instrument_id\":10,\"quantity\":1},{\"instrument_id\":11,\"quantity\":1},{\"instrument_id\":12,\"quantity\":1},{\"instrument_id\":13,\"quantity\":1},{\"instrument_id\":14,\"quantity\":1},{\"instrument_id\":15,\"quantity\":1},{\"instrument_id\":16,\"quantity\":1},{\"instrument_id\":17,\"quantity\":1},{\"instrument_id\":18,\"quantity\":1},{\"instrument_id\":19,\"quantity\":1},{\"instrument_id\":20,\"quantity\":1},{\"instrument_id\":21,\"quantity\":1},{\"instrument_id\":22,\"quantity\":1},{\"instrument_id\":23,\"quantity\":1},{\"instrument_id\":24,\"quantity\":1},{\"instrument_id\":25,\"quantity\":1},{\"instrument_id\":26,\"quantity\":1},{\"instrument_id\":27,\"quantity\":1},{\"instrument_id\":28,\"quantity\":1},{\"instrument_id\":29,\"quantity\":1},{\"instrument_id\":31,\"quantity\":1},{\"instrument_id\":32,\"quantity\":1},{\"instrument_id\":33,\"quantity\":1},{\"instrument_id\":34,\"quantity\":1},{\"instrument_id\":35,\"quantity\":1},{\"instrument_id\":41,\"quantity\":1}]'),
(209, 64, 79, 'set', 1, '[{\"instrument_id\":99,\"quantity\":2},{\"instrument_id\":100,\"quantity\":1},{\"instrument_id\":101,\"quantity\":3}]'),
(210, 64, 78, 'set', 1, '[]'),
(211, 65, 78, 'set', 1, '[]'),
(212, 66, 22, 'set', 1, '[{\"instrument_id\":6,\"quantity\":4},{\"instrument_id\":7,\"quantity\":3},{\"instrument_id\":10,\"quantity\":2},{\"instrument_id\":11,\"quantity\":5},{\"instrument_id\":12,\"quantity\":1},{\"instrument_id\":13,\"quantity\":1},{\"instrument_id\":14,\"quantity\":1},{\"instrument_id\":15,\"quantity\":1},{\"instrument_id\":17,\"quantity\":5},{\"instrument_id\":18,\"quantity\":1},{\"instrument_id\":19,\"quantity\":1},{\"instrument_id\":22,\"quantity\":1},{\"instrument_id\":25,\"quantity\":5},{\"instrument_id\":26,\"quantity\":1},{\"instrument_id\":27,\"quantity\":1},{\"instrument_id\":29,\"quantity\":1},{\"instrument_id\":30,\"quantity\":1},{\"instrument_id\":31,\"quantity\":2},{\"instrument_id\":32,\"quantity\":2},{\"instrument_id\":33,\"quantity\":1},{\"instrument_id\":35,\"quantity\":1},{\"instrument_id\":36,\"quantity\":1},{\"instrument_id\":37,\"quantity\":1},{\"instrument_id\":50,\"quantity\":2}]'),
(213, 66, 27, 'set', 1, '[{\"instrument_id\":6,\"quantity\":5},{\"instrument_id\":10,\"quantity\":1},{\"instrument_id\":11,\"quantity\":4},{\"instrument_id\":12,\"quantity\":1},{\"instrument_id\":14,\"quantity\":1},{\"instrument_id\":15,\"quantity\":1},{\"instrument_id\":17,\"quantity\":5},{\"instrument_id\":18,\"quantity\":1},{\"instrument_id\":19,\"quantity\":1},{\"instrument_id\":20,\"quantity\":1},{\"instrument_id\":24,\"quantity\":2},{\"instrument_id\":25,\"quantity\":2},{\"instrument_id\":26,\"quantity\":1},{\"instrument_id\":27,\"quantity\":1},{\"instrument_id\":29,\"quantity\":1},{\"instrument_id\":30,\"quantity\":4},{\"instrument_id\":31,\"quantity\":2},{\"instrument_id\":32,\"quantity\":2},{\"instrument_id\":33,\"quantity\":2},{\"instrument_id\":35,\"quantity\":2},{\"instrument_id\":36,\"quantity\":1},{\"instrument_id\":37,\"quantity\":1},{\"instrument_id\":50,\"quantity\":1}]'),
(214, 66, 46, 'set', 1, '[{\"instrument_id\":5,\"quantity\":2},{\"instrument_id\":6,\"quantity\":4},{\"instrument_id\":7,\"quantity\":2},{\"instrument_id\":10,\"quantity\":4},{\"instrument_id\":11,\"quantity\":4},{\"instrument_id\":12,\"quantity\":1},{\"instrument_id\":15,\"quantity\":1},{\"instrument_id\":16,\"quantity\":1},{\"instrument_id\":17,\"quantity\":5},{\"instrument_id\":18,\"quantity\":2},{\"instrument_id\":19,\"quantity\":2},{\"instrument_id\":20,\"quantity\":1},{\"instrument_id\":22,\"quantity\":1},{\"instrument_id\":24,\"quantity\":1},{\"instrument_id\":25,\"quantity\":2},{\"instrument_id\":26,\"quantity\":1},{\"instrument_id\":27,\"quantity\":1},{\"instrument_id\":28,\"quantity\":1},{\"instrument_id\":29,\"quantity\":1},{\"instrument_id\":30,\"quantity\":4},{\"instrument_id\":31,\"quantity\":2},{\"instrument_id\":32,\"quantity\":2},{\"instrument_id\":33,\"quantity\":3},{\"instrument_id\":35,\"quantity\":2},{\"instrument_id\":36,\"quantity\":1},{\"instrument_id\":50,\"quantity\":1}]'),
(215, 66, 45, 'set', 1, '[{\"instrument_id\":6,\"quantity\":4},{\"instrument_id\":10,\"quantity\":1},{\"instrument_id\":11,\"quantity\":4},{\"instrument_id\":12,\"quantity\":1},{\"instrument_id\":15,\"quantity\":1},{\"instrument_id\":16,\"quantity\":1},{\"instrument_id\":17,\"quantity\":5},{\"instrument_id\":18,\"quantity\":2},{\"instrument_id\":19,\"quantity\":2},{\"instrument_id\":22,\"quantity\":1},{\"instrument_id\":24,\"quantity\":1},{\"instrument_id\":25,\"quantity\":3},{\"instrument_id\":26,\"quantity\":1},{\"instrument_id\":27,\"quantity\":1},{\"instrument_id\":29,\"quantity\":1},{\"instrument_id\":30,\"quantity\":4},{\"instrument_id\":31,\"quantity\":2},{\"instrument_id\":32,\"quantity\":2},{\"instrument_id\":36,\"quantity\":1},{\"instrument_id\":50,\"quantity\":2}]'),
(217, 67, 80, 'set', 1, '[{\"instrument_id\":70,\"quantity\":1},{\"instrument_id\":71,\"quantity\":1}]'),
(218, 68, 73, 'set', 1, '[]'),
(219, 68, 17, 'set', 1, '[{\"instrument_id\":12,\"quantity\":1},{\"instrument_id\":15,\"quantity\":1},{\"instrument_id\":16,\"quantity\":1},{\"instrument_id\":17,\"quantity\":1},{\"instrument_id\":31,\"quantity\":1},{\"instrument_id\":32,\"quantity\":1},{\"instrument_id\":35,\"quantity\":1},{\"instrument_id\":70,\"quantity\":1},{\"instrument_id\":71,\"quantity\":1},{\"instrument_id\":72,\"quantity\":1},{\"instrument_id\":73,\"quantity\":1},{\"instrument_id\":74,\"quantity\":1},{\"instrument_id\":75,\"quantity\":1},{\"instrument_id\":76,\"quantity\":1},{\"instrument_id\":77,\"quantity\":1},{\"instrument_id\":78,\"quantity\":1},{\"instrument_id\":79,\"quantity\":1},{\"instrument_id\":80,\"quantity\":1},{\"instrument_id\":81,\"quantity\":1},{\"instrument_id\":82,\"quantity\":1}]'),
(220, 68, 22, 'set', 1, '[{\"instrument_id\":6,\"quantity\":4},{\"instrument_id\":7,\"quantity\":3},{\"instrument_id\":10,\"quantity\":2},{\"instrument_id\":11,\"quantity\":5},{\"instrument_id\":12,\"quantity\":1},{\"instrument_id\":13,\"quantity\":1},{\"instrument_id\":14,\"quantity\":1},{\"instrument_id\":15,\"quantity\":1},{\"instrument_id\":17,\"quantity\":5},{\"instrument_id\":18,\"quantity\":1},{\"instrument_id\":19,\"quantity\":1},{\"instrument_id\":22,\"quantity\":1},{\"instrument_id\":25,\"quantity\":5},{\"instrument_id\":26,\"quantity\":1},{\"instrument_id\":27,\"quantity\":1},{\"instrument_id\":29,\"quantity\":1},{\"instrument_id\":30,\"quantity\":1},{\"instrument_id\":31,\"quantity\":2},{\"instrument_id\":32,\"quantity\":2},{\"instrument_id\":33,\"quantity\":1},{\"instrument_id\":35,\"quantity\":1},{\"instrument_id\":36,\"quantity\":1},{\"instrument_id\":37,\"quantity\":1},{\"instrument_id\":50,\"quantity\":2}]'),
(221, 68, 27, 'set', 1, '[{\"instrument_id\":6,\"quantity\":5},{\"instrument_id\":10,\"quantity\":1},{\"instrument_id\":11,\"quantity\":4},{\"instrument_id\":12,\"quantity\":1},{\"instrument_id\":14,\"quantity\":1},{\"instrument_id\":15,\"quantity\":1},{\"instrument_id\":17,\"quantity\":5},{\"instrument_id\":18,\"quantity\":1},{\"instrument_id\":19,\"quantity\":1},{\"instrument_id\":20,\"quantity\":1},{\"instrument_id\":24,\"quantity\":2},{\"instrument_id\":25,\"quantity\":2},{\"instrument_id\":26,\"quantity\":1},{\"instrument_id\":27,\"quantity\":1},{\"instrument_id\":29,\"quantity\":1},{\"instrument_id\":30,\"quantity\":4},{\"instrument_id\":31,\"quantity\":2},{\"instrument_id\":32,\"quantity\":2},{\"instrument_id\":33,\"quantity\":2},{\"instrument_id\":35,\"quantity\":2},{\"instrument_id\":36,\"quantity\":1},{\"instrument_id\":37,\"quantity\":1},{\"instrument_id\":50,\"quantity\":1}]'),
(222, 68, 46, 'set', 1, '[{\"instrument_id\":5,\"quantity\":2},{\"instrument_id\":6,\"quantity\":4},{\"instrument_id\":7,\"quantity\":2},{\"instrument_id\":10,\"quantity\":4},{\"instrument_id\":11,\"quantity\":4},{\"instrument_id\":12,\"quantity\":1},{\"instrument_id\":15,\"quantity\":1},{\"instrument_id\":16,\"quantity\":1},{\"instrument_id\":17,\"quantity\":5},{\"instrument_id\":18,\"quantity\":2},{\"instrument_id\":19,\"quantity\":2},{\"instrument_id\":20,\"quantity\":1},{\"instrument_id\":22,\"quantity\":1},{\"instrument_id\":24,\"quantity\":1},{\"instrument_id\":25,\"quantity\":2},{\"instrument_id\":26,\"quantity\":1},{\"instrument_id\":27,\"quantity\":1},{\"instrument_id\":28,\"quantity\":1},{\"instrument_id\":29,\"quantity\":1},{\"instrument_id\":30,\"quantity\":4},{\"instrument_id\":31,\"quantity\":2},{\"instrument_id\":32,\"quantity\":2},{\"instrument_id\":33,\"quantity\":3},{\"instrument_id\":35,\"quantity\":2},{\"instrument_id\":36,\"quantity\":1},{\"instrument_id\":50,\"quantity\":1}]'),
(223, 68, 45, 'set', 1, '[{\"instrument_id\":6,\"quantity\":4},{\"instrument_id\":10,\"quantity\":1},{\"instrument_id\":11,\"quantity\":4},{\"instrument_id\":12,\"quantity\":1},{\"instrument_id\":15,\"quantity\":1},{\"instrument_id\":16,\"quantity\":1},{\"instrument_id\":17,\"quantity\":5},{\"instrument_id\":18,\"quantity\":2},{\"instrument_id\":19,\"quantity\":2},{\"instrument_id\":22,\"quantity\":1},{\"instrument_id\":24,\"quantity\":1},{\"instrument_id\":25,\"quantity\":3},{\"instrument_id\":26,\"quantity\":1},{\"instrument_id\":27,\"quantity\":1},{\"instrument_id\":29,\"quantity\":1},{\"instrument_id\":30,\"quantity\":4},{\"instrument_id\":31,\"quantity\":2},{\"instrument_id\":32,\"quantity\":2},{\"instrument_id\":36,\"quantity\":1},{\"instrument_id\":50,\"quantity\":2}]'),
(224, 68, 28, 'set', 1, '[{\"instrument_id\":6,\"quantity\":5},{\"instrument_id\":7,\"quantity\":3},{\"instrument_id\":11,\"quantity\":2},{\"instrument_id\":12,\"quantity\":1},{\"instrument_id\":14,\"quantity\":1},{\"instrument_id\":15,\"quantity\":1},{\"instrument_id\":16,\"quantity\":1},{\"instrument_id\":17,\"quantity\":5},{\"instrument_id\":18,\"quantity\":1},{\"instrument_id\":19,\"quantity\":1},{\"instrument_id\":20,\"quantity\":1},{\"instrument_id\":22,\"quantity\":1},{\"instrument_id\":23,\"quantity\":1},{\"instrument_id\":24,\"quantity\":1},{\"instrument_id\":25,\"quantity\":1},{\"instrument_id\":26,\"quantity\":1},{\"instrument_id\":27,\"quantity\":1},{\"instrument_id\":28,\"quantity\":1},{\"instrument_id\":29,\"quantity\":1},{\"instrument_id\":31,\"quantity\":2},{\"instrument_id\":32,\"quantity\":2},{\"instrument_id\":33,\"quantity\":2},{\"instrument_id\":35,\"quantity\":5},{\"instrument_id\":36,\"quantity\":1},{\"instrument_id\":40,\"quantity\":1},{\"instrument_id\":50,\"quantity\":1}]'),
(225, 68, 20, 'set', 1, '[{\"instrument_id\":6,\"quantity\":2},{\"instrument_id\":7,\"quantity\":4},{\"instrument_id\":10,\"quantity\":2},{\"instrument_id\":12,\"quantity\":1},{\"instrument_id\":15,\"quantity\":1},{\"instrument_id\":16,\"quantity\":1},{\"instrument_id\":17,\"quantity\":5},{\"instrument_id\":18,\"quantity\":1},{\"instrument_id\":19,\"quantity\":2},{\"instrument_id\":20,\"quantity\":2},{\"instrument_id\":22,\"quantity\":1},{\"instrument_id\":24,\"quantity\":1},{\"instrument_id\":25,\"quantity\":1},{\"instrument_id\":26,\"quantity\":1},{\"instrument_id\":27,\"quantity\":1},{\"instrument_id\":29,\"quantity\":1},{\"instrument_id\":31,\"quantity\":2},{\"instrument_id\":32,\"quantity\":2},{\"instrument_id\":33,\"quantity\":2},{\"instrument_id\":35,\"quantity\":5},{\"instrument_id\":36,\"quantity\":1},{\"instrument_id\":40,\"quantity\":1}]'),
(226, 69, 22, 'set', 1, '[{\"instrument_id\":6,\"quantity\":4},{\"instrument_id\":7,\"quantity\":3},{\"instrument_id\":10,\"quantity\":2},{\"instrument_id\":11,\"quantity\":5},{\"instrument_id\":12,\"quantity\":1},{\"instrument_id\":13,\"quantity\":1},{\"instrument_id\":14,\"quantity\":1},{\"instrument_id\":15,\"quantity\":1},{\"instrument_id\":17,\"quantity\":5},{\"instrument_id\":18,\"quantity\":1},{\"instrument_id\":19,\"quantity\":1},{\"instrument_id\":22,\"quantity\":1},{\"instrument_id\":25,\"quantity\":5},{\"instrument_id\":26,\"quantity\":1},{\"instrument_id\":27,\"quantity\":1},{\"instrument_id\":29,\"quantity\":1},{\"instrument_id\":30,\"quantity\":1},{\"instrument_id\":31,\"quantity\":2},{\"instrument_id\":32,\"quantity\":2},{\"instrument_id\":33,\"quantity\":1},{\"instrument_id\":35,\"quantity\":1},{\"instrument_id\":36,\"quantity\":1},{\"instrument_id\":37,\"quantity\":1},{\"instrument_id\":50,\"quantity\":2}]'),
(227, 69, 27, 'set', 1, '[{\"instrument_id\":6,\"quantity\":5},{\"instrument_id\":10,\"quantity\":1},{\"instrument_id\":11,\"quantity\":4},{\"instrument_id\":12,\"quantity\":1},{\"instrument_id\":14,\"quantity\":1},{\"instrument_id\":15,\"quantity\":1},{\"instrument_id\":17,\"quantity\":5},{\"instrument_id\":18,\"quantity\":1},{\"instrument_id\":19,\"quantity\":1},{\"instrument_id\":20,\"quantity\":1},{\"instrument_id\":24,\"quantity\":2},{\"instrument_id\":25,\"quantity\":2},{\"instrument_id\":26,\"quantity\":1},{\"instrument_id\":27,\"quantity\":1},{\"instrument_id\":29,\"quantity\":1},{\"instrument_id\":30,\"quantity\":4},{\"instrument_id\":31,\"quantity\":2},{\"instrument_id\":32,\"quantity\":2},{\"instrument_id\":33,\"quantity\":2},{\"instrument_id\":35,\"quantity\":2},{\"instrument_id\":36,\"quantity\":1},{\"instrument_id\":37,\"quantity\":1},{\"instrument_id\":50,\"quantity\":1}]'),
(228, 69, 46, 'set', 1, '[{\"instrument_id\":5,\"quantity\":2},{\"instrument_id\":6,\"quantity\":4},{\"instrument_id\":7,\"quantity\":2},{\"instrument_id\":10,\"quantity\":4},{\"instrument_id\":11,\"quantity\":4},{\"instrument_id\":12,\"quantity\":1},{\"instrument_id\":15,\"quantity\":1},{\"instrument_id\":16,\"quantity\":1},{\"instrument_id\":17,\"quantity\":5},{\"instrument_id\":18,\"quantity\":2},{\"instrument_id\":19,\"quantity\":2},{\"instrument_id\":20,\"quantity\":1},{\"instrument_id\":22,\"quantity\":1},{\"instrument_id\":24,\"quantity\":1},{\"instrument_id\":25,\"quantity\":2},{\"instrument_id\":26,\"quantity\":1},{\"instrument_id\":27,\"quantity\":1},{\"instrument_id\":28,\"quantity\":1},{\"instrument_id\":29,\"quantity\":1},{\"instrument_id\":30,\"quantity\":4},{\"instrument_id\":31,\"quantity\":2},{\"instrument_id\":32,\"quantity\":2},{\"instrument_id\":33,\"quantity\":3},{\"instrument_id\":35,\"quantity\":2},{\"instrument_id\":36,\"quantity\":1},{\"instrument_id\":50,\"quantity\":1}]'),
(229, 70, 97, 'instrument', 1, NULL),
(230, 70, 87, 'instrument', 1, NULL),
(231, 71, 80, 'set', 1, '[{\"instrument_id\":70,\"quantity\":1},{\"instrument_id\":71,\"quantity\":1}]'),
(232, 72, 80, 'set', 1, '[{\"instrument_id\":70,\"quantity\":1},{\"instrument_id\":71,\"quantity\":1}]'),
(233, 73, 22, 'set', 1, '[{\"instrument_id\":6,\"quantity\":4},{\"instrument_id\":7,\"quantity\":3},{\"instrument_id\":10,\"quantity\":2},{\"instrument_id\":11,\"quantity\":5},{\"instrument_id\":12,\"quantity\":1},{\"instrument_id\":13,\"quantity\":1},{\"instrument_id\":14,\"quantity\":1},{\"instrument_id\":15,\"quantity\":1},{\"instrument_id\":17,\"quantity\":5},{\"instrument_id\":18,\"quantity\":1},{\"instrument_id\":19,\"quantity\":1},{\"instrument_id\":22,\"quantity\":1},{\"instrument_id\":25,\"quantity\":5},{\"instrument_id\":26,\"quantity\":1},{\"instrument_id\":27,\"quantity\":1},{\"instrument_id\":29,\"quantity\":1},{\"instrument_id\":30,\"quantity\":1},{\"instrument_id\":31,\"quantity\":2},{\"instrument_id\":32,\"quantity\":2},{\"instrument_id\":33,\"quantity\":1},{\"instrument_id\":35,\"quantity\":1},{\"instrument_id\":36,\"quantity\":1},{\"instrument_id\":37,\"quantity\":1},{\"instrument_id\":50,\"quantity\":2}]'),
(234, 73, 27, 'set', 1, '[{\"instrument_id\":6,\"quantity\":5},{\"instrument_id\":10,\"quantity\":1},{\"instrument_id\":11,\"quantity\":4},{\"instrument_id\":12,\"quantity\":1},{\"instrument_id\":14,\"quantity\":1},{\"instrument_id\":15,\"quantity\":1},{\"instrument_id\":17,\"quantity\":5},{\"instrument_id\":18,\"quantity\":1},{\"instrument_id\":19,\"quantity\":1},{\"instrument_id\":20,\"quantity\":1},{\"instrument_id\":24,\"quantity\":2},{\"instrument_id\":25,\"quantity\":2},{\"instrument_id\":26,\"quantity\":1},{\"instrument_id\":27,\"quantity\":1},{\"instrument_id\":29,\"quantity\":1},{\"instrument_id\":30,\"quantity\":4},{\"instrument_id\":31,\"quantity\":2},{\"instrument_id\":32,\"quantity\":2},{\"instrument_id\":33,\"quantity\":2},{\"instrument_id\":35,\"quantity\":2},{\"instrument_id\":36,\"quantity\":1},{\"instrument_id\":37,\"quantity\":1},{\"instrument_id\":50,\"quantity\":1}]'),
(235, 73, 46, 'set', 1, '[{\"instrument_id\":5,\"quantity\":2},{\"instrument_id\":6,\"quantity\":4},{\"instrument_id\":7,\"quantity\":2},{\"instrument_id\":10,\"quantity\":4},{\"instrument_id\":11,\"quantity\":4},{\"instrument_id\":12,\"quantity\":1},{\"instrument_id\":15,\"quantity\":1},{\"instrument_id\":16,\"quantity\":1},{\"instrument_id\":17,\"quantity\":5},{\"instrument_id\":18,\"quantity\":2},{\"instrument_id\":19,\"quantity\":2},{\"instrument_id\":20,\"quantity\":1},{\"instrument_id\":22,\"quantity\":1},{\"instrument_id\":24,\"quantity\":1},{\"instrument_id\":25,\"quantity\":2},{\"instrument_id\":26,\"quantity\":1},{\"instrument_id\":27,\"quantity\":1},{\"instrument_id\":28,\"quantity\":1},{\"instrument_id\":29,\"quantity\":1},{\"instrument_id\":30,\"quantity\":4},{\"instrument_id\":31,\"quantity\":2},{\"instrument_id\":32,\"quantity\":2},{\"instrument_id\":33,\"quantity\":3},{\"instrument_id\":35,\"quantity\":2},{\"instrument_id\":36,\"quantity\":1},{\"instrument_id\":50,\"quantity\":1}]'),
(236, 73, 45, 'set', 1, '[{\"instrument_id\":6,\"quantity\":4},{\"instrument_id\":10,\"quantity\":1},{\"instrument_id\":11,\"quantity\":4},{\"instrument_id\":12,\"quantity\":1},{\"instrument_id\":15,\"quantity\":1},{\"instrument_id\":16,\"quantity\":1},{\"instrument_id\":17,\"quantity\":5},{\"instrument_id\":18,\"quantity\":2},{\"instrument_id\":19,\"quantity\":2},{\"instrument_id\":22,\"quantity\":1},{\"instrument_id\":24,\"quantity\":1},{\"instrument_id\":25,\"quantity\":3},{\"instrument_id\":26,\"quantity\":1},{\"instrument_id\":27,\"quantity\":1},{\"instrument_id\":29,\"quantity\":1},{\"instrument_id\":30,\"quantity\":4},{\"instrument_id\":31,\"quantity\":2},{\"instrument_id\":32,\"quantity\":2},{\"instrument_id\":36,\"quantity\":1},{\"instrument_id\":50,\"quantity\":2}]'),
(237, 73, 34, 'set', 1, '[{\"instrument_id\":6,\"quantity\":2},{\"instrument_id\":8,\"quantity\":3},{\"instrument_id\":10,\"quantity\":1},{\"instrument_id\":11,\"quantity\":5},{\"instrument_id\":12,\"quantity\":1},{\"instrument_id\":14,\"quantity\":1},{\"instrument_id\":15,\"quantity\":1},{\"instrument_id\":16,\"quantity\":1},{\"instrument_id\":17,\"quantity\":5},{\"instrument_id\":19,\"quantity\":2},{\"instrument_id\":20,\"quantity\":1},{\"instrument_id\":22,\"quantity\":1},{\"instrument_id\":24,\"quantity\":2},{\"instrument_id\":25,\"quantity\":2},{\"instrument_id\":26,\"quantity\":1},{\"instrument_id\":29,\"quantity\":1},{\"instrument_id\":30,\"quantity\":4},{\"instrument_id\":31,\"quantity\":2},{\"instrument_id\":32,\"quantity\":2},{\"instrument_id\":33,\"quantity\":2},{\"instrument_id\":35,\"quantity\":2},{\"instrument_id\":50,\"quantity\":1}]'),
(238, 73, 33, 'set', 1, '[{\"instrument_id\":6,\"quantity\":3},{\"instrument_id\":7,\"quantity\":2},{\"instrument_id\":8,\"quantity\":1},{\"instrument_id\":10,\"quantity\":1},{\"instrument_id\":11,\"quantity\":3},{\"instrument_id\":12,\"quantity\":1},{\"instrument_id\":14,\"quantity\":1},{\"instrument_id\":15,\"quantity\":1},{\"instrument_id\":16,\"quantity\":1},{\"instrument_id\":17,\"quantity\":5},{\"instrument_id\":18,\"quantity\":1},{\"instrument_id\":19,\"quantity\":1},{\"instrument_id\":20,\"quantity\":1},{\"instrument_id\":24,\"quantity\":2},{\"instrument_id\":25,\"quantity\":3},{\"instrument_id\":26,\"quantity\":1},{\"instrument_id\":27,\"quantity\":1},{\"instrument_id\":29,\"quantity\":1},{\"instrument_id\":30,\"quantity\":1},{\"instrument_id\":31,\"quantity\":2},{\"instrument_id\":32,\"quantity\":2},{\"instrument_id\":33,\"quantity\":1},{\"instrument_id\":50,\"quantity\":1}]'),
(239, 73, 28, 'set', 1, '[{\"instrument_id\":6,\"quantity\":5},{\"instrument_id\":7,\"quantity\":3},{\"instrument_id\":11,\"quantity\":2},{\"instrument_id\":12,\"quantity\":1},{\"instrument_id\":14,\"quantity\":1},{\"instrument_id\":15,\"quantity\":1},{\"instrument_id\":16,\"quantity\":1},{\"instrument_id\":17,\"quantity\":5},{\"instrument_id\":18,\"quantity\":1},{\"instrument_id\":19,\"quantity\":1},{\"instrument_id\":20,\"quantity\":1},{\"instrument_id\":22,\"quantity\":1},{\"instrument_id\":23,\"quantity\":1},{\"instrument_id\":24,\"quantity\":1},{\"instrument_id\":25,\"quantity\":1},{\"instrument_id\":26,\"quantity\":1},{\"instrument_id\":27,\"quantity\":1},{\"instrument_id\":28,\"quantity\":1},{\"instrument_id\":29,\"quantity\":1},{\"instrument_id\":31,\"quantity\":2},{\"instrument_id\":32,\"quantity\":2},{\"instrument_id\":33,\"quantity\":2},{\"instrument_id\":35,\"quantity\":5},{\"instrument_id\":36,\"quantity\":1},{\"instrument_id\":40,\"quantity\":1},{\"instrument_id\":50,\"quantity\":1}]'),
(240, 73, 20, 'set', 1, '[{\"instrument_id\":6,\"quantity\":2},{\"instrument_id\":7,\"quantity\":4},{\"instrument_id\":10,\"quantity\":2},{\"instrument_id\":12,\"quantity\":1},{\"instrument_id\":15,\"quantity\":1},{\"instrument_id\":16,\"quantity\":1},{\"instrument_id\":17,\"quantity\":5},{\"instrument_id\":18,\"quantity\":1},{\"instrument_id\":19,\"quantity\":2},{\"instrument_id\":20,\"quantity\":2},{\"instrument_id\":22,\"quantity\":1},{\"instrument_id\":24,\"quantity\":1},{\"instrument_id\":25,\"quantity\":1},{\"instrument_id\":26,\"quantity\":1},{\"instrument_id\":27,\"quantity\":1},{\"instrument_id\":29,\"quantity\":1},{\"instrument_id\":31,\"quantity\":2},{\"instrument_id\":32,\"quantity\":2},{\"instrument_id\":33,\"quantity\":2},{\"instrument_id\":35,\"quantity\":5},{\"instrument_id\":36,\"quantity\":1},{\"instrument_id\":40,\"quantity\":1}]'),
(241, 73, 24, 'set', 1, '[{\"instrument_id\":6,\"quantity\":5},{\"instrument_id\":7,\"quantity\":5},{\"instrument_id\":10,\"quantity\":4},{\"instrument_id\":12,\"quantity\":1},{\"instrument_id\":14,\"quantity\":1},{\"instrument_id\":15,\"quantity\":1},{\"instrument_id\":17,\"quantity\":5},{\"instrument_id\":18,\"quantity\":1},{\"instrument_id\":19,\"quantity\":1},{\"instrument_id\":20,\"quantity\":1},{\"instrument_id\":22,\"quantity\":1},{\"instrument_id\":23,\"quantity\":1},{\"instrument_id\":24,\"quantity\":1},{\"instrument_id\":25,\"quantity\":1},{\"instrument_id\":26,\"quantity\":1},{\"instrument_id\":28,\"quantity\":1},{\"instrument_id\":29,\"quantity\":1},{\"instrument_id\":30,\"quantity\":1},{\"instrument_id\":31,\"quantity\":2},{\"instrument_id\":32,\"quantity\":2},{\"instrument_id\":33,\"quantity\":2},{\"instrument_id\":35,\"quantity\":5},{\"instrument_id\":36,\"quantity\":1},{\"instrument_id\":39,\"quantity\":1},{\"instrument_id\":40,\"quantity\":1},{\"instrument_id\":50,\"quantity\":2}]'),
(242, 74, 81, 'set', 1, '[{\"instrument_id\":6,\"quantity\":1},{\"instrument_id\":7,\"quantity\":1},{\"instrument_id\":8,\"quantity\":1},{\"instrument_id\":19,\"quantity\":1},{\"instrument_id\":20,\"quantity\":1},{\"instrument_id\":85,\"quantity\":1},{\"instrument_id\":102,\"quantity\":1}]'),
(243, 75, 25, 'set', 1, '[{\"instrument_id\":6,\"quantity\":5},{\"instrument_id\":7,\"quantity\":2},{\"instrument_id\":10,\"quantity\":4},{\"instrument_id\":12,\"quantity\":1},{\"instrument_id\":13,\"quantity\":1},{\"instrument_id\":14,\"quantity\":1},{\"instrument_id\":15,\"quantity\":1},{\"instrument_id\":17,\"quantity\":5},{\"instrument_id\":19,\"quantity\":2},{\"instrument_id\":20,\"quantity\":1},{\"instrument_id\":22,\"quantity\":1},{\"instrument_id\":23,\"quantity\":1},{\"instrument_id\":24,\"quantity\":1},{\"instrument_id\":26,\"quantity\":1},{\"instrument_id\":27,\"quantity\":1},{\"instrument_id\":28,\"quantity\":1},{\"instrument_id\":29,\"quantity\":1},{\"instrument_id\":30,\"quantity\":3},{\"instrument_id\":31,\"quantity\":2},{\"instrument_id\":32,\"quantity\":2},{\"instrument_id\":33,\"quantity\":2},{\"instrument_id\":35,\"quantity\":5},{\"instrument_id\":36,\"quantity\":1},{\"instrument_id\":50,\"quantity\":1}]'),
(244, 75, 25, 'set', 1, '[{\"instrument_id\":6,\"quantity\":5},{\"instrument_id\":7,\"quantity\":2},{\"instrument_id\":10,\"quantity\":4},{\"instrument_id\":12,\"quantity\":1},{\"instrument_id\":13,\"quantity\":1},{\"instrument_id\":14,\"quantity\":1},{\"instrument_id\":15,\"quantity\":1},{\"instrument_id\":17,\"quantity\":5},{\"instrument_id\":19,\"quantity\":2},{\"instrument_id\":20,\"quantity\":1},{\"instrument_id\":22,\"quantity\":1},{\"instrument_id\":23,\"quantity\":1},{\"instrument_id\":24,\"quantity\":1},{\"instrument_id\":26,\"quantity\":1},{\"instrument_id\":27,\"quantity\":1},{\"instrument_id\":28,\"quantity\":1},{\"instrument_id\":29,\"quantity\":1},{\"instrument_id\":30,\"quantity\":3},{\"instrument_id\":31,\"quantity\":2},{\"instrument_id\":32,\"quantity\":2},{\"instrument_id\":33,\"quantity\":2},{\"instrument_id\":35,\"quantity\":5},{\"instrument_id\":36,\"quantity\":1},{\"instrument_id\":50,\"quantity\":1}]'),
(246, 77, 22, 'set', 1, '[{\"instrument_id\":6,\"quantity\":4},{\"instrument_id\":7,\"quantity\":3},{\"instrument_id\":10,\"quantity\":2},{\"instrument_id\":11,\"quantity\":5},{\"instrument_id\":12,\"quantity\":1},{\"instrument_id\":13,\"quantity\":1},{\"instrument_id\":14,\"quantity\":1},{\"instrument_id\":15,\"quantity\":1},{\"instrument_id\":17,\"quantity\":5},{\"instrument_id\":18,\"quantity\":1},{\"instrument_id\":19,\"quantity\":1},{\"instrument_id\":22,\"quantity\":1},{\"instrument_id\":25,\"quantity\":5},{\"instrument_id\":26,\"quantity\":1},{\"instrument_id\":27,\"quantity\":1},{\"instrument_id\":29,\"quantity\":1},{\"instrument_id\":30,\"quantity\":1},{\"instrument_id\":31,\"quantity\":2},{\"instrument_id\":32,\"quantity\":2},{\"instrument_id\":33,\"quantity\":1},{\"instrument_id\":35,\"quantity\":1},{\"instrument_id\":36,\"quantity\":1},{\"instrument_id\":37,\"quantity\":1},{\"instrument_id\":50,\"quantity\":2}]'),
(247, 80, 80, 'set', 1, '[{\"instrument_id\":70,\"quantity\":1},{\"instrument_id\":71,\"quantity\":1}]'),
(248, 80, 75, 'set', 1, '[{\"instrument_id\":70,\"quantity\":5},{\"instrument_id\":71,\"quantity\":1},{\"instrument_id\":72,\"quantity\":1},{\"instrument_id\":73,\"quantity\":1},{\"instrument_id\":74,\"quantity\":1},{\"instrument_id\":75,\"quantity\":1}]'),
(249, 81, 22, 'set', 1, '[{\"instrument_id\":6,\"quantity\":4},{\"instrument_id\":7,\"quantity\":3},{\"instrument_id\":10,\"quantity\":2},{\"instrument_id\":11,\"quantity\":5},{\"instrument_id\":12,\"quantity\":1},{\"instrument_id\":13,\"quantity\":1},{\"instrument_id\":14,\"quantity\":1},{\"instrument_id\":15,\"quantity\":1},{\"instrument_id\":17,\"quantity\":5},{\"instrument_id\":18,\"quantity\":1},{\"instrument_id\":19,\"quantity\":1},{\"instrument_id\":22,\"quantity\":1},{\"instrument_id\":25,\"quantity\":5},{\"instrument_id\":26,\"quantity\":1},{\"instrument_id\":27,\"quantity\":1},{\"instrument_id\":29,\"quantity\":1},{\"instrument_id\":30,\"quantity\":1},{\"instrument_id\":31,\"quantity\":2},{\"instrument_id\":32,\"quantity\":2},{\"instrument_id\":33,\"quantity\":1},{\"instrument_id\":35,\"quantity\":1},{\"instrument_id\":36,\"quantity\":1},{\"instrument_id\":37,\"quantity\":1},{\"instrument_id\":50,\"quantity\":2}]'),
(250, 82, 80, 'set', 1, '[{\"instrument_id\":70,\"quantity\":1},{\"instrument_id\":71,\"quantity\":1}]'),
(251, 83, 80, 'set', 1, '[{\"instrument_id\":99,\"quantity\":1},{\"instrument_id\":70,\"quantity\":2}]'),
(252, 83, 67, 'set', 1, '[{\"instrument_id\":70,\"quantity\":1},{\"instrument_id\":71,\"quantity\":1},{\"instrument_id\":72,\"quantity\":3}]'),
(254, 83, 76, 'set', 1, '[{\"instrument_id\":19,\"quantity\":2},{\"instrument_id\":20,\"quantity\":1},{\"instrument_id\":32,\"quantity\":6},{\"instrument_id\":70,\"quantity\":1},{\"instrument_id\":71,\"quantity\":1}]'),
(256, 84, 28, 'set', 1, '[{\"instrument_id\":6,\"quantity\":5},{\"instrument_id\":7,\"quantity\":3},{\"instrument_id\":11,\"quantity\":2},{\"instrument_id\":12,\"quantity\":1},{\"instrument_id\":14,\"quantity\":1},{\"instrument_id\":15,\"quantity\":1},{\"instrument_id\":16,\"quantity\":1},{\"instrument_id\":17,\"quantity\":5},{\"instrument_id\":18,\"quantity\":1},{\"instrument_id\":19,\"quantity\":1},{\"instrument_id\":20,\"quantity\":1},{\"instrument_id\":22,\"quantity\":1},{\"instrument_id\":23,\"quantity\":1},{\"instrument_id\":24,\"quantity\":1},{\"instrument_id\":25,\"quantity\":1},{\"instrument_id\":26,\"quantity\":1},{\"instrument_id\":27,\"quantity\":1},{\"instrument_id\":28,\"quantity\":1},{\"instrument_id\":29,\"quantity\":1},{\"instrument_id\":31,\"quantity\":2},{\"instrument_id\":32,\"quantity\":2},{\"instrument_id\":33,\"quantity\":2},{\"instrument_id\":35,\"quantity\":5},{\"instrument_id\":36,\"quantity\":1},{\"instrument_id\":40,\"quantity\":1}]'),
(257, 85, 87, 'instrument', 1, NULL),
(258, 85, 71, 'instrument', 1, NULL),
(261, 89, 27, 'set', 1, '[{\"instrument_id\":6,\"quantity\":5},{\"instrument_id\":10,\"quantity\":1},{\"instrument_id\":11,\"quantity\":4},{\"instrument_id\":12,\"quantity\":1},{\"instrument_id\":14,\"quantity\":1},{\"instrument_id\":15,\"quantity\":1},{\"instrument_id\":17,\"quantity\":5},{\"instrument_id\":18,\"quantity\":1},{\"instrument_id\":19,\"quantity\":1},{\"instrument_id\":20,\"quantity\":1},{\"instrument_id\":24,\"quantity\":2},{\"instrument_id\":25,\"quantity\":2},{\"instrument_id\":26,\"quantity\":1},{\"instrument_id\":27,\"quantity\":1},{\"instrument_id\":29,\"quantity\":1},{\"instrument_id\":30,\"quantity\":4},{\"instrument_id\":31,\"quantity\":2},{\"instrument_id\":32,\"quantity\":2},{\"instrument_id\":33,\"quantity\":2},{\"instrument_id\":35,\"quantity\":2},{\"instrument_id\":36,\"quantity\":1},{\"instrument_id\":37,\"quantity\":1},{\"instrument_id\":50,\"quantity\":1}]'),
(262, 89, 70, 'instrument', 1, NULL),
(263, 90, 70, 'instrument', 1, NULL),
(264, 92, 83, 'set', 1, '[{\"instrument_id\":5,\"quantity\":1},{\"instrument_id\":70,\"quantity\":1},{\"instrument_id\":71,\"quantity\":1},{\"instrument_id\":303,\"quantity\":1},{\"instrument_id\":559,\"quantity\":1}]'),
(265, 93, 83, 'set', 1, '[{\"instrument_id\":5,\"quantity\":1},{\"instrument_id\":70,\"quantity\":1},{\"instrument_id\":71,\"quantity\":1},{\"instrument_id\":303,\"quantity\":1},{\"instrument_id\":559,\"quantity\":1}]'),
(267, 91, 80, 'set', 1, '[{\"instrument_id\":70,\"quantity\":1},{\"instrument_id\":71,\"quantity\":1}]'),
(268, 94, 80, 'set', 1, '[{\"instrument_id\":70,\"quantity\":1},{\"instrument_id\":71,\"quantity\":1}]'),
(269, 94, 17, 'set', 1, '[{\"instrument_id\":12,\"quantity\":1},{\"instrument_id\":15,\"quantity\":1},{\"instrument_id\":16,\"quantity\":1},{\"instrument_id\":17,\"quantity\":1},{\"instrument_id\":31,\"quantity\":1},{\"instrument_id\":32,\"quantity\":1},{\"instrument_id\":35,\"quantity\":1},{\"instrument_id\":70,\"quantity\":1},{\"instrument_id\":71,\"quantity\":1},{\"instrument_id\":72,\"quantity\":1},{\"instrument_id\":73,\"quantity\":1},{\"instrument_id\":74,\"quantity\":1},{\"instrument_id\":75,\"quantity\":1},{\"instrument_id\":76,\"quantity\":1},{\"instrument_id\":77,\"quantity\":1},{\"instrument_id\":78,\"quantity\":1},{\"instrument_id\":79,\"quantity\":1},{\"instrument_id\":80,\"quantity\":1},{\"instrument_id\":81,\"quantity\":1},{\"instrument_id\":82,\"quantity\":1}]'),
(270, 95, 17, 'set', 1, '[{\"instrument_id\":12,\"quantity\":1},{\"instrument_id\":15,\"quantity\":1},{\"instrument_id\":16,\"quantity\":1},{\"instrument_id\":17,\"quantity\":1},{\"instrument_id\":31,\"quantity\":1},{\"instrument_id\":32,\"quantity\":1},{\"instrument_id\":35,\"quantity\":1},{\"instrument_id\":70,\"quantity\":1},{\"instrument_id\":71,\"quantity\":1},{\"instrument_id\":72,\"quantity\":1},{\"instrument_id\":73,\"quantity\":1},{\"instrument_id\":74,\"quantity\":1},{\"instrument_id\":75,\"quantity\":1},{\"instrument_id\":76,\"quantity\":1},{\"instrument_id\":77,\"quantity\":1},{\"instrument_id\":78,\"quantity\":1},{\"instrument_id\":79,\"quantity\":1},{\"instrument_id\":80,\"quantity\":1},{\"instrument_id\":81,\"quantity\":1},{\"instrument_id\":82,\"quantity\":1}]'),
(271, 91, 75, 'set', 1, '[{\"instrument_id\":70,\"quantity\":5},{\"instrument_id\":71,\"quantity\":1},{\"instrument_id\":72,\"quantity\":1},{\"instrument_id\":73,\"quantity\":1},{\"instrument_id\":74,\"quantity\":1},{\"instrument_id\":75,\"quantity\":1}]'),
(272, 96, 69, 'set', 1, '[{\"instrument_id\":72,\"quantity\":1},{\"instrument_id\":73,\"quantity\":1},{\"instrument_id\":74,\"quantity\":1}]'),
(273, 96, 80, 'set', 1, '[{\"instrument_id\":70,\"quantity\":1},{\"instrument_id\":71,\"quantity\":1}]'),
(274, 97, 80, 'set', 1, '[{\"instrument_id\":70,\"quantity\":1},{\"instrument_id\":71,\"quantity\":1}]'),
(275, 98, 80, 'set', 1, '[{\"instrument_id\":70,\"quantity\":1},{\"instrument_id\":71,\"quantity\":1}]'),
(276, 99, 80, 'set', 1, '[{\"instrument_id\":70,\"quantity\":1},{\"instrument_id\":71,\"quantity\":1}]'),
(277, 100, 80, 'set', 1, '[{\"instrument_id\":70,\"quantity\":1},{\"instrument_id\":71,\"quantity\":1}]'),
(278, 101, 80, 'set', 1, '[{\"instrument_id\":70,\"quantity\":1},{\"instrument_id\":71,\"quantity\":1}]'),
(279, 103, 80, 'set', 1, '[{\"instrument_id\":70,\"quantity\":1},{\"instrument_id\":71,\"quantity\":1}]'),
(280, 104, 80, 'set', 1, '[{\"instrument_id\":70,\"quantity\":1},{\"instrument_id\":71,\"quantity\":1}]'),
(281, 105, 67, 'set', 1, '[{\"instrument_id\":70,\"quantity\":1},{\"instrument_id\":71,\"quantity\":1},{\"instrument_id\":72,\"quantity\":1}]'),
(282, 106, 69, 'set', 1, '[{\"instrument_id\":72,\"quantity\":1},{\"instrument_id\":73,\"quantity\":1},{\"instrument_id\":74,\"quantity\":1}]'),
(283, 107, 67, 'set', 1, '[{\"instrument_id\":70,\"quantity\":1},{\"instrument_id\":71,\"quantity\":1},{\"instrument_id\":72,\"quantity\":1}]'),
(284, 108, 67, 'set', 1, '[{\"instrument_id\":70,\"quantity\":1},{\"instrument_id\":71,\"quantity\":1},{\"instrument_id\":72,\"quantity\":1}]'),
(285, 109, 67, 'set', 1, '[{\"instrument_id\":70,\"quantity\":1},{\"instrument_id\":71,\"quantity\":1},{\"instrument_id\":72,\"quantity\":1}]');

-- --------------------------------------------------------

--
-- Table structure for table `sterilization_records`
--

CREATE TABLE `sterilization_records` (
  `record_id` int(11) NOT NULL,
  `label_unique_id` varchar(50) NOT NULL,
  `item_id` int(11) NOT NULL,
  `cycle_id` int(11) DEFAULT NULL,
  `load_id` int(11) DEFAULT NULL,
  `destination_department_id` int(11) DEFAULT NULL,
  `load_item_id` int(11) DEFAULT NULL,
  `item_type` enum('instrument','set') NOT NULL,
  `label_title` varchar(255) NOT NULL,
  `created_by_user_id` int(11) DEFAULT NULL,
  `created_at` timestamp NULL DEFAULT current_timestamp(),
  `expiry_date` timestamp NULL DEFAULT NULL,
  `status` varchar(25) NOT NULL,
  `used_at` timestamp NULL DEFAULT NULL COMMENT 'Tanggal dan waktu label ditandai sebagai digunakan',
  `validated_by_user_id` int(11) DEFAULT NULL COMMENT 'ID pengguna yang melakukan validasi (mengubah status dari pending_validation ke active)',
  `validated_at` timestamp NULL DEFAULT NULL COMMENT 'Tanggal dan waktu label divalidasi dan diaktifkan',
  `notes` text DEFAULT NULL,
  `label_items_snapshot` text DEFAULT NULL COMMENT 'JSON snapshot dari item dan kuantitas untuk label ini jika item_type adalah set',
  `print_status` varchar(20) NOT NULL DEFAULT 'pending' COMMENT 'pending, printed',
  `action_ip_address` varchar(45) DEFAULT NULL COMMENT 'IP address from public action',
  `action_user_agent` text DEFAULT NULL COMMENT 'User agent details from public action',
  `usage_proof_filename` varchar(255) DEFAULT NULL,
  `issue_proof_filename` varchar(255) DEFAULT NULL,
  `print_count` int(11) NOT NULL DEFAULT 0 COMMENT 'Menghitung berapa kali label dicetak'
) ENGINE=InnoDB DEFAULT CHARSET=utf8mb4 COLLATE=utf8mb4_general_ci COMMENT='Judul atau nama deskriptif untuk label ini, diberikan oleh pengguna.';

--
-- Dumping data for table `sterilization_records`
--

INSERT INTO `sterilization_records` (`record_id`, `label_unique_id`, `item_id`, `cycle_id`, `load_id`, `destination_department_id`, `load_item_id`, `item_type`, `label_title`, `created_by_user_id`, `created_at`, `expiry_date`, `status`, `used_at`, `validated_by_user_id`, `validated_at`, `notes`, `label_items_snapshot`, `print_status`, `action_ip_address`, `action_user_agent`, `usage_proof_filename`, `issue_proof_filename`, `print_count`) VALUES
(192, 'BE0307A6', 70, 23, 33, 2, NULL, 'instrument', 'ABORTUS TANG BENGKOK', 1, '2025-07-05 21:26:08', '2025-07-12 21:26:08', 'expired', NULL, NULL, NULL, NULL, NULL, 'printed', NULL, NULL, NULL, NULL, 0),
(193, 'B106372C', 27, 23, 33, 2, NULL, 'set', 'IBS Bedah 2', 1, '2025-07-05 21:26:08', '2025-07-12 21:26:08', 'expired', NULL, NULL, NULL, NULL, '[{\"instrument_id\":97,\"quantity\":2},{\"instrument_id\":98,\"quantity\":1},{\"instrument_id\":87,\"quantity\":1},{\"instrument_id\":6,\"quantity\":5},{\"instrument_id\":10,\"quantity\":1},{\"instrument_id\":11,\"quantity\":4},{\"instrument_id\":12,\"quantity\":1},{\"instrument_id\":14,\"quantity\":1},{\"instrument_id\":15,\"quantity\":1},{\"instrument_id\":17,\"quantity\":5},{\"instrument_id\":18,\"quantity\":1},{\"instrument_id\":19,\"quantity\":1},{\"instrument_id\":20,\"quantity\":1},{\"instrument_id\":24,\"quantity\":2},{\"instrument_id\":25,\"quantity\":2},{\"instrument_id\":26,\"quantity\":1},{\"instrument_id\":27,\"quantity\":1},{\"instrument_id\":29,\"quantity\":1},{\"instrument_id\":30,\"quantity\":4},{\"instrument_id\":31,\"quantity\":2},{\"instrument_id\":32,\"quantity\":2},{\"instrument_id\":33,\"quantity\":2},{\"instrument_id\":35,\"quantity\":2},{\"instrument_id\":36,\"quantity\":1},{\"instrument_id\":37,\"quantity\":1},{\"instrument_id\":50,\"quantity\":1}]', 'printed', NULL, NULL, NULL, NULL, 0),
(194, 'A7659DC8', 70, 23, 33, 2, NULL, 'instrument', 'ABORTUS TANG BENGKOK', 1, '2025-07-05 21:49:04', '2025-07-12 21:49:04', 'recalled', NULL, NULL, NULL, 'RECALLED (public): 06-07-2025 11:30 - Bengkok\nCATATAN INTERNAL: Aksi dilakukan dari IP: 101.128.90.62 | Perangkat: Mozilla/5.0 (Windows NT 10.0; Win64; x64) AppleWebKit/537.36 (KHTML, like Gecko) Chrome/137.0.0.0 Safari/537.36\n-----------------\n', NULL, 'pending', NULL, NULL, NULL, NULL, 0),
(195, '833AB92E', 27, 23, 33, 2, NULL, 'set', 'IBS Bedah 2', 1, '2025-07-05 21:49:04', '2025-07-12 21:49:04', 'expired', NULL, NULL, NULL, NULL, '[{\"instrument_id\":97,\"quantity\":2},{\"instrument_id\":98,\"quantity\":1},{\"instrument_id\":87,\"quantity\":1},{\"instrument_id\":6,\"quantity\":5},{\"instrument_id\":10,\"quantity\":1},{\"instrument_id\":11,\"quantity\":4},{\"instrument_id\":12,\"quantity\":1},{\"instrument_id\":14,\"quantity\":1},{\"instrument_id\":15,\"quantity\":1},{\"instrument_id\":17,\"quantity\":5},{\"instrument_id\":18,\"quantity\":1},{\"instrument_id\":19,\"quantity\":1},{\"instrument_id\":20,\"quantity\":1},{\"instrument_id\":24,\"quantity\":2},{\"instrument_id\":25,\"quantity\":2},{\"instrument_id\":26,\"quantity\":1},{\"instrument_id\":27,\"quantity\":1},{\"instrument_id\":29,\"quantity\":1},{\"instrument_id\":30,\"quantity\":4},{\"instrument_id\":31,\"quantity\":2},{\"instrument_id\":32,\"quantity\":2},{\"instrument_id\":33,\"quantity\":2},{\"instrument_id\":35,\"quantity\":2},{\"instrument_id\":36,\"quantity\":1},{\"instrument_id\":37,\"quantity\":1},{\"instrument_id\":50,\"quantity\":1}]', 'pending', NULL, NULL, NULL, NULL, 0),
(196, 'AF964478', 27, 24, 34, 4, NULL, 'set', 'IBS Bedah 2', 1, '2025-07-05 21:50:08', '2025-07-12 21:50:08', 'recalled', NULL, NULL, NULL, 'RECALLED (public): 06-07-2025 10:45 - Sobek\n-----------------\n', '[{\"instrument_id\":97,\"quantity\":1},{\"instrument_id\":98,\"quantity\":1},{\"instrument_id\":6,\"quantity\":5},{\"instrument_id\":10,\"quantity\":1},{\"instrument_id\":11,\"quantity\":4},{\"instrument_id\":12,\"quantity\":1},{\"instrument_id\":14,\"quantity\":1},{\"instrument_id\":15,\"quantity\":1},{\"instrument_id\":17,\"quantity\":5},{\"instrument_id\":18,\"quantity\":1},{\"instrument_id\":19,\"quantity\":1},{\"instrument_id\":20,\"quantity\":1},{\"instrument_id\":24,\"quantity\":2},{\"instrument_id\":25,\"quantity\":2},{\"instrument_id\":26,\"quantity\":1},{\"instrument_id\":27,\"quantity\":1},{\"instrument_id\":29,\"quantity\":1},{\"instrument_id\":30,\"quantity\":4},{\"instrument_id\":31,\"quantity\":2},{\"instrument_id\":32,\"quantity\":2},{\"instrument_id\":33,\"quantity\":2},{\"instrument_id\":35,\"quantity\":2},{\"instrument_id\":36,\"quantity\":1},{\"instrument_id\":37,\"quantity\":1},{\"instrument_id\":50,\"quantity\":1}]', 'printed', NULL, NULL, NULL, NULL, 0),
(197, '1EB902C5', 27, 24, 34, 4, NULL, 'set', 'IBS Bedah 2', 1, '2025-07-05 22:54:43', '2025-07-12 22:54:43', 'used', '2025-07-06 03:47:04', NULL, NULL, NULL, '[{\"instrument_id\":97,\"quantity\":1},{\"instrument_id\":98,\"quantity\":1},{\"instrument_id\":6,\"quantity\":5},{\"instrument_id\":10,\"quantity\":1},{\"instrument_id\":11,\"quantity\":4},{\"instrument_id\":12,\"quantity\":1},{\"instrument_id\":14,\"quantity\":1},{\"instrument_id\":15,\"quantity\":1},{\"instrument_id\":17,\"quantity\":5},{\"instrument_id\":18,\"quantity\":1},{\"instrument_id\":19,\"quantity\":1},{\"instrument_id\":20,\"quantity\":1},{\"instrument_id\":24,\"quantity\":2},{\"instrument_id\":25,\"quantity\":2},{\"instrument_id\":26,\"quantity\":1},{\"instrument_id\":27,\"quantity\":1},{\"instrument_id\":29,\"quantity\":1},{\"instrument_id\":30,\"quantity\":4},{\"instrument_id\":31,\"quantity\":2},{\"instrument_id\":32,\"quantity\":2},{\"instrument_id\":33,\"quantity\":2},{\"instrument_id\":35,\"quantity\":2},{\"instrument_id\":36,\"quantity\":1},{\"instrument_id\":37,\"quantity\":1},{\"instrument_id\":50,\"quantity\":1}]', 'printed', NULL, NULL, NULL, NULL, 0),
(198, '5C7B3A50', 22, 25, 36, 4, NULL, 'set', 'IBS Bedah 1 bak panjang ram', 1, '2025-07-06 00:57:35', '2025-07-13 00:57:35', 'recalled', NULL, NULL, NULL, 'RECALLED (public): 06-07-2025 11:26 - Rusak\nDevice Info: Mozilla/5.0 (Windows NT 10.0; Win64; x64) AppleWebKit/537.36 (KHTML, like Gecko) Chrome/137.0.0.0 Safari/537.36\n-----------------\n', '[{\"instrument_id\":6,\"quantity\":4},{\"instrument_id\":7,\"quantity\":3},{\"instrument_id\":10,\"quantity\":2},{\"instrument_id\":11,\"quantity\":5},{\"instrument_id\":12,\"quantity\":1},{\"instrument_id\":13,\"quantity\":1},{\"instrument_id\":14,\"quantity\":1},{\"instrument_id\":15,\"quantity\":1},{\"instrument_id\":17,\"quantity\":5},{\"instrument_id\":18,\"quantity\":1},{\"instrument_id\":19,\"quantity\":1},{\"instrument_id\":22,\"quantity\":1},{\"instrument_id\":25,\"quantity\":5},{\"instrument_id\":26,\"quantity\":1},{\"instrument_id\":27,\"quantity\":1},{\"instrument_id\":29,\"quantity\":1},{\"instrument_id\":30,\"quantity\":1},{\"instrument_id\":31,\"quantity\":2},{\"instrument_id\":32,\"quantity\":2},{\"instrument_id\":33,\"quantity\":1},{\"instrument_id\":35,\"quantity\":1},{\"instrument_id\":36,\"quantity\":1},{\"instrument_id\":37,\"quantity\":1},{\"instrument_id\":50,\"quantity\":2}]', 'printed', NULL, NULL, NULL, NULL, 0),
(199, '245FBE84', 17, 25, 36, 4, NULL, 'set', 'CURET IBS', 1, '2025-07-06 00:57:35', '2025-07-13 00:57:35', 'expired', NULL, NULL, NULL, NULL, '[{\"instrument_id\":12,\"quantity\":1},{\"instrument_id\":15,\"quantity\":1},{\"instrument_id\":16,\"quantity\":1},{\"instrument_id\":17,\"quantity\":1},{\"instrument_id\":31,\"quantity\":1},{\"instrument_id\":32,\"quantity\":1},{\"instrument_id\":35,\"quantity\":1},{\"instrument_id\":70,\"quantity\":1},{\"instrument_id\":71,\"quantity\":1},{\"instrument_id\":72,\"quantity\":1},{\"instrument_id\":73,\"quantity\":1},{\"instrument_id\":74,\"quantity\":1},{\"instrument_id\":75,\"quantity\":1},{\"instrument_id\":76,\"quantity\":1},{\"instrument_id\":77,\"quantity\":1},{\"instrument_id\":78,\"quantity\":1},{\"instrument_id\":79,\"quantity\":1},{\"instrument_id\":80,\"quantity\":1},{\"instrument_id\":81,\"quantity\":1},{\"instrument_id\":82,\"quantity\":1}]', 'printed', NULL, NULL, NULL, NULL, 0),
(200, '778D9610', 16, 25, 36, 4, NULL, 'set', 'SET THT IBS', 1, '2025-07-06 00:57:35', '2025-07-13 00:57:35', 'expired', NULL, NULL, NULL, NULL, '[{\"instrument_id\":17,\"quantity\":1},{\"instrument_id\":18,\"quantity\":1},{\"instrument_id\":24,\"quantity\":1},{\"instrument_id\":25,\"quantity\":1},{\"instrument_id\":26,\"quantity\":1},{\"instrument_id\":27,\"quantity\":1},{\"instrument_id\":29,\"quantity\":1},{\"instrument_id\":31,\"quantity\":1},{\"instrument_id\":32,\"quantity\":1},{\"instrument_id\":33,\"quantity\":1},{\"instrument_id\":49,\"quantity\":1},{\"instrument_id\":50,\"quantity\":1},{\"instrument_id\":51,\"quantity\":1},{\"instrument_id\":52,\"quantity\":1},{\"instrument_id\":53,\"quantity\":1},{\"instrument_id\":54,\"quantity\":1},{\"instrument_id\":55,\"quantity\":1},{\"instrument_id\":56,\"quantity\":1},{\"instrument_id\":57,\"quantity\":1},{\"instrument_id\":58,\"quantity\":1},{\"instrument_id\":59,\"quantity\":1},{\"instrument_id\":60,\"quantity\":1},{\"instrument_id\":61,\"quantity\":1},{\"instrument_id\":62,\"quantity\":1},{\"instrument_id\":63,\"quantity\":1},{\"instrument_id\":64,\"quantity\":1},{\"instrument_id\":65,\"quantity\":1},{\"instrument_id\":66,\"quantity\":1},{\"instrument_id\":67,\"quantity\":1},{\"instrument_id\":68,\"quantity\":1}]', 'printed', NULL, NULL, NULL, NULL, 0),
(201, 'D63CC499', 46, 26, 35, 4, NULL, 'set', 'IBS Bedah 3', 1, '2025-07-06 03:52:26', '2025-07-13 03:52:26', 'recalled', NULL, NULL, NULL, 'CATATAN INTERNAL (06-07-2025 11:17 oleh Administrator): Sudah di Sterilisasi ulang\n-----------------\nCATATAN INTERNAL (06-07-2025 11:17 oleh Administrator): Terima kasih\n-----------------\nRECALLED (public): 06-07-2025 10:53 - Sobek\n-----------------\n', '[{\"instrument_id\":5,\"quantity\":2},{\"instrument_id\":6,\"quantity\":4},{\"instrument_id\":7,\"quantity\":2},{\"instrument_id\":10,\"quantity\":4},{\"instrument_id\":11,\"quantity\":4},{\"instrument_id\":12,\"quantity\":1},{\"instrument_id\":15,\"quantity\":1},{\"instrument_id\":16,\"quantity\":1},{\"instrument_id\":17,\"quantity\":5},{\"instrument_id\":18,\"quantity\":2},{\"instrument_id\":19,\"quantity\":2},{\"instrument_id\":20,\"quantity\":1},{\"instrument_id\":22,\"quantity\":1},{\"instrument_id\":24,\"quantity\":1},{\"instrument_id\":25,\"quantity\":2},{\"instrument_id\":26,\"quantity\":1},{\"instrument_id\":27,\"quantity\":1},{\"instrument_id\":28,\"quantity\":1},{\"instrument_id\":29,\"quantity\":1},{\"instrument_id\":30,\"quantity\":4},{\"instrument_id\":31,\"quantity\":2},{\"instrument_id\":32,\"quantity\":2},{\"instrument_id\":33,\"quantity\":3},{\"instrument_id\":35,\"quantity\":2},{\"instrument_id\":36,\"quantity\":1},{\"instrument_id\":50,\"quantity\":1}]', 'printed', NULL, NULL, NULL, NULL, 0),
(202, '0F55CE26', 17, 27, 40, 4, NULL, 'set', 'CURET IBS', 1, '2025-07-06 12:41:01', '2025-07-13 12:41:01', 'expired', NULL, NULL, NULL, NULL, '[{\"instrument_id\":12,\"quantity\":1},{\"instrument_id\":15,\"quantity\":1},{\"instrument_id\":16,\"quantity\":1},{\"instrument_id\":17,\"quantity\":1},{\"instrument_id\":31,\"quantity\":1},{\"instrument_id\":32,\"quantity\":1},{\"instrument_id\":35,\"quantity\":1},{\"instrument_id\":70,\"quantity\":1},{\"instrument_id\":71,\"quantity\":1},{\"instrument_id\":72,\"quantity\":1},{\"instrument_id\":73,\"quantity\":1},{\"instrument_id\":74,\"quantity\":1},{\"instrument_id\":75,\"quantity\":1},{\"instrument_id\":76,\"quantity\":1},{\"instrument_id\":77,\"quantity\":1},{\"instrument_id\":78,\"quantity\":1},{\"instrument_id\":79,\"quantity\":1},{\"instrument_id\":80,\"quantity\":1},{\"instrument_id\":81,\"quantity\":1},{\"instrument_id\":82,\"quantity\":1}]', 'printed', NULL, NULL, NULL, NULL, 0),
(203, '376AE033', 27, 27, 40, 4, NULL, 'set', 'IBS Bedah 2', 1, '2025-07-06 12:41:01', '2025-07-13 12:41:01', 'expired', NULL, NULL, NULL, NULL, '[{\"instrument_id\":6,\"quantity\":5},{\"instrument_id\":10,\"quantity\":1},{\"instrument_id\":11,\"quantity\":4},{\"instrument_id\":12,\"quantity\":1},{\"instrument_id\":14,\"quantity\":1},{\"instrument_id\":15,\"quantity\":1},{\"instrument_id\":17,\"quantity\":5},{\"instrument_id\":18,\"quantity\":1},{\"instrument_id\":19,\"quantity\":1},{\"instrument_id\":20,\"quantity\":1},{\"instrument_id\":24,\"quantity\":2},{\"instrument_id\":25,\"quantity\":2},{\"instrument_id\":26,\"quantity\":1},{\"instrument_id\":27,\"quantity\":1},{\"instrument_id\":29,\"quantity\":1},{\"instrument_id\":30,\"quantity\":4},{\"instrument_id\":31,\"quantity\":2},{\"instrument_id\":32,\"quantity\":2},{\"instrument_id\":33,\"quantity\":2},{\"instrument_id\":35,\"quantity\":2},{\"instrument_id\":36,\"quantity\":1},{\"instrument_id\":37,\"quantity\":1},{\"instrument_id\":50,\"quantity\":1}]', 'printed', NULL, NULL, NULL, NULL, 0),
(204, '31BD2E3A', 45, 27, 40, 4, NULL, 'set', 'IBS Bedah 5', 1, '2025-07-06 12:41:01', '2025-07-13 12:41:01', 'expired', NULL, NULL, NULL, NULL, '[{\"instrument_id\":6,\"quantity\":4},{\"instrument_id\":10,\"quantity\":1},{\"instrument_id\":11,\"quantity\":4},{\"instrument_id\":12,\"quantity\":1},{\"instrument_id\":15,\"quantity\":1},{\"instrument_id\":16,\"quantity\":1},{\"instrument_id\":17,\"quantity\":5},{\"instrument_id\":18,\"quantity\":2},{\"instrument_id\":19,\"quantity\":2},{\"instrument_id\":22,\"quantity\":1},{\"instrument_id\":24,\"quantity\":1},{\"instrument_id\":25,\"quantity\":3},{\"instrument_id\":26,\"quantity\":1},{\"instrument_id\":27,\"quantity\":1},{\"instrument_id\":29,\"quantity\":1},{\"instrument_id\":30,\"quantity\":4},{\"instrument_id\":31,\"quantity\":2},{\"instrument_id\":32,\"quantity\":2},{\"instrument_id\":36,\"quantity\":1},{\"instrument_id\":50,\"quantity\":2}]', 'printed', NULL, NULL, NULL, NULL, 0),
(205, '5BCC80B3', 16, 27, 40, 4, NULL, 'set', 'SET THT IBS', 1, '2025-07-06 12:41:01', '2025-07-13 12:41:01', 'expired', NULL, NULL, NULL, NULL, '[{\"instrument_id\":17,\"quantity\":1},{\"instrument_id\":18,\"quantity\":1},{\"instrument_id\":24,\"quantity\":1},{\"instrument_id\":25,\"quantity\":1},{\"instrument_id\":26,\"quantity\":1},{\"instrument_id\":27,\"quantity\":1},{\"instrument_id\":29,\"quantity\":1},{\"instrument_id\":31,\"quantity\":1},{\"instrument_id\":32,\"quantity\":1},{\"instrument_id\":33,\"quantity\":1},{\"instrument_id\":49,\"quantity\":1},{\"instrument_id\":50,\"quantity\":1},{\"instrument_id\":51,\"quantity\":1},{\"instrument_id\":52,\"quantity\":1},{\"instrument_id\":53,\"quantity\":1},{\"instrument_id\":54,\"quantity\":1},{\"instrument_id\":55,\"quantity\":1},{\"instrument_id\":56,\"quantity\":1},{\"instrument_id\":57,\"quantity\":1},{\"instrument_id\":58,\"quantity\":1},{\"instrument_id\":59,\"quantity\":1},{\"instrument_id\":60,\"quantity\":1},{\"instrument_id\":61,\"quantity\":1},{\"instrument_id\":62,\"quantity\":1},{\"instrument_id\":63,\"quantity\":1},{\"instrument_id\":64,\"quantity\":1},{\"instrument_id\":65,\"quantity\":1},{\"instrument_id\":66,\"quantity\":1},{\"instrument_id\":67,\"quantity\":1},{\"instrument_id\":68,\"quantity\":1}]', 'printed', NULL, NULL, NULL, NULL, 0),
(206, '112FD2A2', 17, 27, 40, 4, NULL, 'set', 'CURET IBS', 1, '2025-07-06 12:41:46', '2025-07-13 12:41:46', 'expired', NULL, NULL, NULL, NULL, '[{\"instrument_id\":12,\"quantity\":1},{\"instrument_id\":15,\"quantity\":1},{\"instrument_id\":16,\"quantity\":1},{\"instrument_id\":17,\"quantity\":1},{\"instrument_id\":31,\"quantity\":1},{\"instrument_id\":32,\"quantity\":1},{\"instrument_id\":35,\"quantity\":1},{\"instrument_id\":70,\"quantity\":1},{\"instrument_id\":71,\"quantity\":1},{\"instrument_id\":72,\"quantity\":1},{\"instrument_id\":73,\"quantity\":1},{\"instrument_id\":74,\"quantity\":1},{\"instrument_id\":75,\"quantity\":1},{\"instrument_id\":76,\"quantity\":1},{\"instrument_id\":77,\"quantity\":1},{\"instrument_id\":78,\"quantity\":1},{\"instrument_id\":79,\"quantity\":1},{\"instrument_id\":80,\"quantity\":1},{\"instrument_id\":81,\"quantity\":1},{\"instrument_id\":82,\"quantity\":1}]', 'printed', NULL, NULL, NULL, NULL, 0),
(207, 'C1C6EA18', 27, 27, 40, 4, NULL, 'set', 'IBS Bedah 2', 1, '2025-07-06 12:41:46', '2025-07-13 12:41:46', 'expired', NULL, NULL, NULL, NULL, '[{\"instrument_id\":6,\"quantity\":5},{\"instrument_id\":10,\"quantity\":1},{\"instrument_id\":11,\"quantity\":4},{\"instrument_id\":12,\"quantity\":1},{\"instrument_id\":14,\"quantity\":1},{\"instrument_id\":15,\"quantity\":1},{\"instrument_id\":17,\"quantity\":5},{\"instrument_id\":18,\"quantity\":1},{\"instrument_id\":19,\"quantity\":1},{\"instrument_id\":20,\"quantity\":1},{\"instrument_id\":24,\"quantity\":2},{\"instrument_id\":25,\"quantity\":2},{\"instrument_id\":26,\"quantity\":1},{\"instrument_id\":27,\"quantity\":1},{\"instrument_id\":29,\"quantity\":1},{\"instrument_id\":30,\"quantity\":4},{\"instrument_id\":31,\"quantity\":2},{\"instrument_id\":32,\"quantity\":2},{\"instrument_id\":33,\"quantity\":2},{\"instrument_id\":35,\"quantity\":2},{\"instrument_id\":36,\"quantity\":1},{\"instrument_id\":37,\"quantity\":1},{\"instrument_id\":50,\"quantity\":1}]', 'printed', NULL, NULL, NULL, NULL, 0),
(208, 'F2D10156', 45, 27, 40, 4, NULL, 'set', 'IBS Bedah 5', 1, '2025-07-06 12:41:46', '2025-07-13 12:41:46', 'expired', NULL, NULL, NULL, NULL, '[{\"instrument_id\":6,\"quantity\":4},{\"instrument_id\":10,\"quantity\":1},{\"instrument_id\":11,\"quantity\":4},{\"instrument_id\":12,\"quantity\":1},{\"instrument_id\":15,\"quantity\":1},{\"instrument_id\":16,\"quantity\":1},{\"instrument_id\":17,\"quantity\":5},{\"instrument_id\":18,\"quantity\":2},{\"instrument_id\":19,\"quantity\":2},{\"instrument_id\":22,\"quantity\":1},{\"instrument_id\":24,\"quantity\":1},{\"instrument_id\":25,\"quantity\":3},{\"instrument_id\":26,\"quantity\":1},{\"instrument_id\":27,\"quantity\":1},{\"instrument_id\":29,\"quantity\":1},{\"instrument_id\":30,\"quantity\":4},{\"instrument_id\":31,\"quantity\":2},{\"instrument_id\":32,\"quantity\":2},{\"instrument_id\":36,\"quantity\":1},{\"instrument_id\":50,\"quantity\":2}]', 'printed', NULL, NULL, NULL, NULL, 0),
(209, '1ED8FF78', 16, 27, 40, 4, NULL, 'set', 'SET THT IBS', 1, '2025-07-06 12:41:46', '2025-07-13 12:41:46', 'expired', NULL, NULL, NULL, NULL, '[{\"instrument_id\":17,\"quantity\":1},{\"instrument_id\":18,\"quantity\":1},{\"instrument_id\":24,\"quantity\":1},{\"instrument_id\":25,\"quantity\":1},{\"instrument_id\":26,\"quantity\":1},{\"instrument_id\":27,\"quantity\":1},{\"instrument_id\":29,\"quantity\":1},{\"instrument_id\":31,\"quantity\":1},{\"instrument_id\":32,\"quantity\":1},{\"instrument_id\":33,\"quantity\":1},{\"instrument_id\":49,\"quantity\":1},{\"instrument_id\":50,\"quantity\":1},{\"instrument_id\":51,\"quantity\":1},{\"instrument_id\":52,\"quantity\":1},{\"instrument_id\":53,\"quantity\":1},{\"instrument_id\":54,\"quantity\":1},{\"instrument_id\":55,\"quantity\":1},{\"instrument_id\":56,\"quantity\":1},{\"instrument_id\":57,\"quantity\":1},{\"instrument_id\":58,\"quantity\":1},{\"instrument_id\":59,\"quantity\":1},{\"instrument_id\":60,\"quantity\":1},{\"instrument_id\":61,\"quantity\":1},{\"instrument_id\":62,\"quantity\":1},{\"instrument_id\":63,\"quantity\":1},{\"instrument_id\":64,\"quantity\":1},{\"instrument_id\":65,\"quantity\":1},{\"instrument_id\":66,\"quantity\":1},{\"instrument_id\":67,\"quantity\":1},{\"instrument_id\":68,\"quantity\":1}]', 'printed', NULL, NULL, NULL, NULL, 0),
(210, '2D18A54B', 17, 27, 40, 4, NULL, 'set', 'CURET IBS', 1, '2025-07-06 12:42:31', '2025-07-13 12:42:31', 'expired', NULL, NULL, NULL, NULL, '[{\"instrument_id\":12,\"quantity\":1},{\"instrument_id\":15,\"quantity\":1},{\"instrument_id\":16,\"quantity\":1},{\"instrument_id\":17,\"quantity\":1},{\"instrument_id\":31,\"quantity\":1},{\"instrument_id\":32,\"quantity\":1},{\"instrument_id\":35,\"quantity\":1},{\"instrument_id\":70,\"quantity\":1},{\"instrument_id\":71,\"quantity\":1},{\"instrument_id\":72,\"quantity\":1},{\"instrument_id\":73,\"quantity\":1},{\"instrument_id\":74,\"quantity\":1},{\"instrument_id\":75,\"quantity\":1},{\"instrument_id\":76,\"quantity\":1},{\"instrument_id\":77,\"quantity\":1},{\"instrument_id\":78,\"quantity\":1},{\"instrument_id\":79,\"quantity\":1},{\"instrument_id\":80,\"quantity\":1},{\"instrument_id\":81,\"quantity\":1},{\"instrument_id\":82,\"quantity\":1}]', 'pending', NULL, NULL, NULL, NULL, 0),
(211, '64615221', 27, 27, 40, 4, NULL, 'set', 'IBS Bedah 2', 1, '2025-07-06 12:42:31', '2025-07-13 12:42:31', 'expired', NULL, NULL, NULL, NULL, '[{\"instrument_id\":6,\"quantity\":5},{\"instrument_id\":10,\"quantity\":1},{\"instrument_id\":11,\"quantity\":4},{\"instrument_id\":12,\"quantity\":1},{\"instrument_id\":14,\"quantity\":1},{\"instrument_id\":15,\"quantity\":1},{\"instrument_id\":17,\"quantity\":5},{\"instrument_id\":18,\"quantity\":1},{\"instrument_id\":19,\"quantity\":1},{\"instrument_id\":20,\"quantity\":1},{\"instrument_id\":24,\"quantity\":2},{\"instrument_id\":25,\"quantity\":2},{\"instrument_id\":26,\"quantity\":1},{\"instrument_id\":27,\"quantity\":1},{\"instrument_id\":29,\"quantity\":1},{\"instrument_id\":30,\"quantity\":4},{\"instrument_id\":31,\"quantity\":2},{\"instrument_id\":32,\"quantity\":2},{\"instrument_id\":33,\"quantity\":2},{\"instrument_id\":35,\"quantity\":2},{\"instrument_id\":36,\"quantity\":1},{\"instrument_id\":37,\"quantity\":1},{\"instrument_id\":50,\"quantity\":1}]', 'pending', NULL, NULL, NULL, NULL, 0),
(212, 'E925BFB5', 45, 27, 40, 4, NULL, 'set', 'IBS Bedah 5', 1, '2025-07-06 12:42:31', '2025-07-13 12:42:31', 'expired', NULL, NULL, NULL, NULL, '[{\"instrument_id\":6,\"quantity\":4},{\"instrument_id\":10,\"quantity\":1},{\"instrument_id\":11,\"quantity\":4},{\"instrument_id\":12,\"quantity\":1},{\"instrument_id\":15,\"quantity\":1},{\"instrument_id\":16,\"quantity\":1},{\"instrument_id\":17,\"quantity\":5},{\"instrument_id\":18,\"quantity\":2},{\"instrument_id\":19,\"quantity\":2},{\"instrument_id\":22,\"quantity\":1},{\"instrument_id\":24,\"quantity\":1},{\"instrument_id\":25,\"quantity\":3},{\"instrument_id\":26,\"quantity\":1},{\"instrument_id\":27,\"quantity\":1},{\"instrument_id\":29,\"quantity\":1},{\"instrument_id\":30,\"quantity\":4},{\"instrument_id\":31,\"quantity\":2},{\"instrument_id\":32,\"quantity\":2},{\"instrument_id\":36,\"quantity\":1},{\"instrument_id\":50,\"quantity\":2}]', 'pending', NULL, NULL, NULL, NULL, 0),
(213, 'A53C6A74', 16, 27, 40, 4, NULL, 'set', 'SET THT IBS', 1, '2025-07-06 12:42:31', '2025-07-13 12:42:31', 'expired', NULL, NULL, NULL, NULL, '[{\"instrument_id\":17,\"quantity\":1},{\"instrument_id\":18,\"quantity\":1},{\"instrument_id\":24,\"quantity\":1},{\"instrument_id\":25,\"quantity\":1},{\"instrument_id\":26,\"quantity\":1},{\"instrument_id\":27,\"quantity\":1},{\"instrument_id\":29,\"quantity\":1},{\"instrument_id\":31,\"quantity\":1},{\"instrument_id\":32,\"quantity\":1},{\"instrument_id\":33,\"quantity\":1},{\"instrument_id\":49,\"quantity\":1},{\"instrument_id\":50,\"quantity\":1},{\"instrument_id\":51,\"quantity\":1},{\"instrument_id\":52,\"quantity\":1},{\"instrument_id\":53,\"quantity\":1},{\"instrument_id\":54,\"quantity\":1},{\"instrument_id\":55,\"quantity\":1},{\"instrument_id\":56,\"quantity\":1},{\"instrument_id\":57,\"quantity\":1},{\"instrument_id\":58,\"quantity\":1},{\"instrument_id\":59,\"quantity\":1},{\"instrument_id\":60,\"quantity\":1},{\"instrument_id\":61,\"quantity\":1},{\"instrument_id\":62,\"quantity\":1},{\"instrument_id\":63,\"quantity\":1},{\"instrument_id\":64,\"quantity\":1},{\"instrument_id\":65,\"quantity\":1},{\"instrument_id\":66,\"quantity\":1},{\"instrument_id\":67,\"quantity\":1},{\"instrument_id\":68,\"quantity\":1}]', 'pending', NULL, NULL, NULL, NULL, 0),
(214, 'CB5A33C4', 17, 28, 42, 4, NULL, 'set', 'CURET IBS', 1, '2025-07-06 12:51:02', '2025-07-13 12:51:02', 'expired', NULL, NULL, NULL, NULL, '[{\"instrument_id\":70,\"quantity\":1},{\"instrument_id\":71,\"quantity\":1},{\"instrument_id\":72,\"quantity\":1},{\"instrument_id\":73,\"quantity\":1},{\"instrument_id\":74,\"quantity\":1},{\"instrument_id\":75,\"quantity\":1},{\"instrument_id\":76,\"quantity\":1},{\"instrument_id\":77,\"quantity\":1},{\"instrument_id\":78,\"quantity\":1},{\"instrument_id\":80,\"quantity\":1},{\"instrument_id\":81,\"quantity\":1},{\"instrument_id\":79,\"quantity\":1},{\"instrument_id\":82,\"quantity\":1},{\"instrument_id\":12,\"quantity\":1},{\"instrument_id\":15,\"quantity\":1},{\"instrument_id\":16,\"quantity\":1},{\"instrument_id\":17,\"quantity\":1},{\"instrument_id\":31,\"quantity\":1},{\"instrument_id\":32,\"quantity\":1},{\"instrument_id\":35,\"quantity\":1}]', 'printed', NULL, NULL, NULL, NULL, 0),
(215, 'CD3238FA', 22, 28, 42, 4, NULL, 'set', 'IBS Bedah 1 bak panjang ram', 1, '2025-07-06 12:51:02', '2025-07-13 12:51:02', 'expired', NULL, NULL, NULL, NULL, '[{\"instrument_id\":6,\"quantity\":4},{\"instrument_id\":7,\"quantity\":3},{\"instrument_id\":10,\"quantity\":2},{\"instrument_id\":11,\"quantity\":5},{\"instrument_id\":12,\"quantity\":1},{\"instrument_id\":13,\"quantity\":1},{\"instrument_id\":14,\"quantity\":1},{\"instrument_id\":15,\"quantity\":1},{\"instrument_id\":17,\"quantity\":5},{\"instrument_id\":18,\"quantity\":1},{\"instrument_id\":19,\"quantity\":1},{\"instrument_id\":22,\"quantity\":1},{\"instrument_id\":25,\"quantity\":5},{\"instrument_id\":26,\"quantity\":1},{\"instrument_id\":27,\"quantity\":1},{\"instrument_id\":29,\"quantity\":1},{\"instrument_id\":30,\"quantity\":1},{\"instrument_id\":31,\"quantity\":2},{\"instrument_id\":32,\"quantity\":2},{\"instrument_id\":33,\"quantity\":1},{\"instrument_id\":35,\"quantity\":1},{\"instrument_id\":36,\"quantity\":1},{\"instrument_id\":37,\"quantity\":1},{\"instrument_id\":50,\"quantity\":2}]', 'printed', NULL, NULL, NULL, NULL, 0),
(216, '5F3B836E', 16, 28, 42, 4, NULL, 'set', 'SET THT IBS', 1, '2025-07-06 12:51:02', '2025-07-13 12:51:02', 'expired', NULL, NULL, NULL, NULL, '[{\"instrument_id\":17,\"quantity\":1},{\"instrument_id\":18,\"quantity\":1},{\"instrument_id\":24,\"quantity\":1},{\"instrument_id\":25,\"quantity\":1},{\"instrument_id\":26,\"quantity\":1},{\"instrument_id\":27,\"quantity\":1},{\"instrument_id\":29,\"quantity\":1},{\"instrument_id\":31,\"quantity\":1},{\"instrument_id\":32,\"quantity\":1},{\"instrument_id\":33,\"quantity\":1},{\"instrument_id\":49,\"quantity\":1},{\"instrument_id\":50,\"quantity\":1},{\"instrument_id\":51,\"quantity\":1},{\"instrument_id\":52,\"quantity\":1},{\"instrument_id\":53,\"quantity\":1},{\"instrument_id\":54,\"quantity\":1},{\"instrument_id\":55,\"quantity\":1},{\"instrument_id\":56,\"quantity\":1},{\"instrument_id\":57,\"quantity\":1},{\"instrument_id\":58,\"quantity\":1},{\"instrument_id\":59,\"quantity\":1},{\"instrument_id\":60,\"quantity\":1},{\"instrument_id\":61,\"quantity\":1},{\"instrument_id\":62,\"quantity\":1},{\"instrument_id\":63,\"quantity\":1},{\"instrument_id\":64,\"quantity\":1},{\"instrument_id\":65,\"quantity\":1},{\"instrument_id\":66,\"quantity\":1},{\"instrument_id\":67,\"quantity\":1},{\"instrument_id\":68,\"quantity\":1}]', 'printed', NULL, NULL, NULL, NULL, 0),
(217, '6F7EAB22', 46, 29, 38, 1, 161, 'set', 'IBS Bedah 3', 1, '2025-07-06 15:56:03', '2025-07-13 15:56:03', 'expired', NULL, NULL, NULL, NULL, '[{\"instrument_id\":5,\"quantity\":2},{\"instrument_id\":6,\"quantity\":4},{\"instrument_id\":7,\"quantity\":2},{\"instrument_id\":10,\"quantity\":4},{\"instrument_id\":11,\"quantity\":4},{\"instrument_id\":12,\"quantity\":1},{\"instrument_id\":15,\"quantity\":1},{\"instrument_id\":16,\"quantity\":1},{\"instrument_id\":17,\"quantity\":5},{\"instrument_id\":18,\"quantity\":2},{\"instrument_id\":19,\"quantity\":2},{\"instrument_id\":20,\"quantity\":1},{\"instrument_id\":22,\"quantity\":1},{\"instrument_id\":24,\"quantity\":1},{\"instrument_id\":25,\"quantity\":2},{\"instrument_id\":26,\"quantity\":1},{\"instrument_id\":27,\"quantity\":1},{\"instrument_id\":28,\"quantity\":1},{\"instrument_id\":29,\"quantity\":1},{\"instrument_id\":30,\"quantity\":4},{\"instrument_id\":31,\"quantity\":2},{\"instrument_id\":32,\"quantity\":2},{\"instrument_id\":33,\"quantity\":3},{\"instrument_id\":35,\"quantity\":2},{\"instrument_id\":36,\"quantity\":1},{\"instrument_id\":50,\"quantity\":1}]', 'printed', NULL, NULL, NULL, NULL, 0),
(218, 'B0C802D0', 19, 29, 38, 1, 162, 'instrument', 'Gunting benang', 1, '2025-07-06 15:56:03', '2025-07-13 15:56:03', 'expired', NULL, NULL, NULL, NULL, NULL, 'printed', NULL, NULL, NULL, NULL, 0),
(219, 'E9F1EF9F', 17, 27, 40, 4, 154, 'set', 'CURET IBS', 1, '2025-07-06 16:27:48', '2025-07-13 16:27:48', 'expired', NULL, NULL, NULL, NULL, '[{\"instrument_id\":12,\"quantity\":1},{\"instrument_id\":15,\"quantity\":1},{\"instrument_id\":16,\"quantity\":1},{\"instrument_id\":17,\"quantity\":1},{\"instrument_id\":31,\"quantity\":1},{\"instrument_id\":32,\"quantity\":1},{\"instrument_id\":35,\"quantity\":1},{\"instrument_id\":70,\"quantity\":1},{\"instrument_id\":71,\"quantity\":1},{\"instrument_id\":72,\"quantity\":1},{\"instrument_id\":73,\"quantity\":1},{\"instrument_id\":74,\"quantity\":1},{\"instrument_id\":75,\"quantity\":1},{\"instrument_id\":76,\"quantity\":1},{\"instrument_id\":77,\"quantity\":1},{\"instrument_id\":78,\"quantity\":1},{\"instrument_id\":79,\"quantity\":1},{\"instrument_id\":80,\"quantity\":1},{\"instrument_id\":81,\"quantity\":1},{\"instrument_id\":82,\"quantity\":1}]', 'printed', NULL, NULL, NULL, NULL, 0),
(220, 'AF914B11', 27, 27, 40, 4, 155, 'set', 'IBS Bedah 2', 1, '2025-07-06 16:27:48', '2025-07-13 16:27:48', 'expired', NULL, NULL, NULL, NULL, '[{\"instrument_id\":6,\"quantity\":5},{\"instrument_id\":10,\"quantity\":1},{\"instrument_id\":11,\"quantity\":4},{\"instrument_id\":12,\"quantity\":1},{\"instrument_id\":14,\"quantity\":1},{\"instrument_id\":15,\"quantity\":1},{\"instrument_id\":17,\"quantity\":5},{\"instrument_id\":18,\"quantity\":1},{\"instrument_id\":19,\"quantity\":1},{\"instrument_id\":20,\"quantity\":1},{\"instrument_id\":24,\"quantity\":2},{\"instrument_id\":25,\"quantity\":2},{\"instrument_id\":26,\"quantity\":1},{\"instrument_id\":27,\"quantity\":1},{\"instrument_id\":29,\"quantity\":1},{\"instrument_id\":30,\"quantity\":4},{\"instrument_id\":31,\"quantity\":2},{\"instrument_id\":32,\"quantity\":2},{\"instrument_id\":33,\"quantity\":2},{\"instrument_id\":35,\"quantity\":2},{\"instrument_id\":36,\"quantity\":1},{\"instrument_id\":37,\"quantity\":1},{\"instrument_id\":50,\"quantity\":1}]', 'printed', NULL, NULL, NULL, NULL, 0),
(221, 'CEFCFA63', 45, 27, 40, 4, 156, 'set', 'IBS Bedah 5', 1, '2025-07-06 16:27:48', '2025-07-13 16:27:48', 'expired', NULL, NULL, NULL, NULL, '[{\"instrument_id\":6,\"quantity\":4},{\"instrument_id\":10,\"quantity\":1},{\"instrument_id\":11,\"quantity\":4},{\"instrument_id\":12,\"quantity\":1},{\"instrument_id\":15,\"quantity\":1},{\"instrument_id\":16,\"quantity\":1},{\"instrument_id\":17,\"quantity\":5},{\"instrument_id\":18,\"quantity\":2},{\"instrument_id\":19,\"quantity\":2},{\"instrument_id\":22,\"quantity\":1},{\"instrument_id\":24,\"quantity\":1},{\"instrument_id\":25,\"quantity\":3},{\"instrument_id\":26,\"quantity\":1},{\"instrument_id\":27,\"quantity\":1},{\"instrument_id\":29,\"quantity\":1},{\"instrument_id\":30,\"quantity\":4},{\"instrument_id\":31,\"quantity\":2},{\"instrument_id\":32,\"quantity\":2},{\"instrument_id\":36,\"quantity\":1},{\"instrument_id\":50,\"quantity\":2}]', 'printed', NULL, NULL, NULL, NULL, 0),
(222, 'B40C2C73', 16, 27, 40, 4, 157, 'set', 'SET THT IBS', 1, '2025-07-06 16:27:48', '2025-07-13 16:27:48', 'expired', NULL, NULL, NULL, NULL, '[{\"instrument_id\":17,\"quantity\":1},{\"instrument_id\":18,\"quantity\":1},{\"instrument_id\":24,\"quantity\":1},{\"instrument_id\":25,\"quantity\":1},{\"instrument_id\":26,\"quantity\":1},{\"instrument_id\":27,\"quantity\":1},{\"instrument_id\":29,\"quantity\":1},{\"instrument_id\":31,\"quantity\":1},{\"instrument_id\":32,\"quantity\":1},{\"instrument_id\":33,\"quantity\":1},{\"instrument_id\":49,\"quantity\":1},{\"instrument_id\":50,\"quantity\":1},{\"instrument_id\":51,\"quantity\":1},{\"instrument_id\":52,\"quantity\":1},{\"instrument_id\":53,\"quantity\":1},{\"instrument_id\":54,\"quantity\":1},{\"instrument_id\":55,\"quantity\":1},{\"instrument_id\":56,\"quantity\":1},{\"instrument_id\":57,\"quantity\":1},{\"instrument_id\":58,\"quantity\":1},{\"instrument_id\":59,\"quantity\":1},{\"instrument_id\":60,\"quantity\":1},{\"instrument_id\":61,\"quantity\":1},{\"instrument_id\":62,\"quantity\":1},{\"instrument_id\":63,\"quantity\":1},{\"instrument_id\":64,\"quantity\":1},{\"instrument_id\":65,\"quantity\":1},{\"instrument_id\":66,\"quantity\":1},{\"instrument_id\":67,\"quantity\":1},{\"instrument_id\":68,\"quantity\":1}]', 'printed', NULL, NULL, NULL, NULL, 0),
(223, '52D16694', 17, 28, 42, 4, 158, 'set', 'CURET IBS', 1, '2025-07-06 16:33:45', '2025-07-13 16:33:45', 'expired', NULL, NULL, NULL, NULL, '[{\"instrument_id\":70,\"quantity\":1},{\"instrument_id\":71,\"quantity\":1},{\"instrument_id\":72,\"quantity\":1},{\"instrument_id\":73,\"quantity\":1},{\"instrument_id\":74,\"quantity\":1},{\"instrument_id\":75,\"quantity\":1},{\"instrument_id\":76,\"quantity\":1},{\"instrument_id\":77,\"quantity\":1},{\"instrument_id\":78,\"quantity\":1},{\"instrument_id\":80,\"quantity\":1},{\"instrument_id\":81,\"quantity\":1},{\"instrument_id\":79,\"quantity\":1},{\"instrument_id\":82,\"quantity\":1},{\"instrument_id\":12,\"quantity\":1},{\"instrument_id\":15,\"quantity\":1},{\"instrument_id\":16,\"quantity\":1},{\"instrument_id\":17,\"quantity\":1},{\"instrument_id\":31,\"quantity\":1},{\"instrument_id\":32,\"quantity\":1},{\"instrument_id\":35,\"quantity\":1}]', 'printed', NULL, NULL, NULL, NULL, 17),
(224, '1F5F068A', 22, 28, 42, 4, 159, 'set', 'IBS Bedah 1 bak panjang ram', 1, '2025-07-06 16:33:45', '2025-07-13 16:33:45', 'expired', NULL, NULL, NULL, NULL, '[{\"instrument_id\":6,\"quantity\":4},{\"instrument_id\":7,\"quantity\":3},{\"instrument_id\":10,\"quantity\":2},{\"instrument_id\":11,\"quantity\":5},{\"instrument_id\":12,\"quantity\":1},{\"instrument_id\":13,\"quantity\":1},{\"instrument_id\":14,\"quantity\":1},{\"instrument_id\":15,\"quantity\":1},{\"instrument_id\":17,\"quantity\":5},{\"instrument_id\":18,\"quantity\":1},{\"instrument_id\":19,\"quantity\":1},{\"instrument_id\":22,\"quantity\":1},{\"instrument_id\":25,\"quantity\":5},{\"instrument_id\":26,\"quantity\":1},{\"instrument_id\":27,\"quantity\":1},{\"instrument_id\":29,\"quantity\":1},{\"instrument_id\":30,\"quantity\":1},{\"instrument_id\":31,\"quantity\":2},{\"instrument_id\":32,\"quantity\":2},{\"instrument_id\":33,\"quantity\":1},{\"instrument_id\":35,\"quantity\":1},{\"instrument_id\":36,\"quantity\":1},{\"instrument_id\":37,\"quantity\":1},{\"instrument_id\":50,\"quantity\":2}]', 'printed', NULL, NULL, NULL, NULL, 17),
(225, '8EB14A03', 16, 28, 42, 4, 160, 'set', 'SET THT IBS', 1, '2025-07-06 16:33:45', '2025-07-13 16:33:45', 'expired', NULL, NULL, NULL, NULL, '[{\"instrument_id\":17,\"quantity\":1},{\"instrument_id\":18,\"quantity\":1},{\"instrument_id\":24,\"quantity\":1},{\"instrument_id\":25,\"quantity\":1},{\"instrument_id\":26,\"quantity\":1},{\"instrument_id\":27,\"quantity\":1},{\"instrument_id\":29,\"quantity\":1},{\"instrument_id\":31,\"quantity\":1},{\"instrument_id\":32,\"quantity\":1},{\"instrument_id\":33,\"quantity\":1},{\"instrument_id\":49,\"quantity\":1},{\"instrument_id\":50,\"quantity\":1},{\"instrument_id\":51,\"quantity\":1},{\"instrument_id\":52,\"quantity\":1},{\"instrument_id\":53,\"quantity\":1},{\"instrument_id\":54,\"quantity\":1},{\"instrument_id\":55,\"quantity\":1},{\"instrument_id\":56,\"quantity\":1},{\"instrument_id\":57,\"quantity\":1},{\"instrument_id\":58,\"quantity\":1},{\"instrument_id\":59,\"quantity\":1},{\"instrument_id\":60,\"quantity\":1},{\"instrument_id\":61,\"quantity\":1},{\"instrument_id\":62,\"quantity\":1},{\"instrument_id\":63,\"quantity\":1},{\"instrument_id\":64,\"quantity\":1},{\"instrument_id\":65,\"quantity\":1},{\"instrument_id\":66,\"quantity\":1},{\"instrument_id\":67,\"quantity\":1},{\"instrument_id\":68,\"quantity\":1}]', 'printed', NULL, NULL, NULL, NULL, 17),
(226, '7CDCE789', 27, 30, 39, 4, 163, 'set', 'IBS Bedah 2', 1, '2025-07-06 23:37:28', '2025-08-05 23:37:28', 'expired', NULL, NULL, NULL, NULL, '[{\"instrument_id\":6,\"quantity\":5},{\"instrument_id\":10,\"quantity\":1},{\"instrument_id\":11,\"quantity\":4},{\"instrument_id\":12,\"quantity\":1},{\"instrument_id\":14,\"quantity\":1},{\"instrument_id\":15,\"quantity\":1},{\"instrument_id\":17,\"quantity\":5},{\"instrument_id\":18,\"quantity\":1},{\"instrument_id\":19,\"quantity\":1},{\"instrument_id\":20,\"quantity\":1},{\"instrument_id\":24,\"quantity\":2},{\"instrument_id\":25,\"quantity\":2},{\"instrument_id\":26,\"quantity\":1},{\"instrument_id\":27,\"quantity\":1},{\"instrument_id\":29,\"quantity\":1},{\"instrument_id\":30,\"quantity\":4},{\"instrument_id\":31,\"quantity\":2},{\"instrument_id\":32,\"quantity\":2},{\"instrument_id\":33,\"quantity\":2},{\"instrument_id\":35,\"quantity\":2},{\"instrument_id\":36,\"quantity\":1},{\"instrument_id\":37,\"quantity\":1},{\"instrument_id\":50,\"quantity\":1}]', 'printed', NULL, NULL, NULL, NULL, 1),
(227, '292C1871', 39, 31, 43, 8, 164, 'instrument', 'BOOR MIOMA', 5, '2025-07-07 02:18:11', '2025-08-06 02:18:11', 'expired', NULL, NULL, NULL, NULL, NULL, 'printed', NULL, NULL, NULL, NULL, 9),
(228, '533A5059', 40, 31, 43, 8, 165, 'instrument', 'TIMAN', 5, '2025-07-07 02:18:11', '2025-08-06 02:18:11', 'expired', NULL, NULL, NULL, NULL, NULL, 'printed', NULL, NULL, NULL, NULL, 6),
(229, '79457E17', 22, 33, 45, 4, 172, 'set', 'IBS Bedah 1 bak panjang ram', 1, '2025-07-09 04:05:11', '2025-08-08 04:05:11', 'expired', NULL, NULL, NULL, NULL, '[{\"instrument_id\":6,\"quantity\":4},{\"instrument_id\":7,\"quantity\":3},{\"instrument_id\":10,\"quantity\":2},{\"instrument_id\":11,\"quantity\":5},{\"instrument_id\":12,\"quantity\":1},{\"instrument_id\":13,\"quantity\":1},{\"instrument_id\":14,\"quantity\":1},{\"instrument_id\":15,\"quantity\":1},{\"instrument_id\":17,\"quantity\":5},{\"instrument_id\":18,\"quantity\":1},{\"instrument_id\":19,\"quantity\":1},{\"instrument_id\":22,\"quantity\":1},{\"instrument_id\":25,\"quantity\":5},{\"instrument_id\":26,\"quantity\":1},{\"instrument_id\":27,\"quantity\":1},{\"instrument_id\":29,\"quantity\":1},{\"instrument_id\":30,\"quantity\":1},{\"instrument_id\":31,\"quantity\":2},{\"instrument_id\":32,\"quantity\":2},{\"instrument_id\":33,\"quantity\":1},{\"instrument_id\":35,\"quantity\":1},{\"instrument_id\":36,\"quantity\":1},{\"instrument_id\":37,\"quantity\":1},{\"instrument_id\":50,\"quantity\":2}]', 'printed', NULL, NULL, NULL, NULL, 7),
(230, 'BD3CED76', 27, 33, 45, 4, 173, 'set', 'IBS Bedah 2', 1, '2025-07-09 04:05:11', '2025-08-08 04:05:11', 'expired', NULL, NULL, NULL, NULL, '[{\"instrument_id\":6,\"quantity\":5},{\"instrument_id\":10,\"quantity\":1},{\"instrument_id\":11,\"quantity\":4},{\"instrument_id\":12,\"quantity\":1},{\"instrument_id\":14,\"quantity\":1},{\"instrument_id\":15,\"quantity\":1},{\"instrument_id\":17,\"quantity\":5},{\"instrument_id\":18,\"quantity\":1},{\"instrument_id\":19,\"quantity\":1},{\"instrument_id\":20,\"quantity\":1},{\"instrument_id\":24,\"quantity\":2},{\"instrument_id\":25,\"quantity\":2},{\"instrument_id\":26,\"quantity\":1},{\"instrument_id\":27,\"quantity\":1},{\"instrument_id\":29,\"quantity\":1},{\"instrument_id\":30,\"quantity\":4},{\"instrument_id\":31,\"quantity\":2},{\"instrument_id\":32,\"quantity\":2},{\"instrument_id\":33,\"quantity\":2},{\"instrument_id\":35,\"quantity\":2},{\"instrument_id\":36,\"quantity\":1},{\"instrument_id\":37,\"quantity\":1},{\"instrument_id\":50,\"quantity\":1}]', 'printed', NULL, NULL, NULL, NULL, 7),
(231, 'F34156D0', 46, 33, 45, 4, 174, 'set', 'IBS Bedah 3', 1, '2025-07-09 04:05:11', '2025-08-08 04:05:11', 'expired', NULL, NULL, NULL, NULL, '[{\"instrument_id\":5,\"quantity\":2},{\"instrument_id\":6,\"quantity\":4},{\"instrument_id\":7,\"quantity\":2},{\"instrument_id\":10,\"quantity\":4},{\"instrument_id\":11,\"quantity\":4},{\"instrument_id\":12,\"quantity\":1},{\"instrument_id\":15,\"quantity\":1},{\"instrument_id\":16,\"quantity\":1},{\"instrument_id\":17,\"quantity\":5},{\"instrument_id\":18,\"quantity\":2},{\"instrument_id\":19,\"quantity\":2},{\"instrument_id\":20,\"quantity\":1},{\"instrument_id\":22,\"quantity\":1},{\"instrument_id\":24,\"quantity\":1},{\"instrument_id\":25,\"quantity\":2},{\"instrument_id\":26,\"quantity\":1},{\"instrument_id\":27,\"quantity\":1},{\"instrument_id\":28,\"quantity\":1},{\"instrument_id\":29,\"quantity\":1},{\"instrument_id\":30,\"quantity\":4},{\"instrument_id\":31,\"quantity\":2},{\"instrument_id\":32,\"quantity\":2},{\"instrument_id\":33,\"quantity\":3},{\"instrument_id\":35,\"quantity\":2},{\"instrument_id\":36,\"quantity\":1},{\"instrument_id\":50,\"quantity\":1}]', 'printed', NULL, NULL, NULL, NULL, 7),
(232, '6F964FEA', 45, 33, 45, 4, 175, 'set', 'IBS Bedah 5', 1, '2025-07-09 04:05:11', '2025-08-08 04:05:11', 'expired', NULL, NULL, NULL, NULL, '[{\"instrument_id\":6,\"quantity\":4},{\"instrument_id\":10,\"quantity\":1},{\"instrument_id\":11,\"quantity\":4},{\"instrument_id\":12,\"quantity\":1},{\"instrument_id\":15,\"quantity\":1},{\"instrument_id\":16,\"quantity\":1},{\"instrument_id\":17,\"quantity\":5},{\"instrument_id\":18,\"quantity\":2},{\"instrument_id\":19,\"quantity\":2},{\"instrument_id\":22,\"quantity\":1},{\"instrument_id\":24,\"quantity\":1},{\"instrument_id\":25,\"quantity\":3},{\"instrument_id\":26,\"quantity\":1},{\"instrument_id\":27,\"quantity\":1},{\"instrument_id\":29,\"quantity\":1},{\"instrument_id\":30,\"quantity\":4},{\"instrument_id\":31,\"quantity\":2},{\"instrument_id\":32,\"quantity\":2},{\"instrument_id\":36,\"quantity\":1},{\"instrument_id\":50,\"quantity\":2}]', 'printed', NULL, NULL, NULL, NULL, 7),
(233, 'BAB9BBC7', 28, 33, 45, 4, 176, 'set', 'IBS Kandungan 1', 1, '2025-07-09 04:05:11', '2025-08-08 04:05:11', 'expired', NULL, NULL, NULL, NULL, '[{\"instrument_id\":6,\"quantity\":5},{\"instrument_id\":7,\"quantity\":3},{\"instrument_id\":11,\"quantity\":2},{\"instrument_id\":12,\"quantity\":1},{\"instrument_id\":14,\"quantity\":1},{\"instrument_id\":15,\"quantity\":1},{\"instrument_id\":16,\"quantity\":1},{\"instrument_id\":17,\"quantity\":5},{\"instrument_id\":18,\"quantity\":1},{\"instrument_id\":19,\"quantity\":1},{\"instrument_id\":20,\"quantity\":1},{\"instrument_id\":22,\"quantity\":1},{\"instrument_id\":23,\"quantity\":1},{\"instrument_id\":24,\"quantity\":1},{\"instrument_id\":25,\"quantity\":1},{\"instrument_id\":26,\"quantity\":1},{\"instrument_id\":27,\"quantity\":1},{\"instrument_id\":28,\"quantity\":1},{\"instrument_id\":29,\"quantity\":1},{\"instrument_id\":31,\"quantity\":2},{\"instrument_id\":32,\"quantity\":2},{\"instrument_id\":33,\"quantity\":2},{\"instrument_id\":35,\"quantity\":5},{\"instrument_id\":36,\"quantity\":1},{\"instrument_id\":40,\"quantity\":1},{\"instrument_id\":50,\"quantity\":1}]', 'printed', NULL, NULL, NULL, NULL, 7),
(234, '413FD9A3', 67, 34, 47, 1, 177, 'set', 'BPH', 1, '2025-07-09 04:11:26', '2025-08-08 04:11:26', 'expired', NULL, NULL, NULL, NULL, '[]', 'printed', NULL, NULL, NULL, NULL, 2),
(235, 'EAD3E2A6', 68, 34, 47, 1, 178, 'set', 'Bph', 1, '2025-07-09 04:11:26', '2025-08-08 04:11:26', 'expired', NULL, NULL, NULL, NULL, '[]', 'printed', NULL, NULL, NULL, NULL, 2),
(236, '7D162560', 69, 34, 47, 1, 179, 'set', 'BPH', 1, '2025-07-09 04:11:26', '2025-08-08 04:11:26', 'expired', NULL, NULL, NULL, NULL, '[]', 'printed', NULL, NULL, NULL, NULL, 2),
(237, '2DE01A9C', 70, 34, 47, 1, 180, 'set', 'BPH', 1, '2025-07-09 04:11:26', '2025-08-08 04:11:26', 'expired', NULL, NULL, NULL, NULL, '[]', 'printed', NULL, NULL, NULL, NULL, 2),
(238, '509B4477', 71, 34, 47, 1, 181, 'set', 'BPH', 1, '2025-07-09 04:11:26', '2025-08-18 04:11:26', 'expired', NULL, NULL, NULL, NULL, '[]', 'printed', NULL, NULL, NULL, NULL, 2),
(239, 'B32DC45E', 67, 35, 53, 1, 182, 'set', 'BPH', 1, '2025-07-09 04:15:14', '2025-08-08 04:15:14', 'used', '2025-07-09 04:57:29', NULL, NULL, 'USED: 09-07-2025 11:57 - Oleh: Digunakan oleh Dr. Budi\nAuthorized oleh Suster Dewi\nCATATAN INTERNAL: Aksi dilakukan dari IP: 101.128.90.62 | Perangkat: Mozilla/5.0 (Windows NT 10.0; Win64; x64) AppleWebKit/537.36 (KHTML, like Gecko) Chrome/137.0.0.0 Safari/537.36\n-----------------\n', '[]', 'printed', NULL, NULL, NULL, NULL, 2),
(240, '3C846A38', 68, 35, 53, 1, 183, 'set', 'Bph', 1, '2025-07-09 04:15:14', '2025-08-08 04:15:14', 'expired', NULL, NULL, NULL, NULL, '[]', 'printed', NULL, NULL, NULL, NULL, 2),
(241, '6266E2C4', 69, 35, 53, 1, 184, 'set', 'BPH', 1, '2025-07-09 04:15:14', '2025-08-08 04:15:14', 'expired', NULL, NULL, NULL, NULL, '[]', 'printed', NULL, NULL, NULL, NULL, 2),
(242, '22E31171', 70, 35, 53, 1, 185, 'set', 'BPH', 1, '2025-07-09 04:15:14', '2025-08-08 04:15:14', 'expired', NULL, NULL, NULL, NULL, '[]', 'printed', NULL, NULL, NULL, NULL, 2),
(243, '56A1C497', 71, 35, 53, 1, 186, 'set', 'BPH', 1, '2025-07-09 04:15:14', '2025-08-18 04:15:14', 'expired', NULL, NULL, NULL, NULL, '[]', 'printed', NULL, NULL, NULL, NULL, 2),
(244, '57C73EE8', 74, 36, 55, 1, 187, 'set', 'Comel', 1, '2025-07-09 11:58:50', '2025-07-29 11:58:50', 'used', '2025-07-09 14:41:16', NULL, NULL, 'USED: 09-07-2025 21:41\nCATATAN INTERNAL: Aksi dilakukan dari IP: 101.128.90.62 | Perangkat: Mozilla/5.0 (Windows NT 10.0; Win64; x64) AppleWebKit/537.36 (KHTML, like Gecko) Chrome/137.0.0.0 Safari/537.36\n-----------------\n', '[{\"instrument_id\":72,\"quantity\":5},{\"instrument_id\":73,\"quantity\":1},{\"instrument_id\":74,\"quantity\":1},{\"instrument_id\":75,\"quantity\":1},{\"instrument_id\":76,\"quantity\":1},{\"instrument_id\":77,\"quantity\":1},{\"instrument_id\":78,\"quantity\":1},{\"instrument_id\":88,\"quantity\":1}]', 'printed', NULL, NULL, NULL, NULL, 2),
(245, '42BDB9DE', 17, 32, 44, 4, 166, 'set', 'CURET IBS', 1, '2025-07-13 04:36:35', '2025-08-12 04:36:35', 'expired', NULL, NULL, NULL, NULL, '[{\"instrument_id\":12,\"quantity\":1},{\"instrument_id\":15,\"quantity\":1},{\"instrument_id\":16,\"quantity\":1},{\"instrument_id\":17,\"quantity\":1},{\"instrument_id\":31,\"quantity\":1},{\"instrument_id\":32,\"quantity\":1},{\"instrument_id\":35,\"quantity\":1},{\"instrument_id\":70,\"quantity\":1},{\"instrument_id\":71,\"quantity\":1},{\"instrument_id\":72,\"quantity\":1},{\"instrument_id\":73,\"quantity\":1},{\"instrument_id\":74,\"quantity\":1},{\"instrument_id\":75,\"quantity\":1},{\"instrument_id\":76,\"quantity\":1},{\"instrument_id\":77,\"quantity\":1},{\"instrument_id\":78,\"quantity\":1},{\"instrument_id\":79,\"quantity\":1},{\"instrument_id\":80,\"quantity\":1},{\"instrument_id\":81,\"quantity\":1},{\"instrument_id\":82,\"quantity\":1}]', 'printed', NULL, NULL, NULL, NULL, 5),
(246, '9CB66F8F', 27, 32, 44, 4, 167, 'set', 'IBS Bedah 2', 1, '2025-07-13 04:36:35', '2025-08-12 04:36:35', 'expired', NULL, NULL, NULL, NULL, '[{\"instrument_id\":6,\"quantity\":5},{\"instrument_id\":10,\"quantity\":1},{\"instrument_id\":11,\"quantity\":4},{\"instrument_id\":12,\"quantity\":1},{\"instrument_id\":14,\"quantity\":1},{\"instrument_id\":15,\"quantity\":1},{\"instrument_id\":17,\"quantity\":5},{\"instrument_id\":18,\"quantity\":1},{\"instrument_id\":19,\"quantity\":1},{\"instrument_id\":20,\"quantity\":1},{\"instrument_id\":24,\"quantity\":2},{\"instrument_id\":25,\"quantity\":2},{\"instrument_id\":26,\"quantity\":1},{\"instrument_id\":27,\"quantity\":1},{\"instrument_id\":29,\"quantity\":1},{\"instrument_id\":30,\"quantity\":4},{\"instrument_id\":31,\"quantity\":2},{\"instrument_id\":32,\"quantity\":2},{\"instrument_id\":33,\"quantity\":2},{\"instrument_id\":35,\"quantity\":2},{\"instrument_id\":36,\"quantity\":1},{\"instrument_id\":37,\"quantity\":1},{\"instrument_id\":50,\"quantity\":1}]', 'printed', NULL, NULL, NULL, NULL, 5),
(247, '14CFBFDC', 46, 32, 44, 4, 168, 'set', 'IBS Bedah 3', 1, '2025-07-13 04:36:35', '2025-08-12 04:36:35', 'expired', NULL, NULL, NULL, NULL, '[{\"instrument_id\":5,\"quantity\":2},{\"instrument_id\":6,\"quantity\":4},{\"instrument_id\":7,\"quantity\":2},{\"instrument_id\":10,\"quantity\":4},{\"instrument_id\":11,\"quantity\":4},{\"instrument_id\":12,\"quantity\":1},{\"instrument_id\":15,\"quantity\":1},{\"instrument_id\":16,\"quantity\":1},{\"instrument_id\":17,\"quantity\":5},{\"instrument_id\":18,\"quantity\":2},{\"instrument_id\":19,\"quantity\":2},{\"instrument_id\":20,\"quantity\":1},{\"instrument_id\":22,\"quantity\":1},{\"instrument_id\":24,\"quantity\":1},{\"instrument_id\":25,\"quantity\":2},{\"instrument_id\":26,\"quantity\":1},{\"instrument_id\":27,\"quantity\":1},{\"instrument_id\":28,\"quantity\":1},{\"instrument_id\":29,\"quantity\":1},{\"instrument_id\":30,\"quantity\":4},{\"instrument_id\":31,\"quantity\":2},{\"instrument_id\":32,\"quantity\":2},{\"instrument_id\":33,\"quantity\":3},{\"instrument_id\":35,\"quantity\":2},{\"instrument_id\":36,\"quantity\":1},{\"instrument_id\":50,\"quantity\":1}]', 'printed', NULL, NULL, NULL, NULL, 5),
(248, 'C471AF34', 56, 32, 44, 4, 169, 'set', 'Set Exclusive', 1, '2025-07-13 04:36:35', '2026-07-13 04:36:35', 'active', NULL, NULL, NULL, NULL, '[]', 'printed', NULL, NULL, NULL, NULL, 5),
(249, '4B968A2A', 60, 32, 44, 4, 170, 'set', 'Set Exclusive', 1, '2025-07-13 04:36:35', '2025-07-20 04:36:35', 'expired', NULL, NULL, NULL, NULL, '[]', 'printed', NULL, NULL, NULL, NULL, 5),
(250, '849B2758', 64, 32, 44, 4, 171, 'set', 'Set Exclusive', 1, '2025-07-13 04:36:35', '2025-08-12 04:36:35', 'expired', NULL, NULL, NULL, NULL, '[]', 'printed', NULL, NULL, NULL, NULL, 5);
INSERT INTO `sterilization_records` (`record_id`, `label_unique_id`, `item_id`, `cycle_id`, `load_id`, `destination_department_id`, `load_item_id`, `item_type`, `label_title`, `created_by_user_id`, `created_at`, `expiry_date`, `status`, `used_at`, `validated_by_user_id`, `validated_at`, `notes`, `label_items_snapshot`, `print_status`, `action_ip_address`, `action_user_agent`, `usage_proof_filename`, `issue_proof_filename`, `print_count`) VALUES
(251, 'F38A434D', 17, 37, 56, 4, 188, 'set', 'CURET IBS', 1, '2025-07-14 11:51:29', '2025-08-13 11:51:29', 'used', '2025-07-14 11:52:23', NULL, NULL, 'USED: 14-07-2025 18:52 - Oleh: Januar\nCATATAN INTERNAL: Aksi dilakukan dari IP: 114.10.151.176 | Perangkat: Mozilla/5.0 (X11; Linux x86_64) AppleWebKit/537.36 (KHTML, like Gecko) Chrome/138.0.0.0 Safari/537.36\n-----------------\n', '[{\"instrument_id\":12,\"quantity\":1},{\"instrument_id\":15,\"quantity\":1},{\"instrument_id\":16,\"quantity\":1},{\"instrument_id\":17,\"quantity\":1},{\"instrument_id\":31,\"quantity\":1},{\"instrument_id\":32,\"quantity\":1},{\"instrument_id\":35,\"quantity\":1},{\"instrument_id\":70,\"quantity\":1},{\"instrument_id\":71,\"quantity\":1},{\"instrument_id\":72,\"quantity\":1},{\"instrument_id\":73,\"quantity\":1},{\"instrument_id\":74,\"quantity\":1},{\"instrument_id\":75,\"quantity\":1},{\"instrument_id\":76,\"quantity\":1},{\"instrument_id\":77,\"quantity\":1},{\"instrument_id\":78,\"quantity\":1},{\"instrument_id\":79,\"quantity\":1},{\"instrument_id\":80,\"quantity\":1},{\"instrument_id\":81,\"quantity\":1},{\"instrument_id\":82,\"quantity\":1}]', 'printed', NULL, NULL, NULL, NULL, 1),
(252, 'B47E8658', 22, 37, 56, 4, 189, 'set', 'IBS Bedah 1 bak panjang ram', 1, '2025-07-14 11:51:29', '2025-08-13 11:51:29', 'expired', NULL, NULL, NULL, NULL, '[{\"instrument_id\":6,\"quantity\":4},{\"instrument_id\":7,\"quantity\":3},{\"instrument_id\":10,\"quantity\":2},{\"instrument_id\":11,\"quantity\":5},{\"instrument_id\":12,\"quantity\":1},{\"instrument_id\":13,\"quantity\":1},{\"instrument_id\":14,\"quantity\":1},{\"instrument_id\":15,\"quantity\":1},{\"instrument_id\":17,\"quantity\":5},{\"instrument_id\":18,\"quantity\":1},{\"instrument_id\":19,\"quantity\":1},{\"instrument_id\":22,\"quantity\":1},{\"instrument_id\":25,\"quantity\":5},{\"instrument_id\":26,\"quantity\":1},{\"instrument_id\":27,\"quantity\":1},{\"instrument_id\":29,\"quantity\":1},{\"instrument_id\":30,\"quantity\":1},{\"instrument_id\":31,\"quantity\":2},{\"instrument_id\":32,\"quantity\":2},{\"instrument_id\":33,\"quantity\":1},{\"instrument_id\":35,\"quantity\":1},{\"instrument_id\":36,\"quantity\":1},{\"instrument_id\":37,\"quantity\":1},{\"instrument_id\":50,\"quantity\":2}]', 'printed', NULL, NULL, NULL, NULL, 1),
(253, '955D0EE1', 75, 38, 57, 4, 190, 'set', 'BEDAH GEMOLONG', 1, '2025-07-15 02:11:29', '2025-08-14 02:11:29', 'expired', NULL, NULL, NULL, NULL, '[{\"instrument_id\":70,\"quantity\":5},{\"instrument_id\":71,\"quantity\":1},{\"instrument_id\":72,\"quantity\":1},{\"instrument_id\":73,\"quantity\":1},{\"instrument_id\":74,\"quantity\":1},{\"instrument_id\":75,\"quantity\":1}]', 'printed', NULL, NULL, NULL, NULL, 1),
(254, '7B849C59', 27, 38, 57, 4, 191, 'set', 'IBS Bedah 2', 1, '2025-07-15 02:11:29', '2025-08-14 02:11:29', 'used', '2025-07-15 02:14:39', NULL, NULL, 'USED: 15-07-2025 09:14 - Oleh: Dian\nCATATAN INTERNAL: Aksi dilakukan dari IP: 36.65.124.115 | Perangkat: Mozilla/5.0 (iPhone; CPU iPhone OS 18_3_2 like Mac OS X) AppleWebKit/605.1.15 (KHTML, like Gecko) Version/18.3.1 Mobile/15E148 Safari/604.1\n-----------------\n', '[{\"instrument_id\":6,\"quantity\":5},{\"instrument_id\":10,\"quantity\":1},{\"instrument_id\":11,\"quantity\":4},{\"instrument_id\":12,\"quantity\":1},{\"instrument_id\":14,\"quantity\":1},{\"instrument_id\":15,\"quantity\":1},{\"instrument_id\":17,\"quantity\":5},{\"instrument_id\":18,\"quantity\":1},{\"instrument_id\":19,\"quantity\":1},{\"instrument_id\":20,\"quantity\":1},{\"instrument_id\":24,\"quantity\":2},{\"instrument_id\":25,\"quantity\":2},{\"instrument_id\":26,\"quantity\":1},{\"instrument_id\":27,\"quantity\":1},{\"instrument_id\":29,\"quantity\":1},{\"instrument_id\":30,\"quantity\":4},{\"instrument_id\":31,\"quantity\":2},{\"instrument_id\":32,\"quantity\":2},{\"instrument_id\":33,\"quantity\":2},{\"instrument_id\":35,\"quantity\":2},{\"instrument_id\":36,\"quantity\":1},{\"instrument_id\":37,\"quantity\":1},{\"instrument_id\":50,\"quantity\":1}]', 'printed', NULL, NULL, NULL, NULL, 1),
(255, '206D2784', 46, 38, 57, 4, 192, 'set', 'IBS Bedah 3', 1, '2025-07-15 02:11:29', '2025-08-14 02:11:29', 'expired', NULL, NULL, NULL, NULL, '[{\"instrument_id\":5,\"quantity\":2},{\"instrument_id\":6,\"quantity\":4},{\"instrument_id\":7,\"quantity\":2},{\"instrument_id\":10,\"quantity\":4},{\"instrument_id\":11,\"quantity\":4},{\"instrument_id\":12,\"quantity\":1},{\"instrument_id\":15,\"quantity\":1},{\"instrument_id\":16,\"quantity\":1},{\"instrument_id\":17,\"quantity\":5},{\"instrument_id\":18,\"quantity\":2},{\"instrument_id\":19,\"quantity\":2},{\"instrument_id\":20,\"quantity\":1},{\"instrument_id\":22,\"quantity\":1},{\"instrument_id\":24,\"quantity\":1},{\"instrument_id\":25,\"quantity\":2},{\"instrument_id\":26,\"quantity\":1},{\"instrument_id\":27,\"quantity\":1},{\"instrument_id\":28,\"quantity\":1},{\"instrument_id\":29,\"quantity\":1},{\"instrument_id\":30,\"quantity\":4},{\"instrument_id\":31,\"quantity\":2},{\"instrument_id\":32,\"quantity\":2},{\"instrument_id\":33,\"quantity\":3},{\"instrument_id\":35,\"quantity\":2},{\"instrument_id\":36,\"quantity\":1},{\"instrument_id\":50,\"quantity\":1}]', 'printed', NULL, NULL, NULL, NULL, 1),
(256, 'B6E02C05', 75, 39, 58, 1, 193, 'set', 'BEDAH GEMOLONG', 1, '2025-07-15 04:04:35', '2025-08-14 04:04:35', 'expired', NULL, NULL, NULL, NULL, '[{\"instrument_id\":70,\"quantity\":5},{\"instrument_id\":71,\"quantity\":1},{\"instrument_id\":72,\"quantity\":1},{\"instrument_id\":73,\"quantity\":1},{\"instrument_id\":74,\"quantity\":1},{\"instrument_id\":75,\"quantity\":1}]', 'pending', NULL, NULL, NULL, NULL, 1),
(257, '29A5D286', 76, 39, 58, 1, 194, 'set', 'BEDAH WARAS WIRIS', 1, '2025-07-15 04:04:35', '2025-07-18 04:04:35', 'used', '2025-07-15 04:09:26', NULL, NULL, 'USED: 15-07-2025 11:09 - Oleh: Pak Jatmiko\nCATATAN INTERNAL: Aksi dilakukan dari IP: 114.10.153.145 | Perangkat: Mozilla/5.0 (Linux; Android 10; K) AppleWebKit/537.36 (KHTML, like Gecko) Chrome/138.0.0.0 Mobile Safari/537.36\n-----------------\n', '[{\"instrument_id\":19,\"quantity\":2},{\"instrument_id\":20,\"quantity\":1},{\"instrument_id\":32,\"quantity\":6},{\"instrument_id\":70,\"quantity\":1},{\"instrument_id\":71,\"quantity\":1}]', 'printed', NULL, NULL, NULL, NULL, 1),
(258, '76EB341D', 77, 40, 60, 4, 195, 'set', 'MEDIKASI SET RSPA', 1, '2025-07-15 07:18:38', '2025-10-13 07:18:38', 'active', NULL, NULL, NULL, NULL, '[{\"instrument_id\":6,\"quantity\":1},{\"instrument_id\":32,\"quantity\":1},{\"instrument_id\":33,\"quantity\":1}]', 'printed', NULL, NULL, NULL, NULL, 1),
(259, 'EB45F4A4', 22, 41, 61, 4, 196, 'set', 'IBS Bedah 1 bak panjang ram', 1, '2025-07-19 02:16:58', '2025-08-18 02:16:58', 'recalled', NULL, NULL, NULL, 'CATATAN INTERNAL (22-07-2025 19:51 oleh Administrator): sudah di penuhi\n-----------------\nRECALLED (public): 22-07-2025 19:50 - Barang kurang\nCATATAN INTERNAL: Aksi dilakukan dari IP: 103.148.200.61 | Perangkat: Mozilla/5.0 (Linux; Android 10; K) AppleWebKit/537.36 (KHTML, like Gecko) Chrome/138.0.0.0 Mobile Safari/537.36\n-----------------\n', '[{\"instrument_id\":6,\"quantity\":4},{\"instrument_id\":7,\"quantity\":3},{\"instrument_id\":10,\"quantity\":2},{\"instrument_id\":11,\"quantity\":5},{\"instrument_id\":12,\"quantity\":1},{\"instrument_id\":13,\"quantity\":1},{\"instrument_id\":14,\"quantity\":1},{\"instrument_id\":15,\"quantity\":1},{\"instrument_id\":17,\"quantity\":5},{\"instrument_id\":18,\"quantity\":1},{\"instrument_id\":19,\"quantity\":1},{\"instrument_id\":22,\"quantity\":1},{\"instrument_id\":25,\"quantity\":5},{\"instrument_id\":26,\"quantity\":1},{\"instrument_id\":27,\"quantity\":1},{\"instrument_id\":29,\"quantity\":1},{\"instrument_id\":30,\"quantity\":1},{\"instrument_id\":31,\"quantity\":2},{\"instrument_id\":32,\"quantity\":2},{\"instrument_id\":33,\"quantity\":1},{\"instrument_id\":35,\"quantity\":1},{\"instrument_id\":36,\"quantity\":1},{\"instrument_id\":37,\"quantity\":1},{\"instrument_id\":50,\"quantity\":2}]', 'printed', NULL, NULL, NULL, NULL, 1),
(260, '9DF4BB43', 27, 41, 61, 4, 197, 'set', 'IBS Bedah 2', 1, '2025-07-19 02:16:58', '2025-08-18 02:16:58', 'recalled', NULL, NULL, NULL, 'CATATAN INTERNAL (22-07-2025 22:52 oleh Administrator): Oke\n-----------------\nRECALLED (public): 22-07-2025 22:51 - Error\n-----------------\n', '[{\"instrument_id\":6,\"quantity\":5},{\"instrument_id\":10,\"quantity\":1},{\"instrument_id\":11,\"quantity\":4},{\"instrument_id\":12,\"quantity\":1},{\"instrument_id\":14,\"quantity\":1},{\"instrument_id\":15,\"quantity\":1},{\"instrument_id\":17,\"quantity\":5},{\"instrument_id\":18,\"quantity\":1},{\"instrument_id\":19,\"quantity\":1},{\"instrument_id\":20,\"quantity\":1},{\"instrument_id\":24,\"quantity\":2},{\"instrument_id\":25,\"quantity\":2},{\"instrument_id\":26,\"quantity\":1},{\"instrument_id\":27,\"quantity\":1},{\"instrument_id\":29,\"quantity\":1},{\"instrument_id\":30,\"quantity\":4},{\"instrument_id\":31,\"quantity\":2},{\"instrument_id\":32,\"quantity\":2},{\"instrument_id\":33,\"quantity\":2},{\"instrument_id\":35,\"quantity\":2},{\"instrument_id\":36,\"quantity\":1},{\"instrument_id\":37,\"quantity\":1},{\"instrument_id\":50,\"quantity\":1}]', 'printed', '118.136.156.40', 'Mozilla/5.0 (Macintosh; Intel Mac OS X 10_15_7) AppleWebKit/537.36 (KHTML, like Gecko) Chrome/138.0.0.0 Safari/537.36', NULL, NULL, 1),
(261, '75DB39FF', 22, 43, 63, 4, 201, 'set', 'IBS Bedah 1 bak panjang ram', 1, '2025-07-23 00:19:39', '2025-08-22 00:19:39', 'used', '2025-07-24 03:01:18', NULL, NULL, 'USED: 24-07-2025 10:01 - Oleh: Bu nisa\n-----------------\n', '[{\"instrument_id\":6,\"quantity\":4},{\"instrument_id\":7,\"quantity\":3},{\"instrument_id\":10,\"quantity\":2},{\"instrument_id\":11,\"quantity\":5},{\"instrument_id\":12,\"quantity\":1},{\"instrument_id\":13,\"quantity\":1},{\"instrument_id\":14,\"quantity\":1},{\"instrument_id\":15,\"quantity\":1},{\"instrument_id\":17,\"quantity\":5},{\"instrument_id\":18,\"quantity\":1},{\"instrument_id\":19,\"quantity\":1},{\"instrument_id\":22,\"quantity\":1},{\"instrument_id\":25,\"quantity\":5},{\"instrument_id\":26,\"quantity\":1},{\"instrument_id\":27,\"quantity\":1},{\"instrument_id\":29,\"quantity\":1},{\"instrument_id\":30,\"quantity\":1},{\"instrument_id\":31,\"quantity\":2},{\"instrument_id\":32,\"quantity\":2},{\"instrument_id\":33,\"quantity\":1},{\"instrument_id\":35,\"quantity\":1},{\"instrument_id\":36,\"quantity\":1},{\"instrument_id\":37,\"quantity\":1},{\"instrument_id\":50,\"quantity\":2}]', 'printed', '114.10.151.138', 'Mozilla/5.0 (X11; Linux x86_64) AppleWebKit/537.36 (KHTML, like Gecko) Chrome/138.0.0.0 Safari/537.36', NULL, NULL, 1),
(262, '90B00D3C', 27, 43, 63, 4, 202, 'set', 'IBS Bedah 2', 1, '2025-07-23 00:19:39', '2025-08-22 00:19:39', 'expired', NULL, NULL, NULL, NULL, '[{\"instrument_id\":6,\"quantity\":5},{\"instrument_id\":10,\"quantity\":1},{\"instrument_id\":11,\"quantity\":4},{\"instrument_id\":12,\"quantity\":1},{\"instrument_id\":14,\"quantity\":1},{\"instrument_id\":15,\"quantity\":1},{\"instrument_id\":17,\"quantity\":5},{\"instrument_id\":18,\"quantity\":1},{\"instrument_id\":19,\"quantity\":1},{\"instrument_id\":20,\"quantity\":1},{\"instrument_id\":24,\"quantity\":2},{\"instrument_id\":25,\"quantity\":2},{\"instrument_id\":26,\"quantity\":1},{\"instrument_id\":27,\"quantity\":1},{\"instrument_id\":29,\"quantity\":1},{\"instrument_id\":30,\"quantity\":4},{\"instrument_id\":31,\"quantity\":2},{\"instrument_id\":32,\"quantity\":2},{\"instrument_id\":33,\"quantity\":2},{\"instrument_id\":35,\"quantity\":2},{\"instrument_id\":36,\"quantity\":1},{\"instrument_id\":37,\"quantity\":1},{\"instrument_id\":50,\"quantity\":1}]', 'pending', NULL, NULL, NULL, NULL, 1),
(263, 'EF3BADB8', 46, 43, 63, 4, 203, 'set', 'IBS Bedah 3', 1, '2025-07-23 00:19:39', '2025-08-22 00:19:39', 'recalled', NULL, NULL, NULL, 'RECALLED (public): 30-07-2025 13:41 - Duk klem tidak ada\n-----------------\n', '[{\"instrument_id\":5,\"quantity\":2},{\"instrument_id\":6,\"quantity\":4},{\"instrument_id\":7,\"quantity\":2},{\"instrument_id\":10,\"quantity\":4},{\"instrument_id\":11,\"quantity\":4},{\"instrument_id\":12,\"quantity\":1},{\"instrument_id\":15,\"quantity\":1},{\"instrument_id\":16,\"quantity\":1},{\"instrument_id\":17,\"quantity\":5},{\"instrument_id\":18,\"quantity\":2},{\"instrument_id\":19,\"quantity\":2},{\"instrument_id\":20,\"quantity\":1},{\"instrument_id\":22,\"quantity\":1},{\"instrument_id\":24,\"quantity\":1},{\"instrument_id\":25,\"quantity\":2},{\"instrument_id\":26,\"quantity\":1},{\"instrument_id\":27,\"quantity\":1},{\"instrument_id\":28,\"quantity\":1},{\"instrument_id\":29,\"quantity\":1},{\"instrument_id\":30,\"quantity\":4},{\"instrument_id\":31,\"quantity\":2},{\"instrument_id\":32,\"quantity\":2},{\"instrument_id\":33,\"quantity\":3},{\"instrument_id\":35,\"quantity\":2},{\"instrument_id\":36,\"quantity\":1},{\"instrument_id\":50,\"quantity\":1}]', 'pending', '114.10.153.222', 'Mozilla/5.0 (X11; Linux x86_64) AppleWebKit/537.36 (KHTML, like Gecko) Chrome/138.0.0.0 Safari/537.36', NULL, NULL, 1),
(264, '7555D6E6', 45, 43, 63, 4, 204, 'set', 'IBS Bedah 5', 1, '2025-07-23 00:19:39', '2025-08-22 00:19:39', 'expired', NULL, NULL, NULL, NULL, '[{\"instrument_id\":6,\"quantity\":4},{\"instrument_id\":10,\"quantity\":1},{\"instrument_id\":11,\"quantity\":4},{\"instrument_id\":12,\"quantity\":1},{\"instrument_id\":15,\"quantity\":1},{\"instrument_id\":16,\"quantity\":1},{\"instrument_id\":17,\"quantity\":5},{\"instrument_id\":18,\"quantity\":2},{\"instrument_id\":19,\"quantity\":2},{\"instrument_id\":22,\"quantity\":1},{\"instrument_id\":24,\"quantity\":1},{\"instrument_id\":25,\"quantity\":3},{\"instrument_id\":26,\"quantity\":1},{\"instrument_id\":27,\"quantity\":1},{\"instrument_id\":29,\"quantity\":1},{\"instrument_id\":30,\"quantity\":4},{\"instrument_id\":31,\"quantity\":2},{\"instrument_id\":32,\"quantity\":2},{\"instrument_id\":36,\"quantity\":1},{\"instrument_id\":50,\"quantity\":2}]', 'pending', NULL, NULL, NULL, NULL, 1),
(265, '872AEA10', 35, 43, 63, 4, 205, 'set', 'IGD Rawat luka sedang 1', 1, '2025-07-23 00:19:39', '2025-08-22 00:19:39', 'expired', NULL, NULL, NULL, NULL, '[{\"instrument_id\":6,\"quantity\":1},{\"instrument_id\":11,\"quantity\":1},{\"instrument_id\":12,\"quantity\":1},{\"instrument_id\":19,\"quantity\":1},{\"instrument_id\":31,\"quantity\":1},{\"instrument_id\":32,\"quantity\":1}]', 'pending', NULL, NULL, NULL, NULL, 1),
(266, '25D24A88', 41, 43, 63, 4, 206, 'set', 'IGD Rawat luka sedang 7', 1, '2025-07-23 00:19:39', '2025-08-22 00:19:39', 'expired', NULL, NULL, NULL, NULL, '[{\"instrument_id\":6,\"quantity\":1},{\"instrument_id\":11,\"quantity\":1},{\"instrument_id\":12,\"quantity\":1},{\"instrument_id\":19,\"quantity\":1},{\"instrument_id\":31,\"quantity\":1},{\"instrument_id\":32,\"quantity\":1}]', 'pending', NULL, NULL, NULL, NULL, 1),
(267, '5628BE76', 16, 43, 63, 4, 207, 'set', 'SET THT IBS', 1, '2025-07-23 00:19:39', '2025-08-22 00:19:39', 'expired', NULL, NULL, NULL, NULL, '[{\"instrument_id\":17,\"quantity\":1},{\"instrument_id\":18,\"quantity\":1},{\"instrument_id\":24,\"quantity\":1},{\"instrument_id\":25,\"quantity\":1},{\"instrument_id\":26,\"quantity\":1},{\"instrument_id\":27,\"quantity\":1},{\"instrument_id\":29,\"quantity\":1},{\"instrument_id\":31,\"quantity\":1},{\"instrument_id\":32,\"quantity\":1},{\"instrument_id\":33,\"quantity\":1},{\"instrument_id\":49,\"quantity\":1},{\"instrument_id\":50,\"quantity\":1},{\"instrument_id\":51,\"quantity\":1},{\"instrument_id\":52,\"quantity\":1},{\"instrument_id\":53,\"quantity\":1},{\"instrument_id\":54,\"quantity\":1},{\"instrument_id\":55,\"quantity\":1},{\"instrument_id\":56,\"quantity\":1},{\"instrument_id\":57,\"quantity\":1},{\"instrument_id\":58,\"quantity\":1},{\"instrument_id\":59,\"quantity\":1},{\"instrument_id\":60,\"quantity\":1},{\"instrument_id\":61,\"quantity\":1},{\"instrument_id\":62,\"quantity\":1},{\"instrument_id\":63,\"quantity\":1},{\"instrument_id\":64,\"quantity\":1},{\"instrument_id\":65,\"quantity\":1},{\"instrument_id\":66,\"quantity\":1},{\"instrument_id\":67,\"quantity\":1},{\"instrument_id\":68,\"quantity\":1}]', 'pending', NULL, NULL, NULL, NULL, 1),
(268, 'CBDFB0DD', 14, 43, 63, 4, 208, 'set', 'SET TKV/VASKULER IBS', 1, '2025-07-23 00:19:39', '2025-08-22 00:19:39', 'expired', NULL, NULL, NULL, NULL, '[{\"instrument_id\":5,\"quantity\":1},{\"instrument_id\":6,\"quantity\":1},{\"instrument_id\":7,\"quantity\":1},{\"instrument_id\":8,\"quantity\":1},{\"instrument_id\":9,\"quantity\":1},{\"instrument_id\":10,\"quantity\":1},{\"instrument_id\":11,\"quantity\":1},{\"instrument_id\":12,\"quantity\":1},{\"instrument_id\":13,\"quantity\":1},{\"instrument_id\":14,\"quantity\":1},{\"instrument_id\":15,\"quantity\":1},{\"instrument_id\":16,\"quantity\":1},{\"instrument_id\":17,\"quantity\":1},{\"instrument_id\":18,\"quantity\":1},{\"instrument_id\":19,\"quantity\":1},{\"instrument_id\":20,\"quantity\":1},{\"instrument_id\":21,\"quantity\":1},{\"instrument_id\":22,\"quantity\":1},{\"instrument_id\":23,\"quantity\":1},{\"instrument_id\":24,\"quantity\":1},{\"instrument_id\":25,\"quantity\":1},{\"instrument_id\":26,\"quantity\":1},{\"instrument_id\":27,\"quantity\":1},{\"instrument_id\":28,\"quantity\":1},{\"instrument_id\":29,\"quantity\":1},{\"instrument_id\":31,\"quantity\":1},{\"instrument_id\":32,\"quantity\":1},{\"instrument_id\":33,\"quantity\":1},{\"instrument_id\":34,\"quantity\":1},{\"instrument_id\":35,\"quantity\":1},{\"instrument_id\":41,\"quantity\":1}]', 'pending', NULL, NULL, NULL, NULL, 1),
(269, 'C57423CE', 79, 44, 64, 4, 209, 'set', 'LINEN', 1, '2025-07-24 03:10:18', '2025-07-29 03:10:18', 'used', '2025-07-24 03:11:34', NULL, NULL, 'USED: 24-07-2025 10:11 - Oleh: Bu erna\n-----------------\n', '[{\"instrument_id\":99,\"quantity\":2},{\"instrument_id\":100,\"quantity\":1},{\"instrument_id\":101,\"quantity\":3}]', 'printed', '114.10.151.138', 'Mozilla/5.0 (X11; Linux x86_64) AppleWebKit/537.36 (KHTML, like Gecko) Chrome/138.0.0.0 Safari/537.36', NULL, NULL, 1),
(270, '7A564192', 78, 44, 64, 4, 210, 'set', 'SET LINEN SOEGATEN', 1, '2025-07-24 03:10:18', '2025-07-29 03:10:18', 'expired', NULL, NULL, NULL, NULL, '[]', 'printed', NULL, NULL, NULL, NULL, 1),
(271, 'B515A5F7', 78, 45, 65, 4, 211, 'set', 'SET LINEN SOEGATEN', 1, '2025-07-24 03:18:49', '2025-07-29 03:18:49', 'expired', NULL, NULL, NULL, NULL, '[]', 'printed', NULL, NULL, NULL, NULL, 1),
(272, '44E8FF72', 22, 46, 66, 4, 212, 'set', 'IBS Bedah 1 bak panjang ram', 1, '2025-07-24 05:38:52', '2025-08-23 05:38:52', 'expired', NULL, NULL, NULL, NULL, '[{\"instrument_id\":6,\"quantity\":4},{\"instrument_id\":7,\"quantity\":3},{\"instrument_id\":10,\"quantity\":2},{\"instrument_id\":11,\"quantity\":5},{\"instrument_id\":12,\"quantity\":1},{\"instrument_id\":13,\"quantity\":1},{\"instrument_id\":14,\"quantity\":1},{\"instrument_id\":15,\"quantity\":1},{\"instrument_id\":17,\"quantity\":5},{\"instrument_id\":18,\"quantity\":1},{\"instrument_id\":19,\"quantity\":1},{\"instrument_id\":22,\"quantity\":1},{\"instrument_id\":25,\"quantity\":5},{\"instrument_id\":26,\"quantity\":1},{\"instrument_id\":27,\"quantity\":1},{\"instrument_id\":29,\"quantity\":1},{\"instrument_id\":30,\"quantity\":1},{\"instrument_id\":31,\"quantity\":2},{\"instrument_id\":32,\"quantity\":2},{\"instrument_id\":33,\"quantity\":1},{\"instrument_id\":35,\"quantity\":1},{\"instrument_id\":36,\"quantity\":1},{\"instrument_id\":37,\"quantity\":1},{\"instrument_id\":50,\"quantity\":2}]', 'printed', NULL, NULL, NULL, NULL, 1),
(273, '8F031075', 27, 46, 66, 4, 213, 'set', 'IBS Bedah 2', 1, '2025-07-24 05:38:52', '2025-08-23 05:38:52', 'expired', NULL, NULL, NULL, NULL, '[{\"instrument_id\":6,\"quantity\":5},{\"instrument_id\":10,\"quantity\":1},{\"instrument_id\":11,\"quantity\":4},{\"instrument_id\":12,\"quantity\":1},{\"instrument_id\":14,\"quantity\":1},{\"instrument_id\":15,\"quantity\":1},{\"instrument_id\":17,\"quantity\":5},{\"instrument_id\":18,\"quantity\":1},{\"instrument_id\":19,\"quantity\":1},{\"instrument_id\":20,\"quantity\":1},{\"instrument_id\":24,\"quantity\":2},{\"instrument_id\":25,\"quantity\":2},{\"instrument_id\":26,\"quantity\":1},{\"instrument_id\":27,\"quantity\":1},{\"instrument_id\":29,\"quantity\":1},{\"instrument_id\":30,\"quantity\":4},{\"instrument_id\":31,\"quantity\":2},{\"instrument_id\":32,\"quantity\":2},{\"instrument_id\":33,\"quantity\":2},{\"instrument_id\":35,\"quantity\":2},{\"instrument_id\":36,\"quantity\":1},{\"instrument_id\":37,\"quantity\":1},{\"instrument_id\":50,\"quantity\":1}]', 'printed', NULL, NULL, NULL, NULL, 1),
(274, '5E4EC4C3', 46, 46, 66, 4, 214, 'set', 'IBS Bedah 3', 1, '2025-07-24 05:38:52', '2025-08-23 05:38:52', 'expired', NULL, NULL, NULL, NULL, '[{\"instrument_id\":5,\"quantity\":2},{\"instrument_id\":6,\"quantity\":4},{\"instrument_id\":7,\"quantity\":2},{\"instrument_id\":10,\"quantity\":4},{\"instrument_id\":11,\"quantity\":4},{\"instrument_id\":12,\"quantity\":1},{\"instrument_id\":15,\"quantity\":1},{\"instrument_id\":16,\"quantity\":1},{\"instrument_id\":17,\"quantity\":5},{\"instrument_id\":18,\"quantity\":2},{\"instrument_id\":19,\"quantity\":2},{\"instrument_id\":20,\"quantity\":1},{\"instrument_id\":22,\"quantity\":1},{\"instrument_id\":24,\"quantity\":1},{\"instrument_id\":25,\"quantity\":2},{\"instrument_id\":26,\"quantity\":1},{\"instrument_id\":27,\"quantity\":1},{\"instrument_id\":28,\"quantity\":1},{\"instrument_id\":29,\"quantity\":1},{\"instrument_id\":30,\"quantity\":4},{\"instrument_id\":31,\"quantity\":2},{\"instrument_id\":32,\"quantity\":2},{\"instrument_id\":33,\"quantity\":3},{\"instrument_id\":35,\"quantity\":2},{\"instrument_id\":36,\"quantity\":1},{\"instrument_id\":50,\"quantity\":1}]', 'printed', NULL, NULL, NULL, NULL, 1),
(275, '5B512655', 45, 46, 66, 4, 215, 'set', 'IBS Bedah 5', 1, '2025-07-24 05:38:52', '2025-08-23 05:38:52', 'expired', NULL, NULL, NULL, NULL, '[{\"instrument_id\":6,\"quantity\":4},{\"instrument_id\":10,\"quantity\":1},{\"instrument_id\":11,\"quantity\":4},{\"instrument_id\":12,\"quantity\":1},{\"instrument_id\":15,\"quantity\":1},{\"instrument_id\":16,\"quantity\":1},{\"instrument_id\":17,\"quantity\":5},{\"instrument_id\":18,\"quantity\":2},{\"instrument_id\":19,\"quantity\":2},{\"instrument_id\":22,\"quantity\":1},{\"instrument_id\":24,\"quantity\":1},{\"instrument_id\":25,\"quantity\":3},{\"instrument_id\":26,\"quantity\":1},{\"instrument_id\":27,\"quantity\":1},{\"instrument_id\":29,\"quantity\":1},{\"instrument_id\":30,\"quantity\":4},{\"instrument_id\":31,\"quantity\":2},{\"instrument_id\":32,\"quantity\":2},{\"instrument_id\":36,\"quantity\":1},{\"instrument_id\":50,\"quantity\":2}]', 'printed', NULL, NULL, NULL, NULL, 1),
(276, '533734D0', 80, 47, 67, 4, 217, 'set', 'Abortus', 1, '2025-07-28 23:09:40', '2025-08-04 23:09:40', 'expired', NULL, NULL, NULL, NULL, '[{\"instrument_id\":70,\"quantity\":1},{\"instrument_id\":71,\"quantity\":1}]', 'pending', NULL, NULL, NULL, NULL, 1),
(277, 'A405923C', 73, 48, 68, 4, 218, 'set', 'Curet', 1, '2025-07-29 03:24:18', '2025-08-28 03:24:18', 'expired', NULL, NULL, NULL, NULL, '[]', 'printed', NULL, NULL, NULL, NULL, 1),
(278, '586E81F9', 17, 48, 68, 4, 219, 'set', 'CURET IBS', 1, '2025-07-29 03:24:18', '2025-08-28 03:24:18', 'expired', NULL, NULL, NULL, NULL, '[{\"instrument_id\":12,\"quantity\":1},{\"instrument_id\":15,\"quantity\":1},{\"instrument_id\":16,\"quantity\":1},{\"instrument_id\":17,\"quantity\":1},{\"instrument_id\":31,\"quantity\":1},{\"instrument_id\":32,\"quantity\":1},{\"instrument_id\":35,\"quantity\":1},{\"instrument_id\":70,\"quantity\":1},{\"instrument_id\":71,\"quantity\":1},{\"instrument_id\":72,\"quantity\":1},{\"instrument_id\":73,\"quantity\":1},{\"instrument_id\":74,\"quantity\":1},{\"instrument_id\":75,\"quantity\":1},{\"instrument_id\":76,\"quantity\":1},{\"instrument_id\":77,\"quantity\":1},{\"instrument_id\":78,\"quantity\":1},{\"instrument_id\":79,\"quantity\":1},{\"instrument_id\":80,\"quantity\":1},{\"instrument_id\":81,\"quantity\":1},{\"instrument_id\":82,\"quantity\":1}]', 'printed', NULL, NULL, NULL, NULL, 1),
(279, '2499A3D9', 22, 48, 68, 4, 220, 'set', 'IBS Bedah 1 bak panjang ram', 1, '2025-07-29 03:24:18', '2025-08-28 03:24:18', 'used', '2025-07-30 06:26:46', NULL, NULL, 'USED: 30-07-2025 13:26 - Oleh: Ridlo\n-----------------\n', '[{\"instrument_id\":6,\"quantity\":4},{\"instrument_id\":7,\"quantity\":3},{\"instrument_id\":10,\"quantity\":2},{\"instrument_id\":11,\"quantity\":5},{\"instrument_id\":12,\"quantity\":1},{\"instrument_id\":13,\"quantity\":1},{\"instrument_id\":14,\"quantity\":1},{\"instrument_id\":15,\"quantity\":1},{\"instrument_id\":17,\"quantity\":5},{\"instrument_id\":18,\"quantity\":1},{\"instrument_id\":19,\"quantity\":1},{\"instrument_id\":22,\"quantity\":1},{\"instrument_id\":25,\"quantity\":5},{\"instrument_id\":26,\"quantity\":1},{\"instrument_id\":27,\"quantity\":1},{\"instrument_id\":29,\"quantity\":1},{\"instrument_id\":30,\"quantity\":1},{\"instrument_id\":31,\"quantity\":2},{\"instrument_id\":32,\"quantity\":2},{\"instrument_id\":33,\"quantity\":1},{\"instrument_id\":35,\"quantity\":1},{\"instrument_id\":36,\"quantity\":1},{\"instrument_id\":37,\"quantity\":1},{\"instrument_id\":50,\"quantity\":2}]', 'printed', '114.10.153.222', 'Mozilla/5.0 (X11; Linux x86_64) AppleWebKit/537.36 (KHTML, like Gecko) Chrome/138.0.0.0 Safari/537.36', NULL, NULL, 1),
(280, '11333A37', 27, 48, 68, 4, 221, 'set', 'IBS Bedah 2', 1, '2025-07-29 03:24:18', '2025-08-28 03:24:18', 'expired', NULL, NULL, NULL, NULL, '[{\"instrument_id\":6,\"quantity\":5},{\"instrument_id\":10,\"quantity\":1},{\"instrument_id\":11,\"quantity\":4},{\"instrument_id\":12,\"quantity\":1},{\"instrument_id\":14,\"quantity\":1},{\"instrument_id\":15,\"quantity\":1},{\"instrument_id\":17,\"quantity\":5},{\"instrument_id\":18,\"quantity\":1},{\"instrument_id\":19,\"quantity\":1},{\"instrument_id\":20,\"quantity\":1},{\"instrument_id\":24,\"quantity\":2},{\"instrument_id\":25,\"quantity\":2},{\"instrument_id\":26,\"quantity\":1},{\"instrument_id\":27,\"quantity\":1},{\"instrument_id\":29,\"quantity\":1},{\"instrument_id\":30,\"quantity\":4},{\"instrument_id\":31,\"quantity\":2},{\"instrument_id\":32,\"quantity\":2},{\"instrument_id\":33,\"quantity\":2},{\"instrument_id\":35,\"quantity\":2},{\"instrument_id\":36,\"quantity\":1},{\"instrument_id\":37,\"quantity\":1},{\"instrument_id\":50,\"quantity\":1}]', 'printed', NULL, NULL, NULL, NULL, 1),
(281, 'D385DC38', 46, 48, 68, 4, 222, 'set', 'IBS Bedah 3', 1, '2025-07-29 03:24:18', '2025-08-28 03:24:18', 'expired', NULL, NULL, NULL, NULL, '[{\"instrument_id\":5,\"quantity\":2},{\"instrument_id\":6,\"quantity\":4},{\"instrument_id\":7,\"quantity\":2},{\"instrument_id\":10,\"quantity\":4},{\"instrument_id\":11,\"quantity\":4},{\"instrument_id\":12,\"quantity\":1},{\"instrument_id\":15,\"quantity\":1},{\"instrument_id\":16,\"quantity\":1},{\"instrument_id\":17,\"quantity\":5},{\"instrument_id\":18,\"quantity\":2},{\"instrument_id\":19,\"quantity\":2},{\"instrument_id\":20,\"quantity\":1},{\"instrument_id\":22,\"quantity\":1},{\"instrument_id\":24,\"quantity\":1},{\"instrument_id\":25,\"quantity\":2},{\"instrument_id\":26,\"quantity\":1},{\"instrument_id\":27,\"quantity\":1},{\"instrument_id\":28,\"quantity\":1},{\"instrument_id\":29,\"quantity\":1},{\"instrument_id\":30,\"quantity\":4},{\"instrument_id\":31,\"quantity\":2},{\"instrument_id\":32,\"quantity\":2},{\"instrument_id\":33,\"quantity\":3},{\"instrument_id\":35,\"quantity\":2},{\"instrument_id\":36,\"quantity\":1},{\"instrument_id\":50,\"quantity\":1}]', 'printed', NULL, NULL, NULL, NULL, 1),
(282, '73B5F715', 45, 48, 68, 4, 223, 'set', 'IBS Bedah 5', 1, '2025-07-29 03:24:18', '2025-08-28 03:24:18', 'expired', NULL, NULL, NULL, NULL, '[{\"instrument_id\":6,\"quantity\":4},{\"instrument_id\":10,\"quantity\":1},{\"instrument_id\":11,\"quantity\":4},{\"instrument_id\":12,\"quantity\":1},{\"instrument_id\":15,\"quantity\":1},{\"instrument_id\":16,\"quantity\":1},{\"instrument_id\":17,\"quantity\":5},{\"instrument_id\":18,\"quantity\":2},{\"instrument_id\":19,\"quantity\":2},{\"instrument_id\":22,\"quantity\":1},{\"instrument_id\":24,\"quantity\":1},{\"instrument_id\":25,\"quantity\":3},{\"instrument_id\":26,\"quantity\":1},{\"instrument_id\":27,\"quantity\":1},{\"instrument_id\":29,\"quantity\":1},{\"instrument_id\":30,\"quantity\":4},{\"instrument_id\":31,\"quantity\":2},{\"instrument_id\":32,\"quantity\":2},{\"instrument_id\":36,\"quantity\":1},{\"instrument_id\":50,\"quantity\":2}]', 'printed', NULL, NULL, NULL, NULL, 1),
(283, '6B3FF3EB', 28, 48, 68, 4, 224, 'set', 'IBS Kandungan 1', 1, '2025-07-29 03:24:18', '2025-08-28 03:24:18', 'expired', NULL, NULL, NULL, NULL, '[{\"instrument_id\":6,\"quantity\":5},{\"instrument_id\":7,\"quantity\":3},{\"instrument_id\":11,\"quantity\":2},{\"instrument_id\":12,\"quantity\":1},{\"instrument_id\":14,\"quantity\":1},{\"instrument_id\":15,\"quantity\":1},{\"instrument_id\":16,\"quantity\":1},{\"instrument_id\":17,\"quantity\":5},{\"instrument_id\":18,\"quantity\":1},{\"instrument_id\":19,\"quantity\":1},{\"instrument_id\":20,\"quantity\":1},{\"instrument_id\":22,\"quantity\":1},{\"instrument_id\":23,\"quantity\":1},{\"instrument_id\":24,\"quantity\":1},{\"instrument_id\":25,\"quantity\":1},{\"instrument_id\":26,\"quantity\":1},{\"instrument_id\":27,\"quantity\":1},{\"instrument_id\":28,\"quantity\":1},{\"instrument_id\":29,\"quantity\":1},{\"instrument_id\":31,\"quantity\":2},{\"instrument_id\":32,\"quantity\":2},{\"instrument_id\":33,\"quantity\":2},{\"instrument_id\":35,\"quantity\":5},{\"instrument_id\":36,\"quantity\":1},{\"instrument_id\":40,\"quantity\":1},{\"instrument_id\":50,\"quantity\":1}]', 'printed', NULL, NULL, NULL, NULL, 1),
(284, 'E35F24CC', 20, 48, 68, 4, 225, 'set', 'IBS Kandungan 2', 1, '2025-07-29 03:24:18', '2025-08-28 03:24:18', 'expired', NULL, NULL, NULL, NULL, '[{\"instrument_id\":6,\"quantity\":2},{\"instrument_id\":7,\"quantity\":4},{\"instrument_id\":10,\"quantity\":2},{\"instrument_id\":12,\"quantity\":1},{\"instrument_id\":15,\"quantity\":1},{\"instrument_id\":16,\"quantity\":1},{\"instrument_id\":17,\"quantity\":5},{\"instrument_id\":18,\"quantity\":1},{\"instrument_id\":19,\"quantity\":2},{\"instrument_id\":20,\"quantity\":2},{\"instrument_id\":22,\"quantity\":1},{\"instrument_id\":24,\"quantity\":1},{\"instrument_id\":25,\"quantity\":1},{\"instrument_id\":26,\"quantity\":1},{\"instrument_id\":27,\"quantity\":1},{\"instrument_id\":29,\"quantity\":1},{\"instrument_id\":31,\"quantity\":2},{\"instrument_id\":32,\"quantity\":2},{\"instrument_id\":33,\"quantity\":2},{\"instrument_id\":35,\"quantity\":5},{\"instrument_id\":36,\"quantity\":1},{\"instrument_id\":40,\"quantity\":1}]', 'printed', NULL, NULL, NULL, NULL, 1),
(285, '1520C68B', 22, 49, 69, 4, 226, 'set', 'IBS Bedah 1 bak panjang ram', 1, '2025-08-05 01:03:59', '2025-09-04 01:03:59', 'expired', NULL, NULL, NULL, NULL, '[{\"instrument_id\":6,\"quantity\":4},{\"instrument_id\":7,\"quantity\":3},{\"instrument_id\":10,\"quantity\":2},{\"instrument_id\":11,\"quantity\":5},{\"instrument_id\":12,\"quantity\":1},{\"instrument_id\":13,\"quantity\":1},{\"instrument_id\":14,\"quantity\":1},{\"instrument_id\":15,\"quantity\":1},{\"instrument_id\":17,\"quantity\":5},{\"instrument_id\":18,\"quantity\":1},{\"instrument_id\":19,\"quantity\":1},{\"instrument_id\":22,\"quantity\":1},{\"instrument_id\":25,\"quantity\":5},{\"instrument_id\":26,\"quantity\":1},{\"instrument_id\":27,\"quantity\":1},{\"instrument_id\":29,\"quantity\":1},{\"instrument_id\":30,\"quantity\":1},{\"instrument_id\":31,\"quantity\":2},{\"instrument_id\":32,\"quantity\":2},{\"instrument_id\":33,\"quantity\":1},{\"instrument_id\":35,\"quantity\":1},{\"instrument_id\":36,\"quantity\":1},{\"instrument_id\":37,\"quantity\":1},{\"instrument_id\":50,\"quantity\":2}]', 'printed', NULL, NULL, NULL, NULL, 1),
(286, '4F37D1CB', 27, 49, 69, 4, 227, 'set', 'IBS Bedah 2', 1, '2025-08-05 01:03:59', '2025-09-04 01:03:59', 'expired', NULL, NULL, NULL, NULL, '[{\"instrument_id\":6,\"quantity\":5},{\"instrument_id\":10,\"quantity\":1},{\"instrument_id\":11,\"quantity\":4},{\"instrument_id\":12,\"quantity\":1},{\"instrument_id\":14,\"quantity\":1},{\"instrument_id\":15,\"quantity\":1},{\"instrument_id\":17,\"quantity\":5},{\"instrument_id\":18,\"quantity\":1},{\"instrument_id\":19,\"quantity\":1},{\"instrument_id\":20,\"quantity\":1},{\"instrument_id\":24,\"quantity\":2},{\"instrument_id\":25,\"quantity\":2},{\"instrument_id\":26,\"quantity\":1},{\"instrument_id\":27,\"quantity\":1},{\"instrument_id\":29,\"quantity\":1},{\"instrument_id\":30,\"quantity\":4},{\"instrument_id\":31,\"quantity\":2},{\"instrument_id\":32,\"quantity\":2},{\"instrument_id\":33,\"quantity\":2},{\"instrument_id\":35,\"quantity\":2},{\"instrument_id\":36,\"quantity\":1},{\"instrument_id\":37,\"quantity\":1},{\"instrument_id\":50,\"quantity\":1}]', 'pending', NULL, NULL, NULL, NULL, 1),
(287, '98D9E2DD', 46, 49, 69, 4, 228, 'set', 'IBS Bedah 3', 1, '2025-08-05 01:03:59', '2025-09-04 01:03:59', 'expired', NULL, NULL, NULL, NULL, '[{\"instrument_id\":5,\"quantity\":2},{\"instrument_id\":6,\"quantity\":4},{\"instrument_id\":7,\"quantity\":2},{\"instrument_id\":10,\"quantity\":4},{\"instrument_id\":11,\"quantity\":4},{\"instrument_id\":12,\"quantity\":1},{\"instrument_id\":15,\"quantity\":1},{\"instrument_id\":16,\"quantity\":1},{\"instrument_id\":17,\"quantity\":5},{\"instrument_id\":18,\"quantity\":2},{\"instrument_id\":19,\"quantity\":2},{\"instrument_id\":20,\"quantity\":1},{\"instrument_id\":22,\"quantity\":1},{\"instrument_id\":24,\"quantity\":1},{\"instrument_id\":25,\"quantity\":2},{\"instrument_id\":26,\"quantity\":1},{\"instrument_id\":27,\"quantity\":1},{\"instrument_id\":28,\"quantity\":1},{\"instrument_id\":29,\"quantity\":1},{\"instrument_id\":30,\"quantity\":4},{\"instrument_id\":31,\"quantity\":2},{\"instrument_id\":32,\"quantity\":2},{\"instrument_id\":33,\"quantity\":3},{\"instrument_id\":35,\"quantity\":2},{\"instrument_id\":36,\"quantity\":1},{\"instrument_id\":50,\"quantity\":1}]', 'pending', NULL, NULL, NULL, NULL, 1),
(288, '4958088F', 97, 50, 70, 8, 229, 'instrument', 'abc', 1, '2025-08-07 17:26:42', '2025-09-06 17:26:42', 'expired', NULL, NULL, NULL, NULL, NULL, 'printed', NULL, NULL, NULL, NULL, 2),
(289, 'EB0DD423', 87, 50, 70, 8, 230, 'instrument', 'ABC', 1, '2025-08-07 17:26:42', '2025-09-06 17:26:42', 'expired', NULL, NULL, NULL, NULL, NULL, 'printed', NULL, NULL, NULL, NULL, 2),
(290, '7EE347C3', 80, 51, 71, 4, 231, 'set', 'Abortus', 1, '2025-08-07 17:40:11', '2025-08-14 17:40:11', 'expired', NULL, NULL, NULL, NULL, '[{\"instrument_id\":70,\"quantity\":1},{\"instrument_id\":71,\"quantity\":1}]', 'printed', NULL, NULL, NULL, NULL, 1),
(291, 'BBAB144D', 80, 52, 72, 8, 232, 'set', 'Abortus', 1, '2025-08-07 17:53:59', '2025-08-14 17:53:59', 'expired', NULL, NULL, NULL, NULL, '[{\"instrument_id\":70,\"quantity\":1},{\"instrument_id\":71,\"quantity\":1}]', 'printed', NULL, NULL, NULL, NULL, 1),
(292, 'A751503A', 22, 53, 73, 4, 233, 'set', 'IBS Bedah 1 bak panjang ram', 1, '2025-08-14 07:38:08', '2025-09-13 07:38:08', 'active', NULL, NULL, NULL, NULL, '[{\"instrument_id\":6,\"quantity\":4},{\"instrument_id\":7,\"quantity\":3},{\"instrument_id\":10,\"quantity\":2},{\"instrument_id\":11,\"quantity\":5},{\"instrument_id\":12,\"quantity\":1},{\"instrument_id\":13,\"quantity\":1},{\"instrument_id\":14,\"quantity\":1},{\"instrument_id\":15,\"quantity\":1},{\"instrument_id\":17,\"quantity\":5},{\"instrument_id\":18,\"quantity\":1},{\"instrument_id\":19,\"quantity\":1},{\"instrument_id\":22,\"quantity\":1},{\"instrument_id\":25,\"quantity\":5},{\"instrument_id\":26,\"quantity\":1},{\"instrument_id\":27,\"quantity\":1},{\"instrument_id\":29,\"quantity\":1},{\"instrument_id\":30,\"quantity\":1},{\"instrument_id\":31,\"quantity\":2},{\"instrument_id\":32,\"quantity\":2},{\"instrument_id\":33,\"quantity\":1},{\"instrument_id\":35,\"quantity\":1},{\"instrument_id\":36,\"quantity\":1},{\"instrument_id\":37,\"quantity\":1},{\"instrument_id\":50,\"quantity\":2}]', 'printed', NULL, NULL, NULL, NULL, 2),
(293, '0D3AE05E', 27, 53, 73, 4, 234, 'set', 'IBS Bedah 2', 1, '2025-08-14 07:38:08', '2025-09-13 07:38:08', 'active', NULL, NULL, NULL, NULL, '[{\"instrument_id\":6,\"quantity\":5},{\"instrument_id\":10,\"quantity\":1},{\"instrument_id\":11,\"quantity\":4},{\"instrument_id\":12,\"quantity\":1},{\"instrument_id\":14,\"quantity\":1},{\"instrument_id\":15,\"quantity\":1},{\"instrument_id\":17,\"quantity\":5},{\"instrument_id\":18,\"quantity\":1},{\"instrument_id\":19,\"quantity\":1},{\"instrument_id\":20,\"quantity\":1},{\"instrument_id\":24,\"quantity\":2},{\"instrument_id\":25,\"quantity\":2},{\"instrument_id\":26,\"quantity\":1},{\"instrument_id\":27,\"quantity\":1},{\"instrument_id\":29,\"quantity\":1},{\"instrument_id\":30,\"quantity\":4},{\"instrument_id\":31,\"quantity\":2},{\"instrument_id\":32,\"quantity\":2},{\"instrument_id\":33,\"quantity\":2},{\"instrument_id\":35,\"quantity\":2},{\"instrument_id\":36,\"quantity\":1},{\"instrument_id\":37,\"quantity\":1},{\"instrument_id\":50,\"quantity\":1}]', 'printed', NULL, NULL, NULL, NULL, 2),
(294, '5990456C', 46, 53, 73, 4, 235, 'set', 'IBS Bedah 3', 1, '2025-08-14 07:38:08', '2025-09-13 07:38:08', 'recalled', NULL, NULL, NULL, 'RECALLED (public): 19-08-2025 19:42 - Bengkok kurang 1\n-----------------\n', '[{\"instrument_id\":5,\"quantity\":2},{\"instrument_id\":6,\"quantity\":4},{\"instrument_id\":7,\"quantity\":2},{\"instrument_id\":10,\"quantity\":4},{\"instrument_id\":11,\"quantity\":4},{\"instrument_id\":12,\"quantity\":1},{\"instrument_id\":15,\"quantity\":1},{\"instrument_id\":16,\"quantity\":1},{\"instrument_id\":17,\"quantity\":5},{\"instrument_id\":18,\"quantity\":2},{\"instrument_id\":19,\"quantity\":2},{\"instrument_id\":20,\"quantity\":1},{\"instrument_id\":22,\"quantity\":1},{\"instrument_id\":24,\"quantity\":1},{\"instrument_id\":25,\"quantity\":2},{\"instrument_id\":26,\"quantity\":1},{\"instrument_id\":27,\"quantity\":1},{\"instrument_id\":28,\"quantity\":1},{\"instrument_id\":29,\"quantity\":1},{\"instrument_id\":30,\"quantity\":4},{\"instrument_id\":31,\"quantity\":2},{\"instrument_id\":32,\"quantity\":2},{\"instrument_id\":33,\"quantity\":3},{\"instrument_id\":35,\"quantity\":2},{\"instrument_id\":36,\"quantity\":1},{\"instrument_id\":50,\"quantity\":1}]', 'printed', '114.10.123.66', 'Mozilla/5.0 (X11; Linux x86_64) AppleWebKit/537.36 (KHTML, like Gecko) Chrome/138.0.0.0 Safari/537.36', NULL, NULL, 2),
(295, '67AC665E', 45, 53, 73, 4, 236, 'set', 'IBS Bedah 5', 1, '2025-08-14 07:38:08', '2025-09-13 07:38:08', 'active', NULL, NULL, NULL, NULL, '[{\"instrument_id\":6,\"quantity\":4},{\"instrument_id\":10,\"quantity\":1},{\"instrument_id\":11,\"quantity\":4},{\"instrument_id\":12,\"quantity\":1},{\"instrument_id\":15,\"quantity\":1},{\"instrument_id\":16,\"quantity\":1},{\"instrument_id\":17,\"quantity\":5},{\"instrument_id\":18,\"quantity\":2},{\"instrument_id\":19,\"quantity\":2},{\"instrument_id\":22,\"quantity\":1},{\"instrument_id\":24,\"quantity\":1},{\"instrument_id\":25,\"quantity\":3},{\"instrument_id\":26,\"quantity\":1},{\"instrument_id\":27,\"quantity\":1},{\"instrument_id\":29,\"quantity\":1},{\"instrument_id\":30,\"quantity\":4},{\"instrument_id\":31,\"quantity\":2},{\"instrument_id\":32,\"quantity\":2},{\"instrument_id\":36,\"quantity\":1},{\"instrument_id\":50,\"quantity\":2}]', 'printed', NULL, NULL, NULL, NULL, 2),
(296, '34414B2E', 34, 53, 73, 4, 237, 'set', 'IBS Bedah 6', 1, '2025-08-14 07:38:08', '2025-09-13 07:38:08', 'active', NULL, NULL, NULL, NULL, '[{\"instrument_id\":6,\"quantity\":2},{\"instrument_id\":8,\"quantity\":3},{\"instrument_id\":10,\"quantity\":1},{\"instrument_id\":11,\"quantity\":5},{\"instrument_id\":12,\"quantity\":1},{\"instrument_id\":14,\"quantity\":1},{\"instrument_id\":15,\"quantity\":1},{\"instrument_id\":16,\"quantity\":1},{\"instrument_id\":17,\"quantity\":5},{\"instrument_id\":19,\"quantity\":2},{\"instrument_id\":20,\"quantity\":1},{\"instrument_id\":22,\"quantity\":1},{\"instrument_id\":24,\"quantity\":2},{\"instrument_id\":25,\"quantity\":2},{\"instrument_id\":26,\"quantity\":1},{\"instrument_id\":29,\"quantity\":1},{\"instrument_id\":30,\"quantity\":4},{\"instrument_id\":31,\"quantity\":2},{\"instrument_id\":32,\"quantity\":2},{\"instrument_id\":33,\"quantity\":2},{\"instrument_id\":35,\"quantity\":2},{\"instrument_id\":50,\"quantity\":1}]', 'printed', NULL, NULL, NULL, NULL, 2),
(297, 'B67D6CE5', 33, 53, 73, 4, 238, 'set', 'IBS Bedah 7', 1, '2025-08-14 07:38:08', '2025-09-13 07:38:08', 'used', '2025-08-26 06:40:02', NULL, NULL, 'USED: 26-08-2025 13:40 - Oleh: Sudah digunakan\n-----------------\n', '[{\"instrument_id\":6,\"quantity\":3},{\"instrument_id\":7,\"quantity\":2},{\"instrument_id\":8,\"quantity\":1},{\"instrument_id\":10,\"quantity\":1},{\"instrument_id\":11,\"quantity\":3},{\"instrument_id\":12,\"quantity\":1},{\"instrument_id\":14,\"quantity\":1},{\"instrument_id\":15,\"quantity\":1},{\"instrument_id\":16,\"quantity\":1},{\"instrument_id\":17,\"quantity\":5},{\"instrument_id\":18,\"quantity\":1},{\"instrument_id\":19,\"quantity\":1},{\"instrument_id\":20,\"quantity\":1},{\"instrument_id\":24,\"quantity\":2},{\"instrument_id\":25,\"quantity\":3},{\"instrument_id\":26,\"quantity\":1},{\"instrument_id\":27,\"quantity\":1},{\"instrument_id\":29,\"quantity\":1},{\"instrument_id\":30,\"quantity\":1},{\"instrument_id\":31,\"quantity\":2},{\"instrument_id\":32,\"quantity\":2},{\"instrument_id\":33,\"quantity\":1},{\"instrument_id\":50,\"quantity\":1}]', 'printed', '182.253.137.35', 'Mozilla/5.0 (iPhone; CPU iPhone OS 15_8_4 like Mac OS X) AppleWebKit/605.1.15 (KHTML, like Gecko) Version/15.6.7 Mobile/15E148 Safari/604.1', NULL, NULL, 2),
(298, '8436BB36', 28, 53, 73, 4, 239, 'set', 'IBS Kandungan 1', 1, '2025-08-14 07:38:08', '2025-09-13 07:38:08', 'active', NULL, NULL, NULL, NULL, '[{\"instrument_id\":6,\"quantity\":5},{\"instrument_id\":7,\"quantity\":3},{\"instrument_id\":11,\"quantity\":2},{\"instrument_id\":12,\"quantity\":1},{\"instrument_id\":14,\"quantity\":1},{\"instrument_id\":15,\"quantity\":1},{\"instrument_id\":16,\"quantity\":1},{\"instrument_id\":17,\"quantity\":5},{\"instrument_id\":18,\"quantity\":1},{\"instrument_id\":19,\"quantity\":1},{\"instrument_id\":20,\"quantity\":1},{\"instrument_id\":22,\"quantity\":1},{\"instrument_id\":23,\"quantity\":1},{\"instrument_id\":24,\"quantity\":1},{\"instrument_id\":25,\"quantity\":1},{\"instrument_id\":26,\"quantity\":1},{\"instrument_id\":27,\"quantity\":1},{\"instrument_id\":28,\"quantity\":1},{\"instrument_id\":29,\"quantity\":1},{\"instrument_id\":31,\"quantity\":2},{\"instrument_id\":32,\"quantity\":2},{\"instrument_id\":33,\"quantity\":2},{\"instrument_id\":35,\"quantity\":5},{\"instrument_id\":36,\"quantity\":1},{\"instrument_id\":40,\"quantity\":1},{\"instrument_id\":50,\"quantity\":1}]', 'printed', NULL, NULL, NULL, NULL, 2),
(299, '42BAF11B', 20, 53, 73, 4, 240, 'set', 'IBS Kandungan 2', 1, '2025-08-14 07:38:08', '2025-09-13 07:38:08', 'active', NULL, NULL, NULL, NULL, '[{\"instrument_id\":6,\"quantity\":2},{\"instrument_id\":7,\"quantity\":4},{\"instrument_id\":10,\"quantity\":2},{\"instrument_id\":12,\"quantity\":1},{\"instrument_id\":15,\"quantity\":1},{\"instrument_id\":16,\"quantity\":1},{\"instrument_id\":17,\"quantity\":5},{\"instrument_id\":18,\"quantity\":1},{\"instrument_id\":19,\"quantity\":2},{\"instrument_id\":20,\"quantity\":2},{\"instrument_id\":22,\"quantity\":1},{\"instrument_id\":24,\"quantity\":1},{\"instrument_id\":25,\"quantity\":1},{\"instrument_id\":26,\"quantity\":1},{\"instrument_id\":27,\"quantity\":1},{\"instrument_id\":29,\"quantity\":1},{\"instrument_id\":31,\"quantity\":2},{\"instrument_id\":32,\"quantity\":2},{\"instrument_id\":33,\"quantity\":2},{\"instrument_id\":35,\"quantity\":5},{\"instrument_id\":36,\"quantity\":1},{\"instrument_id\":40,\"quantity\":1}]', 'printed', NULL, NULL, NULL, NULL, 2),
(300, '36CA8556', 24, 53, 73, 4, 241, 'set', 'IBS Kandungan 3', 1, '2025-08-14 07:38:08', '2025-09-13 07:38:08', 'active', NULL, NULL, NULL, NULL, '[{\"instrument_id\":6,\"quantity\":5},{\"instrument_id\":7,\"quantity\":5},{\"instrument_id\":10,\"quantity\":4},{\"instrument_id\":12,\"quantity\":1},{\"instrument_id\":14,\"quantity\":1},{\"instrument_id\":15,\"quantity\":1},{\"instrument_id\":17,\"quantity\":5},{\"instrument_id\":18,\"quantity\":1},{\"instrument_id\":19,\"quantity\":1},{\"instrument_id\":20,\"quantity\":1},{\"instrument_id\":22,\"quantity\":1},{\"instrument_id\":23,\"quantity\":1},{\"instrument_id\":24,\"quantity\":1},{\"instrument_id\":25,\"quantity\":1},{\"instrument_id\":26,\"quantity\":1},{\"instrument_id\":28,\"quantity\":1},{\"instrument_id\":29,\"quantity\":1},{\"instrument_id\":30,\"quantity\":1},{\"instrument_id\":31,\"quantity\":2},{\"instrument_id\":32,\"quantity\":2},{\"instrument_id\":33,\"quantity\":2},{\"instrument_id\":35,\"quantity\":5},{\"instrument_id\":36,\"quantity\":1},{\"instrument_id\":39,\"quantity\":1},{\"instrument_id\":40,\"quantity\":1},{\"instrument_id\":50,\"quantity\":2}]', 'printed', NULL, NULL, NULL, NULL, 2),
(301, 'E38BFF7B', 81, 54, 74, 4, 242, 'set', 'SET BEDAH 1 LANTAI 7', 1, '2025-08-19 12:31:35', '2026-08-19 12:31:35', 'active', NULL, NULL, NULL, NULL, '[{\"instrument_id\":6,\"quantity\":1},{\"instrument_id\":7,\"quantity\":1},{\"instrument_id\":8,\"quantity\":1},{\"instrument_id\":19,\"quantity\":1},{\"instrument_id\":20,\"quantity\":1},{\"instrument_id\":85,\"quantity\":1},{\"instrument_id\":102,\"quantity\":1}]', 'printed', NULL, NULL, NULL, NULL, 1),
(302, '86E5E4E1', 25, 55, 75, 11, 243, 'set', 'IBS Kandungan 7', 1, '2025-08-23 09:18:53', '2025-09-22 09:18:53', 'active', NULL, NULL, NULL, NULL, '[{\"instrument_id\":6,\"quantity\":5},{\"instrument_id\":7,\"quantity\":2},{\"instrument_id\":10,\"quantity\":4},{\"instrument_id\":12,\"quantity\":1},{\"instrument_id\":13,\"quantity\":1},{\"instrument_id\":14,\"quantity\":1},{\"instrument_id\":15,\"quantity\":1},{\"instrument_id\":17,\"quantity\":5},{\"instrument_id\":19,\"quantity\":2},{\"instrument_id\":20,\"quantity\":1},{\"instrument_id\":22,\"quantity\":1},{\"instrument_id\":23,\"quantity\":1},{\"instrument_id\":24,\"quantity\":1},{\"instrument_id\":26,\"quantity\":1},{\"instrument_id\":27,\"quantity\":1},{\"instrument_id\":28,\"quantity\":1},{\"instrument_id\":29,\"quantity\":1},{\"instrument_id\":30,\"quantity\":3},{\"instrument_id\":31,\"quantity\":2},{\"instrument_id\":32,\"quantity\":2},{\"instrument_id\":33,\"quantity\":2},{\"instrument_id\":35,\"quantity\":5},{\"instrument_id\":36,\"quantity\":1},{\"instrument_id\":50,\"quantity\":1}]', 'pending', NULL, NULL, NULL, NULL, 1),
(303, '526C03ED', 25, 55, 75, 11, 244, 'set', 'IBS Kandungan 7', 1, '2025-08-23 09:18:53', '2025-09-22 09:18:53', 'active', NULL, NULL, NULL, NULL, '[{\"instrument_id\":6,\"quantity\":5},{\"instrument_id\":7,\"quantity\":2},{\"instrument_id\":10,\"quantity\":4},{\"instrument_id\":12,\"quantity\":1},{\"instrument_id\":13,\"quantity\":1},{\"instrument_id\":14,\"quantity\":1},{\"instrument_id\":15,\"quantity\":1},{\"instrument_id\":17,\"quantity\":5},{\"instrument_id\":19,\"quantity\":2},{\"instrument_id\":20,\"quantity\":1},{\"instrument_id\":22,\"quantity\":1},{\"instrument_id\":23,\"quantity\":1},{\"instrument_id\":24,\"quantity\":1},{\"instrument_id\":26,\"quantity\":1},{\"instrument_id\":27,\"quantity\":1},{\"instrument_id\":28,\"quantity\":1},{\"instrument_id\":29,\"quantity\":1},{\"instrument_id\":30,\"quantity\":3},{\"instrument_id\":31,\"quantity\":2},{\"instrument_id\":32,\"quantity\":2},{\"instrument_id\":33,\"quantity\":2},{\"instrument_id\":35,\"quantity\":5},{\"instrument_id\":36,\"quantity\":1},{\"instrument_id\":50,\"quantity\":1}]', 'pending', NULL, NULL, NULL, NULL, 1),
(304, '5E9F3685', 80, 57, 80, 4, 247, 'set', 'Abortus', 1, '2025-08-25 03:41:25', '2025-09-01 03:41:25', 'expired', NULL, NULL, NULL, NULL, '[{\"instrument_id\":70,\"quantity\":1},{\"instrument_id\":71,\"quantity\":1}]', 'printed', NULL, NULL, NULL, NULL, 7),
(305, 'FB34E41E', 75, 57, 80, 4, 248, 'set', 'BEDAH GEMOLONG', 1, '2025-08-25 03:41:25', '2025-09-24 03:41:25', 'active', NULL, NULL, NULL, NULL, '[{\"instrument_id\":70,\"quantity\":5},{\"instrument_id\":71,\"quantity\":1},{\"instrument_id\":72,\"quantity\":1},{\"instrument_id\":73,\"quantity\":1},{\"instrument_id\":74,\"quantity\":1},{\"instrument_id\":75,\"quantity\":1}]', 'printed', NULL, NULL, NULL, NULL, 7),
(306, '1A7CF633', 80, 58, 83, 4, 251, 'set', 'Abortus', 1, '2025-08-27 12:45:22', '2025-09-26 12:45:22', 'active', NULL, NULL, NULL, NULL, '[{\"instrument_id\":99,\"quantity\":1},{\"instrument_id\":70,\"quantity\":2}]', 'printed', NULL, NULL, NULL, NULL, 1),
(307, 'DF3317CE', 67, 58, 83, 4, 252, 'set', 'BPH', 1, '2025-08-27 12:45:22', '2025-09-26 12:45:22', 'active', NULL, NULL, NULL, NULL, '[{\"instrument_id\":70,\"quantity\":1},{\"instrument_id\":71,\"quantity\":1},{\"instrument_id\":72,\"quantity\":3}]', 'printed', NULL, NULL, NULL, NULL, 1),
(308, '339DDFFB', 76, 58, 83, 4, 254, 'set', 'BEDAH WARAS WIRIS', 1, '2025-08-27 12:45:22', '2025-08-30 12:45:22', 'expired', NULL, NULL, NULL, NULL, '[{\"instrument_id\":19,\"quantity\":2},{\"instrument_id\":20,\"quantity\":1},{\"instrument_id\":32,\"quantity\":6},{\"instrument_id\":70,\"quantity\":1},{\"instrument_id\":71,\"quantity\":1}]', 'printed', NULL, NULL, NULL, NULL, 1);
INSERT INTO `sterilization_records` (`record_id`, `label_unique_id`, `item_id`, `cycle_id`, `load_id`, `destination_department_id`, `load_item_id`, `item_type`, `label_title`, `created_by_user_id`, `created_at`, `expiry_date`, `status`, `used_at`, `validated_by_user_id`, `validated_at`, `notes`, `label_items_snapshot`, `print_status`, `action_ip_address`, `action_user_agent`, `usage_proof_filename`, `issue_proof_filename`, `print_count`) VALUES
(309, 'E02B0EA0', 87, 59, 85, 8, 257, 'instrument', 'ABC', 1, '2025-08-27 13:13:44', '2025-09-03 13:13:44', 'used', '2025-08-29 05:58:29', NULL, NULL, 'USED (via API): 29-08-2025 12:58 - Note: Selesai operasi Apendektomi\n-----------------\n', NULL, 'printed', '54.86.50.139', 'API Request', NULL, NULL, 3),
(310, '3C54C6D3', 71, 59, 85, 8, 258, 'instrument', 'ABORTUS TANG LURUS', 1, '2025-08-27 13:13:44', '2025-09-26 13:13:44', 'active', NULL, NULL, NULL, NULL, NULL, 'printed', NULL, NULL, NULL, NULL, 2),
(311, '1C0D9645', 27, 61, 89, 1, NULL, 'set', 'Item 27', 1, '2025-08-29 13:14:11', '2025-09-28 13:14:11', 'active', NULL, NULL, NULL, NULL, '[{\"instrument_id\":6,\"quantity\":5},{\"instrument_id\":10,\"quantity\":1},{\"instrument_id\":11,\"quantity\":4},{\"instrument_id\":12,\"quantity\":1},{\"instrument_id\":14,\"quantity\":1},{\"instrument_id\":15,\"quantity\":1},{\"instrument_id\":17,\"quantity\":5},{\"instrument_id\":18,\"quantity\":1},{\"instrument_id\":19,\"quantity\":1},{\"instrument_id\":20,\"quantity\":1},{\"instrument_id\":24,\"quantity\":2},{\"instrument_id\":25,\"quantity\":2},{\"instrument_id\":26,\"quantity\":1},{\"instrument_id\":27,\"quantity\":1},{\"instrument_id\":29,\"quantity\":1},{\"instrument_id\":30,\"quantity\":4},{\"instrument_id\":31,\"quantity\":2},{\"instrument_id\":32,\"quantity\":2},{\"instrument_id\":33,\"quantity\":2},{\"instrument_id\":35,\"quantity\":2},{\"instrument_id\":36,\"quantity\":1},{\"instrument_id\":37,\"quantity\":1},{\"instrument_id\":50,\"quantity\":1}]', 'pending', NULL, NULL, NULL, NULL, 12),
(312, '77E73547', 70, 61, 89, 1, NULL, 'instrument', 'Item 70', 1, '2025-08-29 13:14:11', '2025-09-28 13:14:11', 'active', NULL, NULL, NULL, NULL, NULL, 'pending', NULL, NULL, NULL, NULL, 0),
(313, '5E9A49D9', 27, 61, 89, 1, 261, 'set', 'IBS Bedah 2', 1, '2025-08-29 13:38:43', '2025-09-28 13:38:43', 'voided', NULL, NULL, NULL, 'CATATAN INTERNAL (03-09-2025 02:20 oleh Administrator): Haaaa!\n-----------------\nLABEL DIBATALKAN (03-09-2025 02:01 oleh Administrator): Human Error\n-----------------\nPEMBATALAN PENGGUNAAN (03-09-2025 01:50 oleh Administrator): Human Error\n-----------------\nUSED: 03-09-2025 00:35 - Oleh: GG\n-----------------\n', '[{\"instrument_id\":6,\"quantity\":5},{\"instrument_id\":10,\"quantity\":1},{\"instrument_id\":11,\"quantity\":4},{\"instrument_id\":12,\"quantity\":1},{\"instrument_id\":14,\"quantity\":1},{\"instrument_id\":15,\"quantity\":1},{\"instrument_id\":17,\"quantity\":5},{\"instrument_id\":18,\"quantity\":1},{\"instrument_id\":19,\"quantity\":1},{\"instrument_id\":20,\"quantity\":1},{\"instrument_id\":24,\"quantity\":2},{\"instrument_id\":25,\"quantity\":2},{\"instrument_id\":26,\"quantity\":1},{\"instrument_id\":27,\"quantity\":1},{\"instrument_id\":29,\"quantity\":1},{\"instrument_id\":30,\"quantity\":4},{\"instrument_id\":31,\"quantity\":2},{\"instrument_id\":32,\"quantity\":2},{\"instrument_id\":33,\"quantity\":2},{\"instrument_id\":35,\"quantity\":2},{\"instrument_id\":36,\"quantity\":1},{\"instrument_id\":37,\"quantity\":1},{\"instrument_id\":50,\"quantity\":1}]', 'printed', '210.211.17.122', 'Mozilla/5.0 (Macintosh; Intel Mac OS X 10_15_7) AppleWebKit/537.36 (KHTML, like Gecko) Chrome/139.0.0.0 Safari/537.36', 'proof_5E9A49D9_1756834508.png', NULL, 2),
(314, '482EF10A', 70, 61, 89, 1, 262, 'instrument', 'ABORTUS TANG BENGKOK', 1, '2025-08-29 13:38:43', '2025-09-28 13:38:43', 'recalled', NULL, NULL, NULL, 'CATATAN INTERNAL (03-09-2025 01:42 oleh Administrator): OK\n-----------------\nRECALLED (public): 03-09-2025 01:05 - Gagal son\n-----------------\n', NULL, 'printed', '210.211.17.122', 'Mozilla/5.0 (Macintosh; Intel Mac OS X 10_15_7) AppleWebKit/537.36 (KHTML, like Gecko) Chrome/139.0.0.0 Safari/537.36', NULL, 'issue_482EF10A_1756836301.png', 1),
(315, '57EE2543', 70, 62, 90, 1, NULL, 'instrument', 'ABORTUS TANG BENGKOK', 1, '2025-08-29 13:53:51', '2025-09-28 13:53:51', 'used', '2025-09-02 17:15:42', NULL, NULL, 'USED: 03-09-2025 00:15 - Oleh: Test\n-----------------\n', NULL, 'pending', '210.211.17.122', 'Mozilla/5.0 (Macintosh; Intel Mac OS X 10_15_7) AppleWebKit/537.36 (KHTML, like Gecko) Chrome/139.0.0.0 Safari/537.36', NULL, NULL, 5),
(316, '4E52A61C', 83, 63, 92, 12, 264, 'set', 'contoh dengan gambar', 1, '2025-09-03 01:38:35', '2025-10-03 01:38:35', 'active', NULL, NULL, NULL, NULL, '[{\"instrument_id\":5,\"quantity\":1},{\"instrument_id\":70,\"quantity\":1},{\"instrument_id\":71,\"quantity\":1},{\"instrument_id\":303,\"quantity\":1},{\"instrument_id\":559,\"quantity\":1}]', 'printed', NULL, NULL, NULL, NULL, 1),
(317, '21D61415', 83, 64, 93, 2, 265, 'set', 'contoh dengan gambar', 1, '2025-09-03 01:48:09', '2025-10-03 01:48:09', 'active', NULL, NULL, NULL, NULL, '[{\"instrument_id\":5,\"quantity\":1},{\"instrument_id\":70,\"quantity\":1},{\"instrument_id\":71,\"quantity\":1},{\"instrument_id\":303,\"quantity\":1},{\"instrument_id\":559,\"quantity\":1}]', 'printed', NULL, NULL, NULL, NULL, 1),
(318, '28873F73', 80, 65, 94, 1, 268, 'set', 'Abortus', 1, '2025-09-03 15:06:52', '2025-11-02 15:06:52', 'active', NULL, NULL, NULL, NULL, '[{\"instrument_id\":70,\"quantity\":1},{\"instrument_id\":71,\"quantity\":1}]', 'printed', NULL, NULL, NULL, NULL, 1),
(319, '034CF380', 17, 65, 94, 1, 269, 'set', 'CURET IBS', 1, '2025-09-03 15:06:52', '2025-09-10 15:06:52', 'active', NULL, NULL, NULL, NULL, '[{\"instrument_id\":12,\"quantity\":1},{\"instrument_id\":15,\"quantity\":1},{\"instrument_id\":16,\"quantity\":1},{\"instrument_id\":17,\"quantity\":1},{\"instrument_id\":31,\"quantity\":1},{\"instrument_id\":32,\"quantity\":1},{\"instrument_id\":35,\"quantity\":1},{\"instrument_id\":70,\"quantity\":1},{\"instrument_id\":71,\"quantity\":1},{\"instrument_id\":72,\"quantity\":1},{\"instrument_id\":73,\"quantity\":1},{\"instrument_id\":74,\"quantity\":1},{\"instrument_id\":75,\"quantity\":1},{\"instrument_id\":76,\"quantity\":1},{\"instrument_id\":77,\"quantity\":1},{\"instrument_id\":78,\"quantity\":1},{\"instrument_id\":79,\"quantity\":1},{\"instrument_id\":80,\"quantity\":1},{\"instrument_id\":81,\"quantity\":1},{\"instrument_id\":82,\"quantity\":1}]', 'printed', NULL, NULL, NULL, NULL, 1),
(320, '87816B5A', 69, 66, 96, 4, 272, 'set', 'BPH', 1, '2025-09-03 15:59:18', '2025-10-03 15:59:18', 'active', NULL, NULL, NULL, NULL, '[{\"instrument_id\":72,\"quantity\":1},{\"instrument_id\":73,\"quantity\":1},{\"instrument_id\":74,\"quantity\":1}]', 'pending', NULL, NULL, NULL, NULL, 2),
(321, '9A53CFB6', 80, 66, 96, 4, 273, 'set', 'Abortus', 1, '2025-09-03 15:59:18', '2025-11-02 15:59:18', 'active', NULL, NULL, NULL, NULL, '[{\"instrument_id\":70,\"quantity\":1},{\"instrument_id\":71,\"quantity\":1}]', 'pending', NULL, NULL, NULL, NULL, 2),
(322, '5F8FBF7C', 17, 67, 95, 1, 270, 'set', 'CURET IBS', 1, '2025-09-05 16:27:43', '2025-09-12 16:27:43', 'active', NULL, NULL, NULL, NULL, '[{\"instrument_id\":12,\"quantity\":1},{\"instrument_id\":15,\"quantity\":1},{\"instrument_id\":16,\"quantity\":1},{\"instrument_id\":17,\"quantity\":1},{\"instrument_id\":31,\"quantity\":1},{\"instrument_id\":32,\"quantity\":1},{\"instrument_id\":35,\"quantity\":1},{\"instrument_id\":70,\"quantity\":1},{\"instrument_id\":71,\"quantity\":1},{\"instrument_id\":72,\"quantity\":1},{\"instrument_id\":73,\"quantity\":1},{\"instrument_id\":74,\"quantity\":1},{\"instrument_id\":75,\"quantity\":1},{\"instrument_id\":76,\"quantity\":1},{\"instrument_id\":77,\"quantity\":1},{\"instrument_id\":78,\"quantity\":1},{\"instrument_id\":79,\"quantity\":1},{\"instrument_id\":80,\"quantity\":1},{\"instrument_id\":81,\"quantity\":1},{\"instrument_id\":82,\"quantity\":1}]', 'printed', NULL, NULL, NULL, NULL, 3),
(323, '4A884152', 80, 68, 91, 1, 267, 'set', 'Abortus', 1, '2025-09-05 17:09:36', '2025-11-04 17:09:36', 'active', NULL, NULL, NULL, NULL, '[{\"instrument_id\":70,\"quantity\":1},{\"instrument_id\":71,\"quantity\":1}]', 'printed', NULL, NULL, NULL, NULL, 1),
(324, '0F3C9AD5', 75, 68, 91, 1, 271, 'set', 'BEDAH GEMOLONG', 1, '2025-09-05 17:09:36', '2025-10-05 17:09:36', 'active', NULL, NULL, NULL, NULL, '[{\"instrument_id\":70,\"quantity\":5},{\"instrument_id\":71,\"quantity\":1},{\"instrument_id\":72,\"quantity\":1},{\"instrument_id\":73,\"quantity\":1},{\"instrument_id\":74,\"quantity\":1},{\"instrument_id\":75,\"quantity\":1}]', 'printed', NULL, NULL, NULL, NULL, 1),
(325, '5DDF9967', 80, 69, 97, 8, 274, 'set', 'Abortus', 1, '2025-09-05 17:10:44', '2025-11-04 17:10:44', 'active', NULL, NULL, NULL, NULL, '[{\"instrument_id\":70,\"quantity\":1},{\"instrument_id\":71,\"quantity\":1}]', 'printed', NULL, NULL, NULL, NULL, 2),
(326, '9939E8F9', 80, 70, 98, 4, 275, 'set', 'Abortus', 1, '2025-09-05 17:13:37', '2025-10-05 17:13:37', 'active', NULL, NULL, NULL, NULL, '[{\"instrument_id\":70,\"quantity\":1},{\"instrument_id\":71,\"quantity\":1}]', 'printed', NULL, NULL, NULL, NULL, 2),
(327, '920DED55', 80, 71, 99, 4, 276, 'set', 'Abortus', 1, '2025-09-05 17:19:56', '2025-10-05 17:19:56', 'active', NULL, NULL, NULL, NULL, '[{\"instrument_id\":70,\"quantity\":1},{\"instrument_id\":71,\"quantity\":1}]', 'printed', NULL, NULL, NULL, NULL, 2),
(328, '63F34B14', 80, 73, 101, 4, 278, 'set', 'Abortus', 1, '2025-09-05 18:26:52', '2025-10-05 18:26:52', 'active', NULL, NULL, NULL, NULL, '[{\"instrument_id\":70,\"quantity\":1},{\"instrument_id\":71,\"quantity\":1}]', 'printed', NULL, NULL, NULL, NULL, 1),
(329, 'D84E2F37', 67, 74, 105, 4, 281, 'set', 'BPH', 1, '2025-09-06 19:17:35', '2026-09-01 19:17:35', 'active', NULL, NULL, NULL, NULL, '[{\"instrument_id\":70,\"quantity\":1},{\"instrument_id\":71,\"quantity\":1},{\"instrument_id\":72,\"quantity\":1}]', 'printed', NULL, NULL, NULL, NULL, 3),
(330, '4F0D8B80', 69, 75, 106, 8, 282, 'set', 'BPH', 1, '2025-09-06 19:42:13', '2025-10-06 19:42:13', 'active', NULL, NULL, NULL, NULL, '[{\"instrument_id\":72,\"quantity\":1},{\"instrument_id\":73,\"quantity\":1},{\"instrument_id\":74,\"quantity\":1}]', 'printed', NULL, NULL, NULL, NULL, 1),
(331, '887971F8', 67, 76, 107, 8, 283, 'set', 'KEMASAN', 1, '2025-09-06 19:56:29', '2025-10-06 19:56:29', 'active', NULL, NULL, NULL, NULL, '[{\"instrument_id\":70,\"quantity\":1},{\"instrument_id\":71,\"quantity\":1},{\"instrument_id\":72,\"quantity\":1}]', 'printed', NULL, NULL, NULL, NULL, 2),
(332, '442D3144', 67, 77, 108, 8, 284, 'set', 'KEMASAN', 1, '2025-09-06 20:05:08', '2025-10-06 20:05:08', 'active', NULL, NULL, NULL, NULL, '[{\"instrument_id\":70,\"quantity\":1},{\"instrument_id\":71,\"quantity\":1},{\"instrument_id\":72,\"quantity\":1}]', 'printed', NULL, NULL, NULL, NULL, 2),
(333, '442FE0BE', 67, 78, 109, 8, 285, 'set', 'KEMASAN', 1, '2025-09-06 20:17:27', '2025-10-06 20:17:27', 'active', NULL, NULL, NULL, NULL, '[{\"instrument_id\":70,\"quantity\":1},{\"instrument_id\":71,\"quantity\":1},{\"instrument_id\":72,\"quantity\":1}]', 'printed', NULL, NULL, NULL, NULL, 2);

-- --------------------------------------------------------

--
-- Table structure for table `users`
--

CREATE TABLE `users` (
  `user_id` int(11) NOT NULL,
  `username` varchar(50) NOT NULL,
  `email` varchar(100) DEFAULT NULL,
  `password_hash` varchar(255) NOT NULL,
  `full_name` varchar(100) DEFAULT NULL,
  `role` enum('admin','staff','supervisor') NOT NULL DEFAULT 'staff',
  `created_at` timestamp NULL DEFAULT current_timestamp()
) ENGINE=InnoDB DEFAULT CHARSET=utf8mb4 COLLATE=utf8mb4_general_ci;

--
-- Dumping data for table `users`
--

INSERT INTO `users` (`user_id`, `username`, `email`, `password_hash`, `full_name`, `role`, `created_at`) VALUES
(1, 'admin', NULL, '$2y$10$Lz6oPEt0sw95yFnVm6YY7ucuYsbjZcTzIaLgvnQfaKRM2NRT/APp.', 'Administrator', 'admin', '2025-05-29 09:08:25'),
(5, 'user', NULL, '$2y$10$QGXYpghwjr.0l/gmV792qeA53h6W5nz7gQJrU38N1EZHIqn4c8DEa', 'Staff CSSD', 'staff', '2025-06-11 00:06:39'),
(6, 'spv', NULL, '$2y$10$bLBMHCgAzEdfLZjFvAlPpe8.cW4b7zwAL7NJzmcQj.mxxyAa49U/e', 'Supervisor', 'supervisor', '2025-06-27 23:47:22'),
(7, 'staff', NULL, '$2y$10$8raTazNpLTXcHXR5Hy92x.5dyaOxT5ptrEIjq7YpnMrBDVntoTvLG', 'Staff EDR', 'staff', '2025-06-28 18:06:08'),
(8, 'demo', NULL, '$2y$10$ARZnWNzvHH0Pi8kKujUC0O/uSMLfs.Cr76uorKVFsk68XeMgqzalm', 'Demo', 'supervisor', '2025-07-01 09:21:57');

-- --------------------------------------------------------

--
-- Table structure for table `user_notifications`
--

CREATE TABLE `user_notifications` (
  `notification_id` int(11) NOT NULL,
  `user_id` int(11) NOT NULL COMMENT 'ID pengguna penerima notifikasi',
  `icon` varchar(50) DEFAULT 'campaign',
  `title` varchar(255) NOT NULL,
  `message` text NOT NULL,
  `link` varchar(255) DEFAULT NULL,
  `is_read` tinyint(1) NOT NULL DEFAULT 0,
  `created_at` timestamp NOT NULL DEFAULT current_timestamp()
) ENGINE=InnoDB DEFAULT CHARSET=utf8mb4 COLLATE=utf8mb4_general_ci;

--
-- Indexes for dumped tables
--

--
-- Indexes for table `activity_log`
--
ALTER TABLE `activity_log`
  ADD PRIMARY KEY (`log_id`),
  ADD KEY `idx_user_id` (`user_id`),
  ADD KEY `idx_action_type` (`action_type`),
  ADD KEY `idx_target` (`target_type`,`target_id`);

--
-- Indexes for table `api_keys`
--
ALTER TABLE `api_keys`
  ADD PRIMARY KEY (`id`),
  ADD UNIQUE KEY `api_key` (`api_key`);

--
-- Indexes for table `app_settings`
--
ALTER TABLE `app_settings`
  ADD PRIMARY KEY (`setting_name`);

--
-- Indexes for table `departments`
--
ALTER TABLE `departments`
  ADD PRIMARY KEY (`department_id`),
  ADD UNIQUE KEY `department_name_unique` (`department_name`);

--
-- Indexes for table `instruments`
--
ALTER TABLE `instruments`
  ADD PRIMARY KEY (`instrument_id`),
  ADD UNIQUE KEY `instrument_code` (`instrument_code`),
  ADD KEY `created_by_user_id` (`created_by_user_id`),
  ADD KEY `fk_instrument_type` (`instrument_type_id`),
  ADD KEY `fk_instrument_department` (`department_id`);

--
-- Indexes for table `instrument_history`
--
ALTER TABLE `instrument_history`
  ADD PRIMARY KEY (`history_id`),
  ADD KEY `fk_history_instrument` (`instrument_id`),
  ADD KEY `fk_history_user` (`user_id`);

--
-- Indexes for table `instrument_sets`
--
ALTER TABLE `instrument_sets`
  ADD PRIMARY KEY (`set_id`),
  ADD UNIQUE KEY `set_code` (`set_code`),
  ADD KEY `created_by_user_id` (`created_by_user_id`);

--
-- Indexes for table `instrument_set_items`
--
ALTER TABLE `instrument_set_items`
  ADD PRIMARY KEY (`set_item_id`),
  ADD UNIQUE KEY `unique_set_instrument` (`set_id`,`instrument_id`),
  ADD KEY `instrument_id` (`instrument_id`);

--
-- Indexes for table `instrument_types`
--
ALTER TABLE `instrument_types`
  ADD PRIMARY KEY (`type_id`),
  ADD UNIQUE KEY `type_name_unique` (`type_name`);

--
-- Indexes for table `machines`
--
ALTER TABLE `machines`
  ADD PRIMARY KEY (`machine_id`),
  ADD UNIQUE KEY `machine_code_unique` (`machine_code`);

--
-- Indexes for table `packaging_types`
--
ALTER TABLE `packaging_types`
  ADD PRIMARY KEY (`packaging_type_id`),
  ADD UNIQUE KEY `packaging_name` (`packaging_name`);

--
-- Indexes for table `print_queue`
--
ALTER TABLE `print_queue`
  ADD PRIMARY KEY (`queue_id`),
  ADD UNIQUE KEY `unique_record_id` (`record_id`),
  ADD KEY `fk_queue_to_record` (`record_id`),
  ADD KEY `fk_queue_to_load` (`load_id`);

--
-- Indexes for table `sterilization_cycles`
--
ALTER TABLE `sterilization_cycles`
  ADD PRIMARY KEY (`cycle_id`),
  ADD UNIQUE KEY `cycle_number_unique` (`cycle_number`),
  ADD KEY `fk_cycle_operator` (`operator_user_id`);

--
-- Indexes for table `sterilization_loads`
--
ALTER TABLE `sterilization_loads`
  ADD PRIMARY KEY (`load_id`),
  ADD KEY `fk_load_user` (`created_by_user_id`),
  ADD KEY `fk_load_cycle` (`cycle_id`),
  ADD KEY `fk_load_to_machine` (`machine_id`),
  ADD KEY `fk_load_to_department` (`destination_department_id`),
  ADD KEY `packaging_type_id` (`packaging_type_id`);

--
-- Indexes for table `sterilization_load_items`
--
ALTER TABLE `sterilization_load_items`
  ADD PRIMARY KEY (`load_item_id`),
  ADD KEY `fk_item_to_load` (`load_id`);

--
-- Indexes for table `sterilization_records`
--
ALTER TABLE `sterilization_records`
  ADD PRIMARY KEY (`record_id`),
  ADD UNIQUE KEY `label_unique_id` (`label_unique_id`),
  ADD KEY `created_by_user_id` (`created_by_user_id`),
  ADD KEY `idx_item_id_type` (`item_id`,`item_type`),
  ADD KEY `idx_status` (`status`),
  ADD KEY `idx_expiry_date` (`expiry_date`),
  ADD KEY `fk_validated_by` (`validated_by_user_id`),
  ADD KEY `fk_record_to_cycle` (`cycle_id`),
  ADD KEY `fk_label_destination_dept` (`destination_department_id`),
  ADD KEY `fk_record_to_load` (`load_id`),
  ADD KEY `fk_record_to_load_item` (`load_item_id`);

--
-- Indexes for table `users`
--
ALTER TABLE `users`
  ADD PRIMARY KEY (`user_id`),
  ADD UNIQUE KEY `username` (`username`),
  ADD UNIQUE KEY `email` (`email`);

--
-- Indexes for table `user_notifications`
--
ALTER TABLE `user_notifications`
  ADD PRIMARY KEY (`notification_id`),
  ADD KEY `idx_user_read_status` (`user_id`,`is_read`);

--
-- AUTO_INCREMENT for dumped tables
--

--
-- AUTO_INCREMENT for table `activity_log`
--
ALTER TABLE `activity_log`
  MODIFY `log_id` int(11) NOT NULL AUTO_INCREMENT, AUTO_INCREMENT=594;

--
-- AUTO_INCREMENT for table `api_keys`
--
ALTER TABLE `api_keys`
  MODIFY `id` int(11) NOT NULL AUTO_INCREMENT, AUTO_INCREMENT=2;

--
-- AUTO_INCREMENT for table `departments`
--
ALTER TABLE `departments`
  MODIFY `department_id` int(11) NOT NULL AUTO_INCREMENT, AUTO_INCREMENT=13;

--
-- AUTO_INCREMENT for table `instruments`
--
ALTER TABLE `instruments`
  MODIFY `instrument_id` int(11) NOT NULL AUTO_INCREMENT, AUTO_INCREMENT=2050;

--
-- AUTO_INCREMENT for table `instrument_history`
--
ALTER TABLE `instrument_history`
  MODIFY `history_id` int(11) NOT NULL AUTO_INCREMENT, AUTO_INCREMENT=14;

--
-- AUTO_INCREMENT for table `instrument_sets`
--
ALTER TABLE `instrument_sets`
  MODIFY `set_id` int(11) NOT NULL AUTO_INCREMENT, AUTO_INCREMENT=84;

--
-- AUTO_INCREMENT for table `instrument_set_items`
--
ALTER TABLE `instrument_set_items`
  MODIFY `set_item_id` int(11) NOT NULL AUTO_INCREMENT, AUTO_INCREMENT=1463;

--
-- AUTO_INCREMENT for table `instrument_types`
--
ALTER TABLE `instrument_types`
  MODIFY `type_id` int(11) NOT NULL AUTO_INCREMENT, AUTO_INCREMENT=10;

--
-- AUTO_INCREMENT for table `machines`
--
ALTER TABLE `machines`
  MODIFY `machine_id` int(11) NOT NULL AUTO_INCREMENT, AUTO_INCREMENT=9;

--
-- AUTO_INCREMENT for table `packaging_types`
--
ALTER TABLE `packaging_types`
  MODIFY `packaging_type_id` int(11) NOT NULL AUTO_INCREMENT, AUTO_INCREMENT=4;

--
-- AUTO_INCREMENT for table `print_queue`
--
ALTER TABLE `print_queue`
  MODIFY `queue_id` int(11) NOT NULL AUTO_INCREMENT, AUTO_INCREMENT=360;

--
-- AUTO_INCREMENT for table `sterilization_cycles`
--
ALTER TABLE `sterilization_cycles`
  MODIFY `cycle_id` int(11) NOT NULL AUTO_INCREMENT, AUTO_INCREMENT=79;

--
-- AUTO_INCREMENT for table `sterilization_loads`
--
ALTER TABLE `sterilization_loads`
  MODIFY `load_id` int(11) NOT NULL AUTO_INCREMENT, AUTO_INCREMENT=110;

--
-- AUTO_INCREMENT for table `sterilization_load_items`
--
ALTER TABLE `sterilization_load_items`
  MODIFY `load_item_id` int(11) NOT NULL AUTO_INCREMENT, AUTO_INCREMENT=286;

--
-- AUTO_INCREMENT for table `sterilization_records`
--
ALTER TABLE `sterilization_records`
  MODIFY `record_id` int(11) NOT NULL AUTO_INCREMENT, AUTO_INCREMENT=334;

--
-- AUTO_INCREMENT for table `users`
--
ALTER TABLE `users`
  MODIFY `user_id` int(11) NOT NULL AUTO_INCREMENT, AUTO_INCREMENT=10;

--
-- AUTO_INCREMENT for table `user_notifications`
--
ALTER TABLE `user_notifications`
  MODIFY `notification_id` int(11) NOT NULL AUTO_INCREMENT, AUTO_INCREMENT=24;

--
-- Constraints for dumped tables
--

--
-- Constraints for table `instruments`
--
ALTER TABLE `instruments`
  ADD CONSTRAINT `fk_instrument_department` FOREIGN KEY (`department_id`) REFERENCES `departments` (`department_id`) ON UPDATE CASCADE,
  ADD CONSTRAINT `fk_instrument_type` FOREIGN KEY (`instrument_type_id`) REFERENCES `instrument_types` (`type_id`) ON DELETE SET NULL ON UPDATE CASCADE,
  ADD CONSTRAINT `instruments_ibfk_1` FOREIGN KEY (`created_by_user_id`) REFERENCES `users` (`user_id`) ON DELETE SET NULL;

--
-- Constraints for table `instrument_history`
--
ALTER TABLE `instrument_history`
  ADD CONSTRAINT `fk_history_instrument` FOREIGN KEY (`instrument_id`) REFERENCES `instruments` (`instrument_id`) ON DELETE CASCADE ON UPDATE CASCADE,
  ADD CONSTRAINT `fk_history_user` FOREIGN KEY (`user_id`) REFERENCES `users` (`user_id`) ON DELETE SET NULL ON UPDATE CASCADE;

--
-- Constraints for table `instrument_sets`
--
ALTER TABLE `instrument_sets`
  ADD CONSTRAINT `instrument_sets_ibfk_1` FOREIGN KEY (`created_by_user_id`) REFERENCES `users` (`user_id`) ON DELETE SET NULL;

--
-- Constraints for table `instrument_set_items`
--
ALTER TABLE `instrument_set_items`
  ADD CONSTRAINT `instrument_set_items_ibfk_1` FOREIGN KEY (`set_id`) REFERENCES `instrument_sets` (`set_id`) ON DELETE CASCADE,
  ADD CONSTRAINT `instrument_set_items_ibfk_2` FOREIGN KEY (`instrument_id`) REFERENCES `instruments` (`instrument_id`) ON DELETE CASCADE;

--
-- Constraints for table `print_queue`
--
ALTER TABLE `print_queue`
  ADD CONSTRAINT `fk_queue_to_load` FOREIGN KEY (`load_id`) REFERENCES `sterilization_loads` (`load_id`) ON DELETE CASCADE,
  ADD CONSTRAINT `fk_queue_to_record` FOREIGN KEY (`record_id`) REFERENCES `sterilization_records` (`record_id`) ON DELETE CASCADE;

--
-- Constraints for table `sterilization_cycles`
--
ALTER TABLE `sterilization_cycles`
  ADD CONSTRAINT `fk_cycle_operator` FOREIGN KEY (`operator_user_id`) REFERENCES `users` (`user_id`) ON DELETE SET NULL ON UPDATE CASCADE;

--
-- Constraints for table `sterilization_loads`
--
ALTER TABLE `sterilization_loads`
  ADD CONSTRAINT `fk_load_cycle` FOREIGN KEY (`cycle_id`) REFERENCES `sterilization_cycles` (`cycle_id`) ON DELETE SET NULL,
  ADD CONSTRAINT `fk_load_to_department` FOREIGN KEY (`destination_department_id`) REFERENCES `departments` (`department_id`) ON DELETE SET NULL ON UPDATE CASCADE,
  ADD CONSTRAINT `fk_load_to_machine` FOREIGN KEY (`machine_id`) REFERENCES `machines` (`machine_id`) ON DELETE SET NULL,
  ADD CONSTRAINT `fk_load_user` FOREIGN KEY (`created_by_user_id`) REFERENCES `users` (`user_id`) ON DELETE SET NULL;

--
-- Constraints for table `sterilization_load_items`
--
ALTER TABLE `sterilization_load_items`
  ADD CONSTRAINT `fk_item_to_load` FOREIGN KEY (`load_id`) REFERENCES `sterilization_loads` (`load_id`) ON DELETE CASCADE;

--
-- Constraints for table `sterilization_records`
--
ALTER TABLE `sterilization_records`
  ADD CONSTRAINT `fk_label_destination_dept` FOREIGN KEY (`destination_department_id`) REFERENCES `departments` (`department_id`) ON DELETE SET NULL,
  ADD CONSTRAINT `fk_record_to_cycle` FOREIGN KEY (`cycle_id`) REFERENCES `sterilization_cycles` (`cycle_id`) ON DELETE SET NULL ON UPDATE CASCADE,
  ADD CONSTRAINT `fk_record_to_load` FOREIGN KEY (`load_id`) REFERENCES `sterilization_loads` (`load_id`) ON DELETE SET NULL,
  ADD CONSTRAINT `fk_validated_by` FOREIGN KEY (`validated_by_user_id`) REFERENCES `users` (`user_id`) ON DELETE SET NULL ON UPDATE CASCADE,
  ADD CONSTRAINT `sterilization_records_ibfk_1` FOREIGN KEY (`created_by_user_id`) REFERENCES `users` (`user_id`) ON DELETE SET NULL;
COMMIT;

/*!40101 SET CHARACTER_SET_CLIENT=@OLD_CHARACTER_SET_CLIENT */;
/*!40101 SET CHARACTER_SET_RESULTS=@OLD_CHARACTER_SET_RESULTS */;
/*!40101 SET COLLATION_CONNECTION=@OLD_COLLATION_CONNECTION */;
